id,peps,label
1,AEAEAEAEAKAKAKAK,1.0
2,GGGGDD,1.0
3,GFFLGLDD,1.0
4,QEIARLEQEIARLEYEIARLE,1.0
5,NNQQNY,1.0
6,AILSS,1.0
7,YVIFL,1.0
8,CEIEIQI,1.0
9,CEIEIQINM,1.0
10,KFFAAK,1.0
11,EFFAAE,1.0
12,GGGGGGGGGGDD,1.0
13,GGVVIA,1.0
14,FKFEFKFE,1.0
15,CEIEIQINMWQ,1.0
16,QQEFQWQFRQQ,1.0
17,NININI,1.0
18,ISDNL,1.0
19,NFGAIL,1.0
20,WRWRWRWR,1.0
21,CKAKAQANM,1.0
22,YYACAYY,1.0
23,CKAKAQANMWQ,1.0
24,CKFKFQFNMWQ,1.0
25,VQIVYK,1.0
26,FTISD,1.0
27,FFKLVFF,1.0
28,LDFPI,1.0
29,FFVLK,1.0
30,AAVVLLLWEE,1.0
31,CKIKIQINMWQ,1.0
32,CSISIQI,1.0
33,AAAAAAK,1.0
34,GFFLG,1.0
35,CSISIQINM,1.0
36,FFALGLAGKK,1.0
37,AAAAAAD,1.0
38,GGGGGGGGDD,1.0
39,FAGFT,1.0
40,RARADADARARADADA,1.0
41,WRWRWR,1.0
42,YVVFV,1.0
43,FFGAAGLDGD,1.0
44,AAVVLLLWEEEEEEE,1.0
45,FFGAAGLKGK,1.0
46,ITSVV,1.0
47,FFGALGLDGD,1.0
48,VVEE,1.0
49,WRWRWRWRWR,1.0
50,KLVFF,1.0
51,GFFL,1.0
52,GAVILRR,1.0
53,NVVVVY,1.0
54,SFSFSF,1.0
55,KLVFFAE,1.0
56,FFGALGLKGK,1.0
57,FFGPAGLDGD,1.0
58,FFGPLGLDGD,1.0
59,NVVQIY,1.0
60,YFTEF,1.0
61,FKFEFKFEFKFE,1.0
62,LLLLLLKK,1.0
63,DFY,1.0
64,AAAAAAAAAAAARR,1.0
65,VEVE,1.0
66,VVVVVVDD,1.0
67,YVVFL,1.0
68,VVVVVVK,1.0
69,SSTSAA,1.0
70,AEAEAKAKAEAEAKAK,1.0
71,FFVDF,1.0
72,VVVVVVKK,1.0
73,YVNAKQYYRILKRRY,1.0
74,FFPLGLAGDD,1.0
75,NVQVVY,1.0
76,INHVGGTGGAIMAPVAVTRQLVGS,1.0
77,FGAIL,1.0
78,GNNQQNY,1.0
79,FFPLGLAGKK,1.0
80,FFSGHFDFF,1.0
81,GFIL,1.0
82,VVVVVVD,1.0
83,FGFHFSFDF,1.0
84,WVNAKQYWRILKRRW,1.0
85,RFRFRFRF,1.0
86,RADARADARADARADA,1.0
87,IKVAV,1.0
88,GGGGGGDD,1.0
89,PRFRFRFRF,1.0
90,FGFDP,1.0
91,IIIK,1.0
92,GAIL,1.0
93,NNVVNY,1.0
94,LLLLLLDD,1.0
95,LIVGD,1.0
96,IIIIIIKK,1.0
97,KAKAQA,1.0
98,KAKAQAN,1.0
99,KAKAQANMWQ,1.0
100,KFG,1.0
101,KFKFQF,1.0
102,KFKFQFN,1.0
103,KFKFQFNMWQ,1.0
104,KIKIQINM,1.0
105,KIKIQINMWQ,1.0
106,KLDLKLDLKLDL,1.0
107,KYF,1.0
108,FFGPLGLKGK,1.0
109,FFGPAGLKGK,1.0
110,VKVRVRVRVPPTRVRVRVKV,1.0
111,VRVRVRVRVPPTRVRVRVRV,1.0
112,VKVKVRVRVPPTRVRVKVKV,1.0
113,VKVKVKVRVPPTRVKVKVKV,1.0
114,GGGAAAVVVIIIKKK,1.0
115,KKKIIIVVVAAAGGG,1.0
116,KKKGGGAAAVVVIII,1.0
117,VVVGGGIIIAAAKKK,1.0
118,KKKAAAIIIGGGVVV,1.0
119,IIIVVVAAAGGGKKK,1.0
120,LIVAGD,1.0
121,ILVAGD,1.0
122,LIVAAD,1.0
123,LAVAGD,1.0
124,AIVAGD,1.0
125,LIVAGE,1.0
126,LIVAGK,1.0
127,LIVAGS,1.0
128,ILVAGS,1.0
129,AIVAGS,1.0
130,LIVAGT,1.0
131,AIVAGT,1.0
132,LIVAD,1.0
133,IVAD,1.0
134,IVD,1.0
135,IID,1.0
136,MEMEMKMKMEMEMKMK,1.0
137,NYNYNYN,1.0
138,QYQYQYQ,1.0
139,SYSYSYS,1.0
140,GYGYGYG,1.0
141,NYNNYN,1.0
142,QYQQYQ,1.0
143,SYSSYS,1.0
144,LFF,1.0
145,AAKAAAKAAAKAAAKA,1.0
146,CKAKAQA,1.0
147,CKFKFQF,1.0
148,CKFKFQFNM,1.0
149,CKIKIQI,1.0
150,CKIKIQIN,1.0
151,CKIKQII,1.0
152,CKIKQIINM,1.0
153,CKIKQIINMWQ,1.0
154,KASAKAEAKAEAKASA,1.0
155,KIKQIINM,1.0
156,KIKQIINMWQ,1.0
157,MKIKIQI,1.0
158,PPPPPPPPPPRKKRRQRRR,1.0
159,PPPPPPPPPPRRR,1.0
160,MKFKFQF,1.0
161,RADARADFRADARADA,1.0
162,RADFRADARADARADA,1.0
163,RATARAEARATARAEA,1.0
164,NFGSVQ,1.0
165,QMAVHV,1.0
166,YFCFY,1.0
167,RATARAEFRATARAEA,1.0
168,SAEAKAEAKAEASAEA,1.0
169,YTIAALLSPYS,1.0
170,YTVIIE,1.0
171,WTVIIE,1.0
172,VTVIIE,1.0
173,TTVIIE,1.0
174,SYVIIE,1.0
175,SVVIIE,1.0
176,STVYIE,1.0
177,STVWIE,1.0
178,STVTIE,1.0
179,STVNIE,1.0
180,STVLIE,1.0
181,STVIYE,1.0
182,STVIIY,1.0
183,STVIIW,1.0
184,STVIIV,1.0
185,STVIIT,1.0
186,STVIIS,1.0
187,STVIIQ,1.0
188,STVIIN,1.0
189,STVIIM,1.0
190,STVIIL,1.0
191,STVIII,1.0
192,STVIIF,1.0
193,STVIIE,1.0
194,STVIID,1.0
195,STVIIA,1.0
196,STVIFE,1.0
197,STVFIE,1.0
198,STVEIE,1.0
199,STSIIE,1.0
200,STQIIE,1.0
201,STNIIE,1.0
202,STLIIE,1.0
203,STFIIE,1.0
204,STEIIE,1.0
205,SSVIIE,1.0
206,SQVIIE,1.0
207,SNVIIE,1.0
208,SMVIIE,1.0
209,SLVIIE,1.0
210,SIVIIE,1.0
211,SGVIIE,1.0
212,SFVIIE,1.0
213,SEVIIE,1.0
214,SDVIIE,1.0
215,SAVIIE,1.0
216,QTVIIE,1.0
217,NTVIIE,1.0
218,MTVIIE,1.0
219,LTVIIE,1.0
220,ITVIIE,1.0
221,GTVIIE,1.0
222,FTVIIE,1.0
223,ETVIIE,1.0
224,DTVIIE,1.0
225,ATVIIE,1.0
226,NHVTLS,1.0
227,LLYYTE,1.0
228,KIVKWD,1.0
229,KDWSFY,1.0
230,FYLLYY,1.0
231,VEALYL,1.0
232,LYQLEN,1.0
233,LVEALY,1.0
234,FLVHSS,1.0
235,KKSLSLSLSLSLSLKK,1.0
236,AAVVLLLW,1.0
237,VVVVV,1.0
238,FKFEF,1.0
239,VKVEV,1.0
240,VKVFF,1.0
241,KFFFE,1.0
242,KFAFD,1.0
243,SYCGY,1.0
244,FFEKF,1.0
245,RWLDY,1.0
246,KWEFY,1.0
247,FKIDF,1.0
248,KWMDF,1.0
249,KFFDY,1.0
250,TWCCTTF,1.0
251,SEWLI,1.0
252,IMVHCN,1.0
253,WTCLRQ,1.0
254,WWRYR,1.0
255,WEVHF,1.0
256,WPGVWQMMGY,1.0
257,VFYISG,1.0
258,CHVYP,1.0
259,YRVYDEFFF,1.0
260,FKDWWA,1.0
261,ILTHF,1.0
262,FQWPFPWWE,1.0
263,KFDKFT,1.0
264,YTFWV,1.0
265,RDFWITIH,1.0
266,TWPVYAV,1.0
267,TLMWDCS,1.0
268,TCWRET,1.0
269,NNWLF,1.0
270,VSFAWCYCH,1.0
271,RWVDRMGFFY,1.0
272,IILVPLIF,1.0
273,ESRLH,1.0
274,CAHAFWMWNI,1.0
275,KISVVIF,1.0
276,PMCFIYM,1.0
277,FWHNI,1.0
278,LCCHCS,1.0
279,CIWNIHVDHK,1.0
280,VHHLQL,1.0
281,SGHYS,1.0
282,MVYRWVIFMM,1.0
283,INHSVV,1.0
284,LLGNY,1.0
285,IVYWN,1.0
286,TFMNVH,1.0
287,SVFRL,1.0
288,MCWPS,1.0
289,LEPKH,1.0
290,NHWKYY,1.0
291,TVRYLGPVYA,1.0
292,MLHWR,1.0
293,MSIPCM,1.0
294,PYPAM,1.0
295,HTWMMS,1.0
296,EYKCM,1.0
297,AIWEPY,1.0
298,SLDTWTC,1.0
299,LNHHG,1.0
300,PFPWAWLFT,1.0
301,GTYGFVYTWA,1.0
302,YPNMT,1.0
303,YIWII,1.0
304,VRLCCCIWIM,1.0
305,HFIFRPH,1.0
306,GSFLT,1.0
307,VKPDMY,1.0
308,FFIGTACL,1.0
309,HNTVF,1.0
310,VDYYG,1.0
311,WCFRNWV,1.0
312,FCEFKCVVHS,1.0
313,NPCYIV,1.0
314,KQMFYT,1.0
315,ARWYGL,1.0
316,HQWVRWN,1.0
317,GIFWA,1.0
318,SPHAYWLHWG,1.0
319,PWVGCTT,1.0
320,VEAHHW,1.0
321,IIADLW,1.0
322,MYFKLKHMMW,1.0
323,NWRIL,1.0
324,QVVWNFHG,1.0
325,FKNAY,1.0
326,RFDINFH,1.0
327,FLMFHWK,1.0
328,CCVSL,1.0
329,EVVYFFW,1.0
330,HFMCVKC,1.0
331,AHWSL,1.0
332,HRCPF,1.0
333,CWINTIHL,1.0
334,RHIVH,1.0
335,HDWVGHM,1.0
336,PWRLPHNSY,1.0
337,WVLVHT,1.0
338,NMISH,1.0
339,ELLCNWWHSG,1.0
340,HYAVQMCVFR,1.0
341,VRAHML,1.0
342,FMHEK,1.0
343,LYQVA,1.0
344,WQFHYE,1.0
345,QYCPS,1.0
346,HMMFFM,1.0
347,VIWII,1.0
348,KNFVC,1.0
349,FMTYMCV,1.0
350,FRTAEWV,1.0
351,CMMCVSH,1.0
352,DHVYL,1.0
353,SACYC,1.0
354,YMMMT,1.0
355,PFTVPVWETK,1.0
356,IKVWHPIP,1.0
357,KHGVW,1.0
358,KYDPT,1.0
359,ATFQL,1.0
360,ALKCW,1.0
361,AVIFTLDYHC,1.0
362,YQPTKHNFWT,1.0
363,PAMTYVTLTI,1.0
364,PHHIFKGW,1.0
365,MFMSAYDFC,1.0
366,HEWCWW,1.0
367,PYWSSRMQII,1.0
368,CEHMV,1.0
369,YAMVKFEYQG,1.0
370,RWQNLW,1.0
371,VGPIYERH,1.0
372,RISNRNWVHW,1.0
373,LITWMQ,1.0
374,MPHRF,1.0
375,RGYWP,1.0
376,EWWYIFWQWA,1.0
377,NWWYPYFTSS,1.0
378,VTTFS,1.0
379,NSKFFW,1.0
380,FETKW,1.0
381,IKVCH,1.0
382,IFCSRIRCFH,1.0
383,KCMYII,1.0
384,PFFPMCCP,1.0
385,YMCCQH,1.0
386,FFVFH,1.0
387,FKLSA,1.0
388,LCHKEML,1.0
389,AIHHHS,1.0
390,VHWYWRGIAH,1.0
391,WVWTSCSYC,1.0
392,IMIHD,1.0
393,LPVAS,1.0
394,NVSGFYFP,1.0
395,HNMLLCQCWR,1.0
396,FICWHLLL,1.0
397,WVPLL,1.0
398,MHHFG,1.0
399,WVDWKQLV,1.0
400,TRYTLWI,1.0
401,SPCFM,1.0
402,IQLHHFIDVR,1.0
403,CSMVC,1.0
404,EIIWWMC,1.0
405,WITWGVC,1.0
406,EMYTLH,1.0
407,WAGKY,1.0
408,IWNSWAFSW,1.0
409,YRSGWFL,1.0
410,FQLWIICQGM,1.0
411,PSYISK,1.0
412,TFINSH,1.0
413,PPWQWTDRWC,1.0
414,HTVFFLQ,1.0
415,LWYAMVMIML,1.0
416,NHFMSIWR,1.0
417,QAMVF,1.0
418,IYPHMGLPW,1.0
419,HPTVH,1.0
420,WDMLLFYT,1.0
421,QTWPG,1.0
422,SCHWG,1.0
423,TYDKMFHYIT,1.0
424,FFYKCNHS,1.0
425,HYFHLWHKPT,1.0
426,MLRQGSGYYF,1.0
427,AAWTP,1.0
428,YCRWIQ,1.0
429,CMVQLY,1.0
430,LTFAFA,1.0
431,WRLCLFG,1.0
432,MEFQSFMAIV,1.0
433,RCICWFP,1.0
434,WKTLCKDFLA,1.0
435,FPWKDFHPYS,1.0
436,MPLFTNMTFS,1.0
437,PPMYLPHAHH,1.0
438,GWAYH,1.0
439,QWVFYA,1.0
440,CEYCG,1.0
441,FANTV,1.0
442,CQMWS,1.0
443,KAPWFYVAF,1.0
444,PRCFDWV,1.0
445,HMWCQ,1.0
446,FSCWMPEHY,1.0
447,NSSWA,1.0
448,CLSCYNS,1.0
449,KTEVWATYLM,1.0
450,EFCFC,1.0
451,FSWTDW,1.0
452,NIHLTWQ,1.0
453,WEFMGT,1.0
454,IGTYI,1.0
455,TLYYSWTSNG,1.0
456,VKVECQYHWP,1.0
457,NFMTMWL,1.0
458,HALQMYDWYW,1.0
459,FIHLN,1.0
460,HARFDTFLYT,1.0
461,QWLFNHV,1.0
462,DHDLIFFFW,1.0
463,PFLWC,1.0
464,IARFTC,1.0
465,IYMCIA,1.0
466,SYWCY,1.0
467,LCCYGSYHYN,1.0
468,VIFHN,1.0
469,LAKSFH,1.0
470,CVSMYKNF,1.0
471,WGYTWWR,1.0
472,VEWLLTF,1.0
473,AYTFC,1.0
474,LLHCR,1.0
475,SHLHP,1.0
476,LFNMW,1.0
477,ISICI,1.0
478,QWVGI,1.0
479,FDDTELFWSF,1.0
480,RWCLNTQVPW,1.0
481,VRHYS,1.0
482,SFWRGW,1.0
483,FQSHI,1.0
484,YKSMSANHVW,1.0
485,VTLCY,1.0
486,MPWFECL,1.0
487,FLWLMGIMP,1.0
488,GGIYW,1.0
489,LYQYFN,1.0
490,ISFSMK,1.0
491,AYARNFCLLF,1.0
492,TVSYNL,1.0
493,HYAVYYFPLR,1.0
494,DFRIAWY,1.0
495,QNWTH,1.0
496,MSLHI,1.0
497,FCPSAKEHY,1.0
498,MLRYKEYMPC,1.0
499,PHCSEMY,1.0
500,SQAWP,1.0
501,VYIWW,1.0
502,HFSKASHFWK,1.0
503,TITRVSWDPY,1.0
504,KNVWPP,1.0
505,WMMYG,1.0
506,FCEFK,1.0
507,WGRFI,1.0
508,LSFDA,1.0
509,RWSWMV,1.0
510,WMQCM,1.0
511,HTWRMV,1.0
512,WVMMN,1.0
513,AFVFEH,1.0
514,SLSVS,1.0
515,KENFYS,1.0
516,MFYQW,1.0
517,WLISNTNMHF,1.0
518,AFWSIC,1.0
519,RPKWFWY,1.0
520,IRLLSWWHS,1.0
521,VKMFL,1.0
522,FSQHCVMFAK,1.0
523,YLCLMHPRVD,1.0
524,RRISLMFCFY,1.0
525,TIPHQAPILH,1.0
526,YRFYYV,1.0
527,ILFTVSPS,1.0
528,WEWCAY,1.0
529,GKWCM,1.0
530,HTYRV,1.0
531,FVSRTWGVVY,1.0
532,WWHYITGYR,1.0
533,IGHWCSM,1.0
534,VNCWTKMYCM,1.0
535,KVLYWTV,1.0
536,YSDRF,1.0
537,RWVQSWG,1.0
538,DTISF,1.0
539,YHYMPYMY,1.0
540,WGLAWHK,1.0
541,MMIMDY,1.0
542,WNIFLWF,1.0
543,VKHWK,1.0
544,HIQYSI,1.0
545,FMHIYL,1.0
546,LFWRCCHE,1.0
547,VQWFKSM,1.0
548,LIICTL,1.0
549,FHFIYQMSRT,1.0
550,RLMWICFFS,1.0
551,FDMWPH,1.0
552,VRLPCYQQFW,1.0
553,ANFCP,1.0
554,ASVWWVCWRH,1.0
555,GNVFT,1.0
556,WRPLE,1.0
557,IHSCFYFQWN,1.0
558,RWMFYPP,1.0
559,HNWANTEFLY,1.0
560,HHGYHP,1.0
561,EHPMW,1.0
562,CHPWVVMS,1.0
563,CPMTEY,1.0
564,YMDPKFC,1.0
565,FIQHW,1.0
566,FLCEW,1.0
567,VWPWY,1.0
568,LVHSY,1.0
569,YLSFN,1.0
570,GKHRVFYDWP,1.0
571,KMIMF,1.0
572,RAPQWFPC,1.0
573,FFYRKHIW,1.0
574,YQMWIFSTHT,1.0
575,NFICTHLMCF,1.0
576,FKNIF,1.0
577,RHTWV,1.0
578,RFQLFS,1.0
579,HPIWRSFGGD,1.0
580,GNHIF,1.0
581,MLVCAP,1.0
582,DALCLWYRW,1.0
583,VHLYYNWSM,1.0
584,YYWYH,1.0
585,SVPTPHW,1.0
586,PIFNIKECRF,1.0
587,CVNAPY,1.0
588,YYDLIGAFNW,1.0
589,FWAVY,1.0
590,VTWWDSK,1.0
591,YCPHDHLH,1.0
592,VLYIHRLHV,1.0
593,IYPKWAICW,1.0
594,MVLWCQ,1.0
595,MFSYPIYCVQ,1.0
596,KSIYLMKISW,1.0
597,MTYPFGMVVI,1.0
598,QWLLH,1.0
599,LCRCHMM,1.0
600,WRFMHD,1.0
601,IFWKF,1.0
602,LPWRACPLW,1.0
603,KTWITA,1.0
604,VCFCTN,1.0
605,SWPVPT,1.0
606,AWPKC,1.0
607,MIQYAMCF,1.0
608,FIQFN,1.0
609,TMMRSWEHCA,1.0
610,KTTFW,1.0
611,EPWLC,1.0
612,KCVDQW,1.0
613,SVCIRYQPIW,1.0
614,MACWFTIF,1.0
615,PFHTNPDKVW,1.0
616,INYWQ,1.0
617,PWRVWKF,1.0
618,CFIWHVYW,1.0
619,FRILIYT,1.0
620,LWKQH,1.0
621,FPCASQWWEY,1.0
622,WIMMSKV,1.0
623,LYGDWY,1.0
624,RVCWAWSWVP,1.0
625,HAGMTWWM,1.0
626,KLSHE,1.0
627,HPCVDRKWP,1.0
628,CHSYT,1.0
629,NVIWFSK,1.0
630,IFLALIGF,1.0
631,IVLPFWPQ,1.0
632,RMYYG,1.0
633,TKLYV,1.0
634,CLGLWPCCVC,1.0
635,PHMFVYS,1.0
636,VSKFSPLL,1.0
637,YMALHRW,1.0
638,EYWAFVIRWN,1.0
639,TWKIIMCY,1.0
640,NITWWEH,1.0
641,WWHAE,1.0
642,HYWVM,1.0
643,WMESKYT,1.0
644,LDYWPN,1.0
645,VCVVTH,1.0
646,QYYGL,1.0
647,CAFKT,1.0
648,HWNLC,1.0
649,YPPAF,1.0
650,LCWQH,1.0
651,PNILF,1.0
652,FVVHIPP,1.0
653,APLWFK,1.0
654,VTKLVVW,1.0
655,IDLFPGF,1.0
656,TAVSFWN,1.0
657,VPRFVSHM,1.0
658,SLMHYVNLLY,1.0
659,KTWTFM,1.0
660,LYRST,1.0
661,ILWQTSY,1.0
662,FPPIKT,1.0
663,WKMFWTWC,1.0
664,FINIWTK,1.0
665,LHCCF,1.0
666,YQWNI,1.0
667,WNHFM,1.0
668,GYWMVD,1.0
669,ICMYV,1.0
670,FSIWCR,1.0
671,WTENWWIWAE,1.0
672,IVFWF,1.0
673,PFFRIVMRIF,1.0
674,HLIAVC,1.0
675,WSVTYA,1.0
676,QFCWLHHYCA,1.0
677,FPFDYPARY,1.0
678,YIGHVI,1.0
679,IMTYP,1.0
680,MIQWY,1.0
681,MKHSF,1.0
682,SKLEF,1.0
683,PCFKS,1.0
684,HIFVAM,1.0
685,VDMWWHLHGI,1.0
686,MFLCSI,1.0
687,WNIYIH,1.0
688,VLSIY,1.0
689,LPSQPTMWCF,1.0
690,FSMCIC,1.0
691,SSMHP,1.0
692,SCYGL,1.0
693,MTKAWC,1.0
694,WSPPNYW,1.0
695,MWWDT,1.0
696,YFQHY,1.0
697,MGYTHMLITV,1.0
698,RHCHTYFI,1.0
699,WSDAF,1.0
700,VQKFF,1.0
701,ICKPDHMTYF,1.0
702,FNRPCECFVM,1.0
703,PNAFH,1.0
704,VIRIDQF,1.0
705,PMRFEF,1.0
706,VQFLNV,1.0
707,AKMWINPHFT,1.0
708,FQVCY,1.0
709,WQVWVMCRSV,1.0
710,KTLATFVW,1.0
711,MFKILTS,1.0
712,GHPYYY,1.0
713,FWFAA,1.0
714,LLIDRW,1.0
715,QIVYIWSI,1.0
716,INTMIW,1.0
717,TRFEC,1.0
718,YYDILS,1.0
719,MRVPH,1.0
720,IWSIMMCSVP,1.0
721,MSWIWG,1.0
722,FIILMH,1.0
723,YSWISAYRY,1.0
724,FFCTLVQ,1.0
725,KNFFN,1.0
726,RALFF,1.0
727,RSSINF,1.0
728,RWRFSDWM,1.0
729,CLCGFPYWKP,1.0
730,MCFDIVLREW,1.0
731,FCVATCMWII,1.0
732,FDHGR,1.0
733,AVIFDCMWHW,1.0
734,YIWFCGMHV,1.0
735,WTSFGVC,1.0
736,FVQSC,1.0
737,LEWHG,1.0
738,YEHRL,1.0
739,VSHCRWPM,1.0
740,VFRMDT,1.0
741,VVMVWSR,1.0
742,KHRSYD,1.0
743,VTKWI,1.0
744,CNFMPCS,1.0
745,FVPKP,1.0
746,PYFFTTLHLF,1.0
747,WNPNCV,1.0
748,SWCHQY,1.0
749,PYDMDFWVW,1.0
750,HCLPIDRIFI,1.0
751,WCRFM,1.0
752,PMKRVWCF,1.0
753,ICMFQ,1.0
754,TFAGFWWPEH,1.0
755,IWVPLVYILW,1.0
756,FYVVMQ,1.0
757,KMFPDC,1.0
758,SVFLAT,1.0
759,GYKPHSKVFD,1.0
760,IHQFMLWVW,1.0
761,QWFNMM,1.0
762,VTDFIV,1.0
763,MGAQWFG,1.0
764,SWHCYW,1.0
765,DLGWTFL,1.0
766,RWIYMWF,1.0
767,CICHR,1.0
768,TTFCMK,1.0
769,CPPWKYQ,1.0
770,SIHIPWFLFE,1.0
771,PWWSMQFR,1.0
772,CHVHQ,1.0
773,WVFDMCFW,1.0
774,PWCMC,1.0
775,HFPCW,1.0
776,YFFFKT,1.0
777,YFFIWIRHD,1.0
778,IWWMHQIP,1.0
779,CVWQHMC,1.0
780,HVYST,1.0
781,FDVLR,1.0
782,GPCVNFQHMI,1.0
783,YSPFIY,1.0
784,CITYF,1.0
785,TGCPH,1.0
786,IYSYY,1.0
787,WFVVW,1.0
788,INCYSL,1.0
789,IYIGTMHRIV,1.0
790,TIYVNW,1.0
791,KLSLWGVDFF,1.0
792,CTIIGWT,1.0
793,CMHPHP,1.0
794,FCYPM,1.0
795,MMDCSRHWTG,1.0
796,VHVNY,1.0
797,VFAHCL,1.0
798,YLMIMMWELA,1.0
799,INSSAF,1.0
800,YSWWQR,1.0
801,CWMGCN,1.0
802,FINYGPS,1.0
803,TITIC,1.0
804,HCSVIPFA,1.0
805,WMYETY,1.0
806,EFMRWH,1.0
807,WVQCVFHWM,1.0
808,HVWSVH,1.0
809,KLTIHC,1.0
810,LYALSV,1.0
811,MHFWFLI,1.0
812,NWFTL,1.0
813,CESCMHY,1.0
814,FQNLVWLFEK,1.0
815,YVTYWGCTF,1.0
816,TLYRL,1.0
817,ALVTY,1.0
818,SWRHM,1.0
819,MLSMFMGIM,1.0
820,SAMPL,1.0
821,CTCDFH,1.0
822,SFHDS,1.0
823,VCVFD,1.0
824,YVPHRV,1.0
825,MKFQMLEADW,1.0
826,IWEQLVVFY,1.0
827,QLPWEMVWS,1.0
828,PKWNS,1.0
829,LDCCF,1.0
830,FYHNYFARIV,1.0
831,WARVVHHVHI,1.0
832,YRYHCMFH,1.0
833,WRFMHPIVMC,1.0
834,AMWDL,1.0
835,TKICDHMI,1.0
836,RQWTVFH,1.0
837,LLYWYP,1.0
838,IVGAIY,1.0
839,VIELKF,1.0
840,AWPHFII,1.0
841,WLWDFTKW,1.0
842,YYEFC,1.0
843,CFWVFLM,1.0
844,TNCWTYM,1.0
845,KETCPWHIHY,1.0
846,HWYWK,1.0
847,PRFFW,1.0
848,WMTYYYFV,1.0
849,PKFQAFW,1.0
850,FVVYL,1.0
851,DYWLTKCTFC,1.0
852,APPSQHHF,1.0
853,LHCVQY,1.0
854,SFITS,1.0
855,THVHW,1.0
856,EKWLV,1.0
857,MSHGR,1.0
858,WQVLMFHT,1.0
859,LIMIY,1.0
860,IWIQHFTS,1.0
861,DTKVYV,1.0
862,YPEMTYMVFV,1.0
863,SVFNW,1.0
864,QDHNYVYSSF,1.0
865,PLQLYK,1.0
866,QRYYH,1.0
867,KSYFHW,1.0
868,NFWACYMSHC,1.0
869,IIKIT,1.0
870,WTWYYK,1.0
871,KWKLD,1.0
872,AWIAC,1.0
873,HYWETWMVFL,1.0
874,VSHERHYWHK,1.0
875,KTKWH,1.0
876,WFYFWL,1.0
877,QLWYI,1.0
878,FNVRLEFFSW,1.0
879,LCHYI,1.0
880,YPDIFP,1.0
881,PWWMGHR,1.0
882,DMCWPKHY,1.0
883,IIYVEP,1.0
884,WGLEFYWS,1.0
885,LICYDAHFPV,1.0
886,RYWHHVMEIC,1.0
887,FWRMQVM,1.0
888,TFPVLFWGMD,1.0
889,STKIFSF,1.0
890,CCVCPL,1.0
891,FPVHSC,1.0
892,RIFEYN,1.0
893,NKYGI,1.0
894,LLHHWLFLTI,1.0
895,HCGLYCF,1.0
896,IPYHQM,1.0
897,TPRFLH,1.0
898,VCGYTIFF,1.0
899,GIMVSFH,1.0
900,FHGFI,1.0
901,YGHIMWW,1.0
902,MNWWH,1.0
903,FFMSKEYFGH,1.0
904,VHEKYS,1.0
905,VWVCRECWNL,1.0
906,HGIWH,1.0
907,IGTYQ,1.0
908,YRHNAWSLNW,1.0
909,SYYDHT,1.0
910,IPWEM,1.0
911,HPCHSWDYCI,1.0
912,YMWEFYLPQM,1.0
913,IGQMWLAEWC,1.0
914,HSVHYR,1.0
915,LFDTMTHW,1.0
916,RDFSW,1.0
917,PNIHM,1.0
918,WMGLW,1.0
919,FYRPFDL,1.0
920,HYITMIVGKW,1.0
921,MYYKL,1.0
922,DCWHI,1.0
923,LKYSV,1.0
924,FQFPPYYSH,1.0
925,YLFVHQNFS,1.0
926,PACNGNWYYV,1.0
927,QNFPC,1.0
928,SYYGY,1.0
929,SVHHQMIRWE,1.0
930,WVFYFHNWRQ,1.0
931,YEAFAWMEWF,1.0
932,LPACMW,1.0
933,CIYWYC,1.0
934,SPIWP,1.0
935,SFCGI,1.0
936,RPKWCY,1.0
937,MTAPCWC,1.0
938,VCWCVLT,1.0
939,MWWGRWHYVR,1.0
940,HEIYLW,1.0
941,WILQQHWCYY,1.0
942,HYFMCFT,1.0
943,IVDWSTCFNG,1.0
944,YDILY,1.0
945,HRYHM,1.0
946,VSYLN,1.0
947,FVHNC,1.0
948,KMFPYK,1.0
949,RTWTMHI,1.0
950,MTFWLWE,1.0
951,QSIYYM,1.0
952,CHIESHF,1.0
953,FWSRTW,1.0
954,FTTIMYSEPW,1.0
955,CWWVTFTGYM,1.0
956,QFKFH,1.0
957,YYRYEVL,1.0
958,MHYPHGW,1.0
959,YGQFFT,1.0
960,TGPYHMEAHY,1.0
961,THFHRG,1.0
962,DWTVTI,1.0
963,YHLGQWPP,1.0
964,NYPYR,1.0
965,ERWYLC,1.0
966,IGHWNR,1.0
967,IVPYE,1.0
968,GMVHM,1.0
969,SMLWYVPCYY,1.0
970,GFPVHIV,1.0
971,RVVWLEFQ,1.0
972,CIKPVI,1.0
973,PISWFS,1.0
974,REIFW,1.0
975,LRVHYC,1.0
976,RTYMDIC,1.0
977,DFYIVMV,1.0
978,YPTAWLYYI,1.0
979,WGSIS,1.0
980,FGKWTFGIGS,1.0
981,MECLKHYVCS,1.0
982,KPTPAWD,1.0
983,DIMVW,1.0
984,PQITFFQS,1.0
985,VVWCW,1.0
986,VLHAQCY,1.0
987,GPIMHGFF,1.0
988,LFSLSFYAFD,1.0
989,HPCHS,1.0
990,HDKWY,1.0
991,LLACYS,1.0
992,HPFMCM,1.0
993,KFTIWALC,1.0
994,HMICEW,1.0
995,SPMHDP,1.0
996,TFMTPP,1.0
997,FNVWQYTAGW,1.0
998,PHAVFCWRFN,1.0
999,DWRYFS,1.0
1000,WSAIDFT,1.0
1001,SVVMM,1.0
1002,PLQPQY,1.0
1003,CTNYPC,1.0
1004,QWVWF,1.0
1005,FNFNLG,1.0
1006,LEPWPWCWAV,1.0
1007,GSPYY,1.0
1008,PDWQL,1.0
1009,GHWIDWLQWQ,1.0
1010,DWWMEY,1.0
1011,PVVLWNCAW,1.0
1012,ITCMSFWN,1.0
1013,FLAWE,1.0
1014,SMWAIP,1.0
1015,FVYGVVRYEM,1.0
1016,KVIFV,1.0
1017,RRFFNPFYF,1.0
1018,MEFFLA,1.0
1019,VPYWE,1.0
1020,QCIHRMFYQW,1.0
1021,GPWACKHELF,1.0
1022,SIPIIHFC,1.0
1023,WVVYL,1.0
1024,YWMGFKKF,1.0
1025,VRHPEALW,1.0
1026,PAWAIFSLSM,1.0
1027,PILVQLF,1.0
1028,QSFRTF,1.0
1029,SRWIY,1.0
1030,HWKHF,1.0
1031,IIRNFG,1.0
1032,WVCNQWYDI,1.0
1033,HRLNY,1.0
1034,HFAMG,1.0
1035,MWQVT,1.0
1036,TRDVH,1.0
1037,GVPMCLWT,1.0
1038,WWILTQCH,1.0
1039,WRHCT,1.0
1040,ASVYP,1.0
1041,MNFSYNI,1.0
1042,MMPFD,1.0
1043,WMDCQYAM,1.0
1044,CYDDRFMW,1.0
1045,KLAVLHL,1.0
1046,AALNCLVYHH,1.0
1047,FTCKD,1.0
1048,SWRYISEIHY,1.0
1049,WPYQD,1.0
1050,YWWKICM,1.0
1051,YLGPI,1.0
1052,TEWFE,1.0
1053,MFSMTI,1.0
1054,CFGAREGWFC,1.0
1055,KLHSWM,1.0
1056,TWTMFV,1.0
1057,RIEDHH,1.0
1058,THSIKIF,1.0
1059,SIFFWCLCH,1.0
1060,PVMSRFQDF,1.0
1061,YWFQVV,1.0
1062,HCFASR,1.0
1063,DWHQVWH,1.0
1064,RYDRF,1.0
1065,PLHHNL,1.0
1066,REWFAL,1.0
1067,KNWRWFF,1.0
1068,FFVGI,1.0
1069,CFCSIWKL,1.0
1070,YFLMYYKEAH,1.0
1071,ASWLK,1.0
1072,YDWAIWRFWS,1.0
1073,WWPTES,1.0
1074,MWFCQNI,1.0
1075,PITMPYFT,1.0
1076,NHFHE,1.0
1077,MHLHN,1.0
1078,DMIIKEFWCP,1.0
1079,IGKYT,1.0
1080,FWFFHWH,1.0
1081,LMSDTW,1.0
1082,HGRYDMYLCF,1.0
1083,VHMITG,1.0
1084,PAYQWCTQY,1.0
1085,PTIKLMTQWF,1.0
1086,QGLSY,1.0
1087,YDCCW,1.0
1088,HSKHFFD,1.0
1089,DFQANWFYWW,1.0
1090,VHSFFWHV,1.0
1091,SAWDFL,1.0
1092,VGWTHL,1.0
1093,SLMYFL,1.0
1094,HMWRNT,1.0
1095,WIYMMDKWV,1.0
1096,FPVTYHDQCK,1.0
1097,PTWIHT,1.0
1098,CLQYGMPTFH,1.0
1099,HLWWP,1.0
1100,YVRTFD,1.0
1101,TFEMRIFFS,1.0
1102,FDGHPY,1.0
1103,SYIEV,1.0
1104,GPKGY,1.0
1105,MDCSHPW,1.0
1106,MIAWY,1.0
1107,YFYVEI,1.0
1108,FSING,1.0
1109,VFSKW,1.0
1110,ASNIF,1.0
1111,KKWMVFHQAI,1.0
1112,WQYST,1.0
1113,FIAKWQ,1.0
1114,FVVMQ,1.0
1115,MGWFK,1.0
1116,SWYWGCL,1.0
1117,WNNCCP,1.0
1118,PHLQWYIWW,1.0
1119,CHFLIHFP,1.0
1120,FRYNTYP,1.0
1121,CGLFL,1.0
1122,VHPKE,1.0
1123,IWFLFD,1.0
1124,YNMCIC,1.0
1125,LQHFF,1.0
1126,FTVCH,1.0
1127,YTWCNETCNF,1.0
1128,SWGGIVF,1.0
1129,MMTPC,1.0
1130,PYCCYHEYF,1.0
1131,EWDWWV,1.0
1132,KGAWM,1.0
1133,FPGFQV,1.0
1134,IQWKVI,1.0
1135,AIHVI,1.0
1136,MWAGIHKYEM,1.0
1137,HVMMFV,1.0
1138,YYCNMYEIYD,1.0
1139,LWHMWH,1.0
1140,WMLMIQIHP,1.0
1141,LIRFTY,1.0
1142,LVHPSD,1.0
1143,IYIPVIMIW,1.0
1144,MWHRQS,1.0
1145,QIYFP,1.0
1146,SVPGILPLW,1.0
1147,HPVLCWWS,1.0
1148,MHWIN,1.0
1149,FPSRS,1.0
1150,KGCDSW,1.0
1151,TYQTFN,1.0
1152,ALHLW,1.0
1153,VLMSY,1.0
1154,LSVPVYLVPT,1.0
1155,HFMWM,1.0
1156,VVRKLYHWLV,1.0
1157,HPKTCF,1.0
1158,WWKLEG,1.0
1159,WIKFNYIDDW,1.0
1160,FARCWQF,1.0
1161,FPVDFPFFIY,1.0
1162,CCWLFFSE,1.0
1163,WKDTNS,1.0
1164,VAYGWKCICW,1.0
1165,LTCLF,1.0
1166,YFSCH,1.0
1167,IWMRP,1.0
1168,SNYFQ,1.0
1169,HERYL,1.0
1170,RTFFHVH,1.0
1171,PYPCLHV,1.0
1172,NVYYC,1.0
1173,ERHSNWY,1.0
1174,WVKDKWTL,1.0
1175,HNWDN,1.0
1176,KYFEDH,1.0
1177,SSQRTSFHWW,1.0
1178,NHQIW,1.0
1179,IVSLRDFH,1.0
1180,QPCATWF,1.0
1181,MCCNIWGM,1.0
1182,KWFCC,1.0
1183,VVYWK,1.0
1184,FKTCFVQ,1.0
1185,VPSMIYI,1.0
1186,ICDAW,1.0
1187,YHYFKANTYS,1.0
1188,IHVCG,1.0
1189,KWQMWWIS,1.0
1190,FLICQ,1.0
1191,HTALYCY,1.0
1192,VSEWLM,1.0
1193,VLYPAY,1.0
1194,KYWPDP,1.0
1195,DMWRH,1.0
1196,PAIWG,1.0
1197,TRDYWWWHTG,1.0
1198,PMRGWI,1.0
1199,CQFRAMF,1.0
1200,FKIYC,1.0
1201,WIWTP,1.0
1202,KSPHL,1.0
1203,VTEIYL,1.0
1204,TCVWP,1.0
1205,FEVMMHWNI,1.0
1206,MIPYMFQF,1.0
1207,NYKIW,1.0
1208,LSDRCTY,1.0
1209,SWYES,1.0
1210,EPGTARPTFH,1.0
1211,WMYGNSWA,1.0
1212,KSWQT,1.0
1213,ILWNPW,1.0
1214,LPQNHVCVFD,1.0
1215,FWMFDDML,1.0
1216,YMYVLCTH,1.0
1217,AKIFFAF,1.0
1218,WHTMT,1.0
1219,VSYFQWYQT,1.0
1220,CWASIW,1.0
1221,TVWHFPQ,1.0
1222,PLHKCMIQIY,1.0
1223,CRLEWWN,1.0
1224,WADKPF,1.0
1225,NHFLICHSY,1.0
1226,FRPHYNWI,1.0
1227,LYIWE,1.0
1228,MEVYT,1.0
1229,HKMLW,1.0
1230,IVRHWQW,1.0
1231,RYFGWML,1.0
1232,PQKFW,1.0
1233,HYKQMFL,1.0
1234,WWFVDF,1.0
1235,SIFMLRPFY,1.0
1236,TDIYGH,1.0
1237,WPENFRCW,1.0
1238,ALPFWWLCMI,1.0
1239,LKCDS,1.0
1240,VFSIL,1.0
1241,HWHNHFT,1.0
1242,RFWQN,1.0
1243,KEEWTH,1.0
1244,SYRIKW,1.0
1245,EWYVMIFSDS,1.0
1246,VQAWN,1.0
1247,ACWALTHY,1.0
1248,YINLWW,1.0
1249,PGSFHEVIIK,1.0
1250,WPVRGFIV,1.0
1251,RLGWGLYYW,1.0
1252,LLLPRHY,1.0
1253,YSFWKS,1.0
1254,RRPYMW,1.0
1255,YPCAPL,1.0
1256,TREWVF,1.0
1257,IVYHIQ,1.0
1258,RWVFL,1.0
1259,NHSIL,1.0
1260,SYDFI,1.0
1261,WIHTEM,1.0
1262,KLMSEPW,1.0
1263,SHLIS,1.0
1264,IKPHY,1.0
1265,PPYYNAFNVE,1.0
1266,FTYCTCF,1.0
1267,MWWSQW,1.0
1268,IDEVFFF,1.0
1269,CRWDCYHGSI,1.0
1270,SCCGVIW,1.0
1271,LCWMMMKYTH,1.0
1272,PITYHK,1.0
1273,VFLLA,1.0
1274,HYSHQ,1.0
1275,WPKGDV,1.0
1276,IWRWQA,1.0
1277,NVEWYC,1.0
1278,FPMHPKF,1.0
1279,RYSIS,1.0
1280,CFVFT,1.0
1281,MDFVW,1.0
1282,HKHSLQYEWY,1.0
1283,EIPTW,1.0
1284,FNHTC,1.0
1285,KHWYHW,1.0
1286,GTWYDHYTLP,1.0
1287,HWLFGGLFVW,1.0
1288,VTSST,1.0
1289,KMQEW,1.0
1290,LSHFSW,1.0
1291,HWYKFQ,1.0
1292,HWTFN,1.0
1293,KAFKIVNYWL,1.0
1294,NHQCFYH,1.0
1295,KYPVD,1.0
1296,AIRMIHLWVF,1.0
1297,QSAFF,1.0
1298,QRPNFVLHYC,1.0
1299,DYRFIWPY,1.0
1300,MFDMILMFST,1.0
1301,YSVPHEHPAF,1.0
1302,SPYPQ,1.0
1303,TIYFDPVRLA,1.0
1304,HEWVL,1.0
1305,CFNPPP,1.0
1306,CCRVVMWTS,1.0
1307,HPYIQY,1.0
1308,YTGFQW,1.0
1309,LYTGCKWPTT,1.0
1310,LSWGIYLP,1.0
1311,DIPIGFHHMP,1.0
1312,VFIRMDCNVH,1.0
1313,VKCPPYL,1.0
1314,MSSPF,1.0
1315,YTHHHPI,1.0
1316,LMFSTMFDMI,1.0
1317,YPLEHM,1.0
1318,HMQKIQLWYI,1.0
1319,ERSQY,1.0
1320,PNWRCS,1.0
1321,SQYWS,1.0
1322,DMPTFYMY,1.0
1323,MCHVR,1.0
1324,YSVSYC,1.0
1325,VPCYY,1.0
1326,PITVWH,1.0
1327,LPQLRWML,1.0
1328,HCPDCHK,1.0
1329,MLLIPYFEH,1.0
1330,ICLVVI,1.0
1331,VNFHQ,1.0
1332,PRWPW,1.0
1333,LRWCVHH,1.0
1334,RFPSY,1.0
1335,FLTSG,1.0
1336,SCPIFHELYH,1.0
1337,NRHGIW,1.0
1338,NNGVWI,1.0
1339,WMMFQVH,1.0
1340,PHNYCIW,1.0
1341,WYYNADWCPI,1.0
1342,ELMCGW,1.0
1343,SSWCY,1.0
1344,NHLHWDKVFA,1.0
1345,IWTCCMVWMS,1.0
1346,FYMRHHFCRL,1.0
1347,RMPFE,1.0
1348,TRHYY,1.0
1349,YACYQEMWRH,1.0
1350,TETWL,1.0
1351,HYVCS,1.0
1352,SLSFFCT,1.0
1353,IPTGFQW,1.0
1354,THDNW,1.0
1355,NHWCE,1.0
1356,WRGNFWN,1.0
1357,SKREHWMLCW,1.0
1358,VWMNLGSYDI,1.0
1359,SSRSH,1.0
1360,PVSFDL,1.0
1361,ITTLL,1.0
1362,NYVYFL,1.0
1363,VSYPQ,1.0
1364,WCVRG,1.0
1365,FHYMRM,1.0
1366,KMAQW,1.0
1367,REHPW,1.0
1368,CYDWKM,1.0
1369,FCIWMPY,1.0
1370,YCWHWIN,1.0
1371,PAFLGF,1.0
1372,YFFIDD,1.0
1373,RCYFSY,1.0
1374,YYWIVLIQ,1.0
1375,AGWTN,1.0
1376,GPTWV,1.0
1377,WSSNPFTIWV,1.0
1378,PSVWQC,1.0
1379,LSWCHLQQGF,1.0
1380,LSPGH,1.0
1381,MGWFKDHWMY,1.0
1382,LFYAYPPCLF,1.0
1383,GWFLPKH,1.0
1384,WMEFKIEGWY,1.0
1385,SEKLY,1.0
1386,QNWFP,1.0
1387,WVHIA,1.0
1388,MEWWY,1.0
1389,LQPHPL,1.0
1390,MMQNFFL,1.0
1391,HMFKMM,1.0
1392,HTRFYHHF,1.0
1393,HSNHF,1.0
1394,HPWRG,1.0
1395,YSYCIY,1.0
1396,PALWK,1.0
1397,CYHLPWIWM,1.0
1398,WKVFC,1.0
1399,GFAHVW,1.0
1400,WDQYSWM,1.0
1401,WNHTP,1.0
1402,WWHSG,1.0
1403,FYHNY,1.0
1404,WRSWWK,1.0
1405,EYYAF,1.0
1406,MPQFP,1.0
1407,DPYWH,1.0
1408,IRPEF,1.0
1409,FQRLHY,1.0
1410,MQPLW,1.0
1411,NMVIVYP,1.0
1412,TQWWQ,1.0
1413,SWTVP,1.0
1414,KSGSYW,1.0
1415,YRYFTWPL,1.0
1416,YYYKH,1.0
1417,KPICY,1.0
1418,TPDWK,1.0
1419,TMNQWTFY,1.0
1420,LYCLV,1.0
1421,VKYVP,1.0
1422,ICIKWLHLTC,1.0
1423,IFGFKM,1.0
1424,TCRDSW,1.0
1425,FWIGS,1.0
1426,QTYWPI,1.0
1427,GTHPCHSAWW,1.0
1428,RYLWT,1.0
1429,WCRSVFWEQY,1.0
1430,LWYHKHP,1.0
1431,TKQFLP,1.0
1432,NWRYV,1.0
1433,WQHDR,1.0
1434,KFLYNSAYCM,1.0
1435,YRVEF,1.0
1436,HNIHFY,1.0
1437,WQQWMLC,1.0
1438,RYWHH,1.0
1439,VMCCVQFP,1.0
1440,KWTLWMY,1.0
1441,SNYLQFYNPC,1.0
1442,PSWNIFV,1.0
1443,WRYQEPSFAH,1.0
1444,RSVWHCY,1.0
1445,LAPWYPDMGF,1.0
1446,IFSQM,1.0
1447,SHWGC,1.0
1448,LMMIDWYT,1.0
1449,YPWMG,1.0
1450,PRNFT,1.0
1451,KFLIKHF,1.0
1452,FMSCFRH,1.0
1453,WGHNH,1.0
1454,NNVSW,1.0
1455,YFYQFITSNM,1.0
1456,WNHRCH,1.0
1457,RDIHF,1.0
1458,TNFSG,1.0
1459,VRIIDYW,1.0
1460,TYWQV,1.0
1461,AMLYFVWAP,1.0
1462,YFPQIDWHGY,1.0
1463,SMFIVSV,1.0
1464,PHVVL,1.0
1465,VHIPSFS,1.0
1466,GSIMSCY,1.0
1467,FEWTF,1.0
1468,QWSMFIVFVK,1.0
1469,VWAMQ,1.0
1470,PFHVRVC,1.0
1471,MLHWPRF,1.0
1472,LWILH,1.0
1473,FNRHD,1.0
1474,TFCCQFE,1.0
1475,PHITVCIPWC,1.0
1476,VHMYG,1.0
1477,NWIKQGW,1.0
1478,VWFMA,1.0
1479,HSMCMDWRPF,1.0
1480,MYNCV,1.0
1481,FFWQKA,1.0
1482,AFEEKWIW,1.0
1483,DYFLQ,1.0
1484,FQPDLYHV,1.0
1485,MYSHK,1.0
1486,FSMYMVM,1.0
1487,WILEC,1.0
1488,WPYTYPSCSI,1.0
1489,VMNDMTILFP,1.0
1490,QDYFIH,1.0
1491,QLYNIFF,1.0
1492,VNMIF,1.0
1493,ECHKH,1.0
1494,QCILY,1.0
1495,CAEWCT,1.0
1496,FFLSFF,1.0
1497,VDMWW,1.0
1498,NINNHW,1.0
1499,YWIPFR,1.0
1500,VVAFF,1.0
1501,HTDAWW,1.0
1502,CQIYCGW,1.0
1503,QCWQYH,1.0
1504,WDGWKLLF,1.0
1505,LMSCWVL,1.0
1506,QVWMSTRLMW,1.0
1507,RHFVM,1.0
1508,RESMLWI,1.0
1509,TTWIVFD,1.0
1510,GTISMHW,1.0
1511,SAFSP,1.0
1512,YYPCPC,1.0
1513,FIPWCMDP,1.0
1514,FCMPLL,1.0
1515,MYVEGW,1.0
1516,LWCTVTHPS,1.0
1517,VWTCN,1.0
1518,WVMTLDC,1.0
1519,GFIGMF,1.0
1520,WHGPPMRHWE,1.0
1521,CSASHSW,1.0
1522,WFFVTW,1.0
1523,VLLDHCAWH,1.0
1524,LVCSY,1.0
1525,FCWKVSHC,1.0
1526,SWIFIV,1.0
1527,LDGPFFKHSM,1.0
1528,TTFHL,1.0
1529,HNCWD,1.0
1530,PTPIEKYEWY,1.0
1531,PYKILDYNGT,1.0
1532,SQMHV,1.0
1533,LDVSY,1.0
1534,FLPWAVKL,1.0
1535,LGYWYWSN,1.0
1536,RWLYVY,1.0
1537,CGEWLMNWRK,1.0
1538,FRFQH,1.0
1539,IWYFF,1.0
1540,NWSYIT,1.0
1541,FCPPSM,1.0
1542,FPIAG,1.0
1543,FSYKE,1.0
1544,MPFPYTSQNF,1.0
1545,QLTYSH,1.0
1546,WSNFDCP,1.0
1547,CQLCNW,1.0
1548,GKWAIVIWII,1.0
1549,AMVMFMWHLY,1.0
1550,YWFRI,1.0
1551,TFCSL,1.0
1552,QLLPTW,1.0
1553,PYISK,1.0
1554,GITYNV,1.0
1555,NWMKWINQFQ,1.0
1556,TWKQC,1.0
1557,TDWPP,1.0
1558,FQPSEFGEFF,1.0
1559,TQWIFR,1.0
1560,ITNVSQFW,1.0
1561,FNKFPSNVW,1.0
1562,HKMLSD,1.0
1563,LSMWC,1.0
1564,VFWWFNYWN,1.0
1565,IRMYCFI,1.0
1566,TYCHYRHLY,1.0
1567,LDFHYDFF,1.0
1568,YYYIN,1.0
1569,YVKHM,1.0
1570,MCTKGW,1.0
1571,TLIFW,1.0
1572,WWCKWCIH,1.0
1573,MSHWTMCT,1.0
1574,GCDWYCF,1.0
1575,PMKCAY,1.0
1576,TQSWFMHS,1.0
1577,RFVDMGWSSF,1.0
1578,WSHAISTHSH,1.0
1579,SHAWV,1.0
1580,TWNTIWP,1.0
1581,PKAIHWT,1.0
1582,WGHMGG,1.0
1583,YHVHCCKLMW,1.0
1584,WQGWD,1.0
1585,PCMYWNK,1.0
1586,YAEWMI,1.0
1587,DMHVMFL,1.0
1588,IINTNMW,1.0
1589,AQHWNFMWVH,1.0
1590,HKMYH,1.0
1591,NWVIN,1.0
1592,AVSHIW,1.0
1593,PDYPVDNWKF,1.0
1594,TWTAD,1.0
1595,LKIYYAQWM,1.0
1596,STWFW,1.0
1597,CHMPWPTCIT,1.0
1598,KVQGQWL,1.0
1599,VPWPFGLYIV,1.0
1600,SGMFV,1.0
1601,WAKQASIFW,1.0
1602,WYTWHTFLQP,1.0
1603,GPPEVFF,1.0
1604,RFPHW,1.0
1605,GWWLMYVA,1.0
1606,FSWVPD,1.0
1607,VCLKY,1.0
1608,FCYCDM,1.0
1609,QFHISC,1.0
1610,MWESCYC,1.0
1611,PVNTY,1.0
1612,CMYLEM,1.0
1613,LHTWV,1.0
1614,YRMFDWLT,1.0
1615,WWSNGENWVF,1.0
1616,NPSQYF,1.0
1617,FCAFP,1.0
1618,DLMNFLWGWN,1.0
1619,HKVFC,1.0
1620,FGPKFI,1.0
1621,NPPQWWSMT,1.0
1622,YSMIG,1.0
1623,WFAPT,1.0
1624,WQTYW,1.0
1625,INFAG,1.0
1626,MSTLW,1.0
1627,KCDYF,1.0
1628,LLLMLSFIPK,1.0
1629,GWFEY,1.0
1630,WTVWDFSV,1.0
1631,QYYDFLQFSF,1.0
1632,WWPKWFMND,1.0
1633,NYHLFWNI,1.0
1634,MMPRLDIWFL,1.0
1635,MWSCV,1.0
1636,PHCQFK,1.0
1637,LCWTDWHR,1.0
1638,LYWAWVL,1.0
1639,EPKWHN,1.0
1640,GFWDI,1.0
1641,YRWFKMYLH,1.0
1642,AKSYLDWFS,1.0
1643,VMLYWGR,1.0
1644,FIHLL,1.0
1645,AVLWMEL,1.0
1646,LVTMLALCWI,1.0
1647,RSWHAG,1.0
1648,PHYMG,1.0
1649,YYLYW,1.0
1650,MVTGLWWTWR,1.0
1651,WCALGP,1.0
1652,WNCPMVF,1.0
1653,VTYSN,1.0
1654,RWYQIQMFYV,1.0
1655,FKNTF,1.0
1656,RIIVLSYKW,1.0
1657,PDFYAI,1.0
1658,SYPLLIWMT,1.0
1659,VHVTYY,1.0
1660,VWPTWL,1.0
1661,SKWIAVA,1.0
1662,WYTDHLV,1.0
1663,ITLVWWRKYP,1.0
1664,AHSYIFP,1.0
1665,WGSSII,1.0
1666,WHWTHV,1.0
1667,HHSLWL,1.0
1668,FNTMFQDVFK,1.0
1669,FYRVLMFGNL,1.0
1670,GVAMW,1.0
1671,WLDMM,1.0
1672,QYKFL,1.0
1673,VYMFQ,1.0
1674,ARPFYFKVCY,1.0
1675,ECCCYF,1.0
1676,YMPYK,1.0
1677,WINWDG,1.0
1678,HMKPY,1.0
1679,CWDQM,1.0
1680,YWWIWN,1.0
1681,ITTCM,1.0
1682,PFTEHFH,1.0
1683,RLMCF,1.0
1684,RRKCPPFWEW,1.0
1685,WKLCWTFE,1.0
1686,YWMNN,1.0
1687,RFGECPDFPF,1.0
1688,WMRAE,1.0
1689,SFHER,1.0
1690,LMLHF,1.0
1691,RMNSVW,1.0
1692,MWTYVVWHPV,1.0
1693,MKYHPEWVCG,1.0
1694,IITTGWTDRF,1.0
1695,HDIILFC,1.0
1696,FKGIPPY,1.0
1697,CRFCHTTWNT,1.0
1698,NYFWIH,1.0
1699,WIMTWDARAW,1.0
1700,SSVDY,1.0
1701,WPHNR,1.0
1702,VRVYGC,1.0
1703,TFPPWTLYIL,1.0
1704,SPRPCWW,1.0
1705,RHFDMSW,1.0
1706,TCVIA,1.0
1707,NWWTWSFKSE,1.0
1708,FMSHIWD,1.0
1709,QSLSCGSLFY,1.0
1710,VHLIVK,1.0
1711,AEKYY,1.0
1712,PSKECCCFY,1.0
1713,AWWWQV,1.0
1714,LYFFIG,1.0
1715,SNFRP,1.0
1716,WAQHLESYYF,1.0
1717,VNWCL,1.0
1718,VDSPVGLPYY,1.0
1719,SWVQLC,1.0
1720,WVEMW,1.0
1721,WYEWYLT,1.0
1722,LHLGFP,1.0
1723,VHVWN,1.0
1724,TAFWCLWHL,1.0
1725,VDIHW,1.0
1726,WFGHFD,1.0
1727,DKWMYDW,1.0
1728,CPKWYSE,1.0
1729,SMHIS,1.0
1730,PPYWVK,1.0
1731,FQLWI,1.0
1732,CHWSN,1.0
1733,FWHYCF,1.0
1734,PECWFYHEHP,1.0
1735,AWLPHHKFY,1.0
1736,KIFFWNH,1.0
1737,FNRFTWSVEF,1.0
1738,VCEHP,1.0
1739,FYICPM,1.0
1740,WHFSDFVN,1.0
1741,FFFWA,1.0
1742,AMKFWG,1.0
1743,YMFYI,1.0
1744,TIDCYR,1.0
1745,PLWSCFAD,1.0
1746,NMTFS,1.0
1747,MPYIAW,1.0
1748,VLLRWVT,1.0
1749,QYHSY,1.0
1750,TEFFWCR,1.0
1751,HKNGHWW,1.0
1752,NMYSH,1.0
1753,IITKQDWSVV,1.0
1754,YWTVMF,1.0
1755,WGPLPKCF,1.0
1756,VLMIG,1.0
1757,PTGMCW,1.0
1758,ATFPT,1.0
1759,WQCQW,1.0
1760,WHYDCCHELF,1.0
1761,IASIY,1.0
1762,EWKVSWY,1.0
1763,WCKMH,1.0
1764,LPTHFT,1.0
1765,DRWQT,1.0
1766,APSIWM,1.0
1767,MVRFTE,1.0
1768,LPVFFS,1.0
1769,FLAWWTDDKC,1.0
1770,EWWLRT,1.0
1771,TYCWH,1.0
1772,HWMVDCYPYE,1.0
1773,PASIYLYQVM,1.0
1774,WDCMWICH,1.0
1775,VYILW,1.0
1776,FNVFQ,1.0
1777,WLVAQAYRQF,1.0
1778,TSWWF,1.0
1779,VITFPWE,1.0
1780,PIFKVDWWNI,1.0
1781,YNCFAKQLHT,1.0
1782,YWKWALL,1.0
1783,FPCDWFK,1.0
1784,KGPHS,1.0
1785,CMWCC,1.0
1786,YGWFIIAWWW,1.0
1787,NVMVVF,1.0
1788,WLCMI,1.0
1789,CEKFCCPW,1.0
1790,MTAFACYRFM,1.0
1791,FFYVGCPT,1.0
1792,FMTPISC,1.0
1793,FPHYH,1.0
1794,YSIWAD,1.0
1795,PIFELHY,1.0
1796,TYYVTI,1.0
1797,MAWEIFI,1.0
1798,RHISFFM,1.0
1799,QCWHFC,1.0
1800,WTMML,1.0
1801,RWIELE,1.0
1802,PQMMPWVY,1.0
1803,IPMFVHNMM,1.0
1804,YAVIHM,1.0
1805,FGCVF,1.0
1806,WVKHWQD,1.0
1807,RPRQQFLYLF,1.0
1808,KFYKCF,1.0
1809,MSKYH,1.0
1810,CGTCF,1.0
1811,TCRFVS,1.0
1812,PITMM,1.0
1813,WPFTY,1.0
1814,KVVLWVI,1.0
1815,HKQIWCE,1.0
1816,MHWCCSP,1.0
1817,DHWCLI,1.0
1818,TWSDY,1.0
1819,WMYFPF,1.0
1820,VAPFNF,1.0
1821,CDRWMN,1.0
1822,SWYYN,1.0
1823,WRWHWF,1.0
1824,PCGYC,1.0
1825,LWISW,1.0
1826,FYIRVECLRS,1.0
1827,YDFIRSS,1.0
1828,VRMGFTCNYQ,1.0
1829,PHMCRW,1.0
1830,WDQLF,1.0
1831,WWMDGLGKI,1.0
1832,YERFGD,1.0
1833,WLDYNHQ,1.0
1834,ITSNMYFYQF,1.0
1835,YHSLMRSYEI,1.0
1836,DPMKHYFTPI,1.0
1837,FHQFLV,1.0
1838,RVQNFWPHY,1.0
1839,AVLVHM,1.0
1840,TFDPF,1.0
1841,PMLFT,1.0
1842,VTWHY,1.0
1843,VDMKFL,1.0
1844,ILWRCP,1.0
1845,KKIYP,1.0
1846,FHRPGVSFH,1.0
1847,HQQWW,1.0
1848,PVWSITF,1.0
1849,VPWPWI,1.0
1850,CFWDI,1.0
1851,TICYYD,1.0
1852,PTAHY,1.0
1853,TQYNVFLLF,1.0
1854,FMMAREFMSH,1.0
1855,MVCLY,1.0
1856,TGWIWQM,1.0
1857,QPRVMQYVYF,1.0
1858,HAWHDYFHK,1.0
1859,VTMLFWF,1.0
1860,YICTE,1.0
1861,YTWRLD,1.0
1862,ICWFHC,1.0
1863,FWTIA,1.0
1864,FFDCS,1.0
1865,WFPCVCEW,1.0
1866,FWLQWD,1.0
1867,ELPHVW,1.0
1868,MWIKTEVFKW,1.0
1869,FMAGAY,1.0
1870,KTFGF,1.0
1871,ATRVWILFLY,1.0
1872,LKATW,1.0
1873,ILKEHW,1.0
1874,NLCDFWWPT,1.0
1875,MGCCTYI,1.0
1876,NMYVHK,1.0
1877,PWVHWWCD,1.0
1878,NFIHY,1.0
1879,AISNWWE,1.0
1880,WAWSVLVAYM,1.0
1881,KFYSI,1.0
1882,FHTYWPT,1.0
1883,DWISLW,1.0
1884,LAFNM,1.0
1885,RDWRVFF,1.0
1886,INMKHW,1.0
1887,SYFSGI,1.0
1888,REWNGGFFW,1.0
1889,VATRNDYHFL,1.0
1890,CHMRWLT,1.0
1891,VLENWS,1.0
1892,TTMCVS,1.0
1893,YMATW,1.0
1894,RVFVH,1.0
1895,PSHTW,1.0
1896,WKHHQLL,1.0
1897,DLCLVDGRFF,1.0
1898,PIKTIEGWIC,1.0
1899,MWDCLI,1.0
1900,SPIMW,1.0
1901,PYPCS,1.0
1902,WYFWEFAKYD,1.0
1903,FLMYRYQCGM,1.0
1904,CFFLILGL,1.0
1905,MPFQERWH,1.0
1906,CTWPMFGWYP,1.0
1907,TRMDH,1.0
1908,IIMKCSTLWY,1.0
1909,YCYKC,1.0
1910,FIIMKSF,1.0
1911,WKFYM,1.0
1912,VWKCHG,1.0
1913,MHFWK,1.0
1914,GYGWM,1.0
1915,TNQLHWC,1.0
1916,NSMHN,1.0
1917,ILGHKPEWSS,1.0
1918,VNLVCCWHW,1.0
1919,WHGPP,1.0
1920,SGMMWTC,1.0
1921,DVFWKAI,1.0
1922,CMFKWFEI,1.0
1923,MQFRDWLTWN,1.0
1924,TNFNC,1.0
1925,EFWKCLT,1.0
1926,HLFGF,1.0
1927,MNPHQMPWW,1.0
1928,NWAGAF,1.0
1929,WLCEHI,1.0
1930,QMWSANFH,1.0
1931,YMFLT,1.0
1932,VHHVTY,1.0
1933,ICFIHQ,1.0
1934,PMIFDR,1.0
1935,PRYCFYLPY,1.0
1936,NKLFFGMW,1.0
1937,STEYNW,1.0
1938,WDFFC,1.0
1939,MYHSS,1.0
1940,WNMTHC,1.0
1941,AWELLLF,1.0
1942,MPATLVHNRY,1.0
1943,VFKNFHPI,1.0
1944,HDWNY,1.0
1945,VHEYT,1.0
1946,IKFKEW,1.0
1947,FWEARSW,1.0
1948,MYCQH,1.0
1949,MVMNCS,1.0
1950,FIGHTTV,1.0
1951,EHWFGI,1.0
1952,PAVFFA,1.0
1953,TLFHP,1.0
1954,PNHCVM,1.0
1955,NYSYFS,1.0
1956,TIFFHDG,1.0
1957,HIFMG,1.0
1958,RSFDC,1.0
1959,KNWYY,1.0
1960,IQMWGWTR,1.0
1961,YKSLSWMP,1.0
1962,GLWLP,1.0
1963,ETYPFGNHKW,1.0
1964,WIMMRFW,1.0
1965,MKVFLS,1.0
1966,YNWGDWF,1.0
1967,EAKWQYL,1.0
1968,YIVVY,1.0
1969,MWHMCDWS,1.0
1970,KRWLSTPWML,1.0
1971,SFSHDY,1.0
1972,FRIWLTDIVS,1.0
1973,AVIMLMVWPW,1.0
1974,LASYFHC,1.0
1975,KIYVIV,1.0
1976,WPWIWT,1.0
1977,APILH,1.0
1978,MMWHWLQNNL,1.0
1979,VVYWKPWKRE,1.0
1980,FQWMS,1.0
1981,FGVILHL,1.0
1982,SHCSY,1.0
1983,FLRFMCDYYG,1.0
1984,SVWVPTIW,1.0
1985,MFIKD,1.0
1986,HWCRYP,1.0
1987,LWGWN,1.0
1988,FRPSTWKY,1.0
1989,IFWTEIK,1.0
1990,TSGPDWFW,1.0
1991,NRWVLYSYTV,1.0
1992,IQLFFGCYQ,1.0
1993,MRPWQDW,1.0
1994,CFPFWGLCFF,1.0
1995,LHDPY,1.0
1996,IDWWRK,1.0
1997,HFDTYNFQVW,1.0
1998,CADWTS,1.0
1999,LHYTII,1.0
2000,YPMPWPAFQW,1.0
2001,WILWA,1.0
2002,CNFWD,1.0
2003,IAGKFV,1.0
2004,DLWWL,1.0
2005,TFSTM,1.0
2006,FLVWQKSPF,1.0
2007,PRGFI,1.0
2008,EVQKW,1.0
2009,KGPFCF,1.0
2010,SCVKF,1.0
2011,CFITHR,1.0
2012,SLYPT,1.0
2013,FQIHRVYWC,1.0
2014,ELMSLFW,1.0
2015,WSPYQY,1.0
2016,WLCMIALPFW,1.0
2017,TFCGYL,1.0
2018,FPHAMY,1.0
2019,TMHSN,1.0
2020,SWFECTYV,1.0
2021,VYEHS,1.0
2022,WLDRTLTYVC,1.0
2023,WIRTLQI,1.0
2024,RIPDWSRWIY,1.0
2025,YFLNN,1.0
2026,WRQFTFWNGG,1.0
2027,VFPHPFCI,1.0
2028,FLFNYV,1.0
2029,RCEVFI,1.0
2030,AFQWW,1.0
2031,NSQSNLYMLY,1.0
2032,FHDWN,1.0
2033,LNHIY,1.0
2034,IYNCSF,1.0
2035,WATTC,1.0
2036,VHCHVVAPW,1.0
2037,RYATF,1.0
2038,WKQEF,1.0
2039,PFWRY,1.0
2040,LHIQKWL,1.0
2041,EKCMPYCMHT,1.0
2042,KWCQLEYMYS,1.0
2043,LSEITW,1.0
2044,PYAFII,1.0
2045,CFQFISIFF,1.0
2046,AWHFL,1.0
2047,KITWQ,1.0
2048,YNHCPFSYKE,1.0
2049,FWICE,1.0
2050,IYLCD,1.0
2051,LYFWR,1.0
2052,TTIFCA,1.0
2053,DWRNL,1.0
2054,SFQPDVYF,1.0
2055,WETRHLF,1.0
2056,IFCCRFM,1.0
2057,TLYHTYTRCI,1.0
2058,FFLGRFWTYK,1.0
2059,YKDIYY,1.0
2060,ICIGWSWWC,1.0
2061,PPFMMFN,1.0
2062,CCHMVQFTTT,1.0
2063,VWQRW,1.0
2064,KTAYH,1.0
2065,VTVFC,1.0
2066,VSMYK,1.0
2067,WNWWCHVM,1.0
2068,ICPCTH,1.0
2069,FCGCAT,1.0
2070,PVMHGL,1.0
2071,ALYWC,1.0
2072,PFMVLM,1.0
2073,VHFWPVG,1.0
2074,CVFMTA,1.0
2075,MPFGYA,1.0
2076,KYMER,1.0
2077,DWYCF,1.0
2078,WHFMH,1.0
2079,WLYLCC,1.0
2080,RLFWG,1.0
2081,PYEKPMWIY,1.0
2082,CWRFVM,1.0
2083,TFHIEMFPCC,1.0
2084,KLFME,1.0
2085,KPSWM,1.0
2086,SIAALEWVWP,1.0
2087,PPNYFL,1.0
2088,FIREKYM,1.0
2089,GQVIYNPWFH,1.0
2090,LYRFLIPSS,1.0
2091,WPGLNHT,1.0
2092,YNTHSFFEW,1.0
2093,FYFCWKII,1.0
2094,PIFHWR,1.0
2095,SVMHA,1.0
2096,EIWWPMLPHH,1.0
2097,MRFISA,1.0
2098,THCIN,1.0
2099,CPHYYS,1.0
2100,FSTHT,1.0
2101,GFHDWV,1.0
2102,RGSTWFP,1.0
2103,FDSAKWVF,1.0
2104,FGTPCM,1.0
2105,SSFELY,1.0
2106,LVDIGWW,1.0
2107,RYVLN,1.0
2108,HCYDI,1.0
2109,TSYIVMI,1.0
2110,NKELFFWVM,1.0
2111,YTTMWY,1.0
2112,FCRYFHFYI,1.0
2113,PMMINWS,1.0
2114,SYMFSYA,1.0
2115,IVFYARSYTY,1.0
2116,NWYMGA,1.0
2117,RMMWD,1.0
2118,MGVFE,1.0
2119,TVFMDT,1.0
2120,VHSHVCFL,1.0
2121,PAELFQIFVY,1.0
2122,SSHNY,1.0
2123,LVWQCYRCF,1.0
2124,NGDWFM,1.0
2125,CCRRPFFC,1.0
2126,FTSKSWVTIG,1.0
2127,FGPTIYH,1.0
2128,QNYMY,1.0
2129,NIFINYKDGY,1.0
2130,TMNIHH,1.0
2131,VLYCTRVFY,1.0
2132,WYKLH,1.0
2133,HWLHVL,1.0
2134,PCGVYCDMYC,1.0
2135,WCVCIPVWMR,1.0
2136,EFLGPYI,1.0
2137,IYSHYNAYCT,1.0
2138,PFHNWYIGVQ,1.0
2139,ILYYEW,1.0
2140,QYSGS,1.0
2141,VVGYL,1.0
2142,MFSFDKC,1.0
2143,MTIQHFM,1.0
2144,PIFLW,1.0
2145,FCTPFRI,1.0
2146,VWQPG,1.0
2147,RFYWW,1.0
2148,EPWPRWTL,1.0
2149,HVVSG,1.0
2150,GIYII,1.0
2151,KNYFA,1.0
2152,SFRSLCFD,1.0
2153,YHYMMEL,1.0
2154,WPCRVC,1.0
2155,VMEQWYIC,1.0
2156,APFPVF,1.0
2157,IHYVPI,1.0
2158,FWIIS,1.0
2159,YKIGAHQGYI,1.0
2160,SKLTCF,1.0
2161,YILKAS,1.0
2162,FAQYGWT,1.0
2163,FMIKEFYF,1.0
2164,THSRF,1.0
2165,FRSFLI,1.0
2166,EQWHANYRLC,1.0
2167,NTYPI,1.0
2168,PTRWQT,1.0
2169,ASTWH,1.0
2170,EFFQYNFAGY,1.0
2171,LNMSDFH,1.0
2172,FTVVHRFW,1.0
2173,VVMCFH,1.0
2174,CMAMYY,1.0
2175,SWHKTE,1.0
2176,KAHIC,1.0
2177,VYQNRYWFDD,1.0
2178,MRIWYDIIQL,1.0
2179,VFRWFIGW,1.0
2180,LWHLY,1.0
2181,LHECAFYFFI,1.0
2182,LMFST,1.0
2183,HTINW,1.0
2184,WVRHMWFDF,1.0
2185,FGWDI,1.0
2186,IVNHS,1.0
2187,TVNFT,1.0
2188,LKLNFPW,1.0
2189,EYMNHY,1.0
2190,HMFKYTF,1.0
2191,YFRSG,1.0
2192,FIIWR,1.0
2193,KQFSGVY,1.0
2194,PIMGNHMYHT,1.0
2195,LTTCMY,1.0
2196,ISEHI,1.0
2197,MMWQA,1.0
2198,VIINT,1.0
2199,HLELIVWYNM,1.0
2200,ITPLW,1.0
2201,RFWYNYVANC,1.0
2202,PPVWFGQFSY,1.0
2203,RWWCFCK,1.0
2204,FIDHR,1.0
2205,WEFHCF,1.0
2206,IMYDKFYKLG,1.0
2207,PMEWVWKH,1.0
2208,VIWEW,1.0
2209,CYTFIQ,1.0
2210,YGAICW,1.0
2211,HLPVFMW,1.0
2212,NPYIL,1.0
2213,HHIIEWS,1.0
2214,WNCWQ,1.0
2215,LTSMCPHP,1.0
2216,FCLCWYNWR,1.0
2217,KWMYVS,1.0
2218,MGVEYL,1.0
2219,WLNKHHVHIR,1.0
2220,LHWCND,1.0
2221,SHLPQFV,1.0
2222,GFYFCK,1.0
2223,VYAGH,1.0
2224,ICDYW,1.0
2225,YYNWYFF,1.0
2226,WTGYFMFSVK,1.0
2227,FAVFETRWAV,1.0
2228,FFEGW,1.0
2229,IYDMH,1.0
2230,PPTLHSC,1.0
2231,TTMFH,1.0
2232,LGTMFWC,1.0
2233,FYWHV,1.0
2234,LWCCISHTHG,1.0
2235,YVWVT,1.0
2236,TTCWVIIF,1.0
2237,MSFVSPCFGY,1.0
2238,RSLMSCCNWW,1.0
2239,ICFFHWRTCA,1.0
2240,LWIVIEHFAI,1.0
2241,WIYVNY,1.0
2242,VWNLHQL,1.0
2243,RWTCM,1.0
2244,MGTQWFV,1.0
2245,FPWVDPH,1.0
2246,DCRVW,1.0
2247,HTLLFGYGLL,1.0
2248,CRLCYPD,1.0
2249,WWCCWYIEHG,1.0
2250,YYIPKSSI,1.0
2251,MKEGLF,1.0
2252,DRKWPQWHVW,1.0
2253,WFMLPCT,1.0
2254,VAFNT,1.0
2255,DYCYFRAFT,1.0
2256,TWLSHNL,1.0
2257,GVYIE,1.0
2258,FMELWNT,1.0
2259,VHNANTNFWY,1.0
2260,WRHPLGHVHL,1.0
2261,VYGTRLDVSY,1.0
2262,FESYC,1.0
2263,PVPFD,1.0
2264,KPKDF,1.0
2265,KDIWSG,1.0
2266,ICVIP,1.0
2267,NWFTIS,1.0
2268,WQYIFIVC,1.0
2269,CCTHI,1.0
2270,PPWIECMY,1.0
2271,TEYFCL,1.0
2272,WPHQH,1.0
2273,IFHRNI,1.0
2274,KVWAFC,1.0
2275,YQLMYW,1.0
2276,DWVHWWMR,1.0
2277,FIIRYNE,1.0
2278,SCWYL,1.0
2279,LYFHGM,1.0
2280,LSFDY,1.0
2281,WTCSSNY,1.0
2282,TQMQFW,1.0
2283,IYWTF,1.0
2284,GTGWF,1.0
2285,FGCIFYLK,1.0
2286,RYMEETIDWW,1.0
2287,VIQLW,1.0
2288,SKFHI,1.0
2289,HVWCT,1.0
2290,WFHPLT,1.0
2291,CMWMFW,1.0
2292,FYSFR,1.0
2293,WGMMYT,1.0
2294,NQVWWHWR,1.0
2295,IMCTWA,1.0
2296,WHQFYCGI,1.0
2297,VIWRFG,1.0
2298,FIDMHS,1.0
2299,YCAVC,1.0
2300,NYYCSNHDPW,1.0
2301,PVLWRAF,1.0
2302,LYMCM,1.0
2303,RVPFN,1.0
2304,KWIDF,1.0
2305,CDYNWI,1.0
2306,IPWAFLV,1.0
2307,LHINGPWV,1.0
2308,WNDYT,1.0
2309,KMGKYTW,1.0
2310,ICWCM,1.0
2311,RYHVQ,1.0
2312,SFLYR,1.0
2313,VWVDFH,1.0
2314,NMWLF,1.0
2315,YFSWVWA,1.0
2316,PRSWT,1.0
2317,PPEWKG,1.0
2318,PATMCH,1.0
2319,HWHIQ,1.0
2320,SFATP,1.0
2321,GSLFY,1.0
2322,VTCILFGLEF,1.0
2323,CIIPWSH,1.0
2324,TPPCYMSKYH,1.0
2325,PFHIWRIP,1.0
2326,PFGHSHVLF,1.0
2327,PSYSPWD,1.0
2328,WMVKE,1.0
2329,RCCFSC,1.0
2330,NYMVQW,1.0
2331,MQPKWL,1.0
2332,KPFLA,1.0
2333,FHWETVFGTV,1.0
2334,YQFCQWWR,1.0
2335,WHCSLFG,1.0
2336,HMNICMH,1.0
2337,PAAFWDFVLR,1.0
2338,MVHSE,1.0
2339,TWYYLATVMH,1.0
2340,HAKQHY,1.0
2341,GYFGV,1.0
2342,RQMFIMYEYV,1.0
2343,VWMHTQFYTI,1.0
2344,MGWPFVLFQI,1.0
2345,SYKLH,1.0
2346,MCHWK,1.0
2347,AMVLTWYMLV,1.0
2348,TNHMW,1.0
2349,TKLYVAWFHP,1.0
2350,WEMCWF,1.0
2351,VDIYHFALIV,1.0
2352,VFHQA,1.0
2353,TLILKVDMW,1.0
2354,CNVKHNYF,1.0
2355,CCMRAYFIL,1.0
2356,RPSLLYWIAD,1.0
2357,FQWMSPWVWH,1.0
2358,HRSYM,1.0
2359,LEWNFK,1.0
2360,MRHFCVI,1.0
2361,SMMHMFYG,1.0
2362,MFEGF,1.0
2363,HYNNYY,1.0
2364,MYKFLGMSV,1.0
2365,SWILVC,1.0
2366,MVYFF,1.0
2367,HNMFHH,1.0
2368,KMTPWFMHHC,1.0
2369,VIEEFFW,1.0
2370,KHWKT,1.0
2371,CMICV,1.0
2372,LWIVI,1.0
2373,LWQFDSI,1.0
2374,MWFMIEAIAP,1.0
2375,NKYHDH,1.0
2376,CVVHSFCEFK,1.0
2377,PYPFGFNNLF,1.0
2378,QFQPPY,1.0
2379,WCYDEW,1.0
2380,SIYHPVFVP,1.0
2381,IYFGQ,1.0
2382,WKHNY,1.0
2383,HCSSAFKWLM,1.0
2384,CMGKFFQLDL,1.0
2385,DMWLFDF,1.0
2386,SAIVFG,1.0
2387,SVHNAP,1.0
2388,DFIAVYH,1.0
2389,VHVTI,1.0
2390,RFWPTKHWFC,1.0
2391,GFTMH,1.0
2392,MAVWM,1.0
2393,AWVYCN,1.0
2394,YIMSKCV,1.0
2395,ADKKRCWHCF,1.0
2396,MMPWIL,1.0
2397,ISIAAFKW,1.0
2398,TPPMACCYPC,1.0
2399,RIWQN,1.0
2400,LHGFKEW,1.0
2401,LRPFS,1.0
2402,WENGHRDYYW,1.0
2403,IDRYCFTGFC,1.0
2404,YNWAT,1.0
2405,WPDMW,1.0
2406,YQCHRWFW,1.0
2407,SIIDIFWSGF,1.0
2408,HICIY,1.0
2409,VSKMCVH,1.0
2410,MICDIFF,1.0
2411,LGWCI,1.0
2412,HRVYGCS,1.0
2413,QFEVF,1.0
2414,SWDPY,1.0
2415,LYGYLS,1.0
2416,EMDHWHIMFL,1.0
2417,HSVISMFYTI,1.0
2418,ILFNM,1.0
2419,LLYMRD,1.0
2420,NPLFW,1.0
2421,IGWFFH,1.0
2422,PSCSI,1.0
2423,IIYYRG,1.0
2424,LDMQWF,1.0
2425,MQTCY,1.0
2426,CMWIIFCVAT,1.0
2427,YPYMS,1.0
2428,IRHQIT,1.0
2429,WRLWV,1.0
2430,LWLKS,1.0
2431,CILYVG,1.0
2432,IIPMS,1.0
2433,DTYHYFPIT,1.0
2434,THSVQPWCRW,1.0
2435,DFCMYTC,1.0
2436,IYCRT,1.0
2437,TDFLKL,1.0
2438,CHAHVF,1.0
2439,LSFRS,1.0
2440,NILWC,1.0
2441,YPQYD,1.0
2442,LPYYMI,1.0
2443,IFVGVDIMVW,1.0
2444,TLWPC,1.0
2445,YVKNWWS,1.0
2446,WNDSYF,1.0
2447,WYWHES,1.0
2448,VVNSFAGIFN,1.0
2449,VLMEHT,1.0
2450,CHSFSLMFWS,1.0
2451,PSAWG,1.0
2452,HPRVDYLCLM,1.0
2453,MVHGCFRW,1.0
2454,PHYFFMEMKG,1.0
2455,HLEMHVH,1.0
2456,SIIVW,1.0
2457,RHPWEFV,1.0
2458,NYSLWV,1.0
2459,QCFRH,1.0
2460,HWSYN,1.0
2461,WVGEPLYKWP,1.0
2462,PLIWTC,1.0
2463,SYGIA,1.0
2464,MKLTWML,1.0
2465,HNCSYN,1.0
2466,FYSTL,1.0
2467,YQHIWW,1.0
2468,NFKYSL,1.0
2469,YFQRCW,1.0
2470,ICLNWW,1.0
2471,FYMNCWLN,1.0
2472,FKMYPNT,1.0
2473,WENHF,1.0
2474,SKPSMW,1.0
2475,IHMVGHP,1.0
2476,RQLPFWYQCC,1.0
2477,SRWWN,1.0
2478,TPMRWFSYL,1.0
2479,HLWVFAIRMI,1.0
2480,VINFSLFIMW,1.0
2481,SSMFV,1.0
2482,FIDNYIKW,1.0
2483,WFAKMS,1.0
2484,HFLFCLDNHI,1.0
2485,TFDVY,1.0
2486,VTSYP,1.0
2487,NFWFRI,1.0
2488,IIILFFRFIF,1.0
2489,YRFCEML,1.0
2490,GCHVLFIWI,1.0
2491,MHRCS,1.0
2492,VWPAYHNQCM,1.0
2493,PWQMG,1.0
2494,YAYRE,1.0
2495,YTHCKY,1.0
2496,VCLEYL,1.0
2497,NILVPSFLMW,1.0
2498,TIHIWEYRL,1.0
2499,HPTDFFEFY,1.0
2500,GMFRGF,1.0
2501,FYVVH,1.0
2502,FWSHRFH,1.0
2503,MWYWKF,1.0
2504,ADWVH,1.0
2505,ALMLCWWC,1.0
2506,IDWNH,1.0
2507,TFMYN,1.0
2508,RFDWPGYC,1.0
2509,FNFII,1.0
2510,TVFQW,1.0
2511,HYVIMP,1.0
2512,YYIYFQCWN,1.0
2513,WLFVIDH,1.0
2514,KPQFHPTAHY,1.0
2515,YIEFMLGTWH,1.0
2516,SPPRFPTVF,1.0
2517,WPTLLMN,1.0
2518,WGTIA,1.0
2519,IVIYCVIVYV,1.0
2520,NFWQP,1.0
2521,HAMYHFRPMY,1.0
2522,LSVPV,1.0
2523,IINCQIIYFF,1.0
2524,NWIAKPSHIF,1.0
2525,IHWMFGF,1.0
2526,LAMRYGVF,1.0
2527,VPWEWCFKI,1.0
2528,YNTILFKHWE,1.0
2529,TLYWYPCIG,1.0
2530,IWEQR,1.0
2531,THHFW,1.0
2532,FYVCLASYYT,1.0
2533,MLIPKEWSWT,1.0
2534,LRTTLPHNWL,1.0
2535,CARHVL,1.0
2536,TPMGSIWF,1.0
2537,SFLPNT,1.0
2538,EWMWFNT,1.0
2539,YNQNFY,1.0
2540,MWNMPLMYKC,1.0
2541,DLDRYWWGF,1.0
2542,LTWYY,1.0
2543,FTMFN,1.0
2544,HWIFIQS,1.0
2545,SPKHV,1.0
2546,LHIWCMHW,1.0
2547,PMHMC,1.0
2548,SDCVH,1.0
2549,VLIWGHFV,1.0
2550,MPWCARCY,1.0
2551,FWHEKYHF,1.0
2552,VGVKWPAI,1.0
2553,KMPDYM,1.0
2554,FTGRKFW,1.0
2555,PMGWT,1.0
2556,YINQGYMWQL,1.0
2557,IARFTT,1.0
2558,QHWWYL,1.0
2559,YWQNM,1.0
2560,TWFVIQ,1.0
2561,FWFHCTY,1.0
2562,YHETFV,1.0
2563,FMWPLL,1.0
2564,WRKYP,1.0
2565,VIQYS,1.0
2566,MDYVWK,1.0
2567,HNCFQIV,1.0
2568,HCPWQHYTC,1.0
2569,KIQWDY,1.0
2570,FVPVG,1.0
2571,MHAYTKKLMF,1.0
2572,FSVPHNYH,1.0
2573,HINGIFH,1.0
2574,HRNWC,1.0
2575,MRMYPNFYG,1.0
2576,LKWTDSL,1.0
2577,IWFFKAF,1.0
2578,VWWFGLYF,1.0
2579,SIHDP,1.0
2580,PSMFC,1.0
2581,VMFRMYCF,1.0
2582,CWMQPL,1.0
2583,WATFCS,1.0
2584,SHIFH,1.0
2585,IPWVKVVW,1.0
2586,WQCWIDH,1.0
2587,CFYSYWWPYP,1.0
2588,YTTYT,1.0
2589,CTFYNLYSA,1.0
2590,WRGVCC,1.0
2591,FFYQQ,1.0
2592,SIGHWVM,1.0
2593,QRMYFMYM,1.0
2594,DMLCF,1.0
2595,CEFHH,1.0
2596,GLHDFRW,1.0
2597,MWFYEFANVV,1.0
2598,PLIHN,1.0
2599,FFPWVAMHC,1.0
2600,KHNFMI,1.0
2601,WFVTG,1.0
2602,FFPQLFYQKT,1.0
2603,SVYSE,1.0
2604,VKGYTHCCKW,1.0
2605,WIIKVMY,1.0
2606,TELYQW,1.0
2607,LPQFGYFVRF,1.0
2608,CVKFD,1.0
2609,WDTWT,1.0
2610,IYGCFMSTWI,1.0
2611,SSREWWI,1.0
2612,MICFC,1.0
2613,RAFVD,1.0
2614,MFLIHC,1.0
2615,KVAPSLHF,1.0
2616,HKPNY,1.0
2617,WHGYPCSSWW,1.0
2618,LKQFVTFH,1.0
2619,CGQTFW,1.0
2620,EAWRQIMVWH,1.0
2621,KPVYMMFFIN,1.0
2622,VLKIS,1.0
2623,EHSWFP,1.0
2624,WINVT,1.0
2625,FLIWG,1.0
2626,MFSYP,1.0
2627,VWHVCMV,1.0
2628,QCTWI,1.0
2629,YHRNSWW,1.0
2630,CIDSMDYYQY,1.0
2631,KWHEHH,1.0
2632,YYFSPR,1.0
2633,PWAYSYCVHS,1.0
2634,KICFCNIYCS,1.0
2635,DCPRHSHMVL,1.0
2636,MLSVT,1.0
2637,CPLFGK,1.0
2638,NDPYIFCTWW,1.0
2639,PLCLHP,1.0
2640,LLDMYR,1.0
2641,FCNYYWS,1.0
2642,ALLMF,1.0
2643,GSWMIISYTT,1.0
2644,FTIWV,1.0
2645,FFCGI,1.0
2646,SRWIYRIPDW,1.0
2647,MWVNIRGIVP,1.0
2648,MPESWFCCKS,1.0
2649,GHLYFS,1.0
2650,KHCTAFFPID,1.0
2651,DEWHR,1.0
2652,IKFCV,1.0
2653,EWHLW,1.0
2654,CIWTPGL,1.0
2655,PGHNFIMY,1.0
2656,CCRHYATMSV,1.0
2657,CMFQIWW,1.0
2658,MIKYTT,1.0
2659,PYYCAL,1.0
2660,WCNMM,1.0
2661,WFFHH,1.0
2662,YHHVNGYVIF,1.0
2663,HCCRC,1.0
2664,FVECMHCS,1.0
2665,WAWDHW,1.0
2666,SLAFEWIIFM,1.0
2667,HACFH,1.0
2668,HQRWC,1.0
2669,LFHPMS,1.0
2670,DIFMVI,1.0
2671,FFTCDG,1.0
2672,YIQLVTAFF,1.0
2673,PRFANYVECI,1.0
2674,ESIYAF,1.0
2675,IRMAQCVMFY,1.0
2676,KSWIQ,1.0
2677,QRDIWLW,1.0
2678,SNYWWCP,1.0
2679,MYYQWT,1.0
2680,THCVYHM,1.0
2681,MLLMFFGSFT,1.0
2682,WHCFSAVSSY,1.0
2683,YPLWA,1.0
2684,RPWFQ,1.0
2685,IFRTA,1.0
2686,HIAWEWF,1.0
2687,CQVHI,1.0
2688,IANNWFYFKE,1.0
2689,LWYSYNMWMQ,1.0
2690,KCTWVS,1.0
2691,WFFATSGCY,1.0
2692,VHPCPF,1.0
2693,FWWKYKNH,1.0
2694,WRVTNSW,1.0
2695,MMGCFKFDLP,1.0
2696,YNHVFSPTYW,1.0
2697,IHSAW,1.0
2698,VNFALL,1.0
2699,TMFCMYG,1.0
2700,HLWGR,1.0
2701,LHEFTW,1.0
2702,TMIGGYFMWP,1.0
2703,GMLHTH,1.0
2704,PPFHPQVCP,1.0
2705,YTRPIFKSY,1.0
2706,TPYLY,1.0
2707,CHISWHMC,1.0
2708,KNPSNYHYDG,1.0
2709,STMWNQWC,1.0
2710,ISVTTIWHVC,1.0
2711,SLMCCVL,1.0
2712,HHGYC,1.0
2713,YMKLIMF,1.0
2714,YPRCE,1.0
2715,TITVV,1.0
2716,PFSVVRPCY,1.0
2717,TCFRFRFP,1.0
2718,ECNVWF,1.0
2719,YNPRVY,1.0
2720,PGYTY,1.0
2721,YLCLM,1.0
2722,SWTVPKGINW,1.0
2723,WLSILRYN,1.0
2724,AFSWA,1.0
2725,MTNRCEKFWF,1.0
2726,TNAFL,1.0
2727,MVYFV,1.0
2728,ICYVMECAVF,1.0
2729,LQPMWC,1.0
2730,PDYWA,1.0
2731,FLNFTRSY,1.0
2732,TIWHM,1.0
2733,SLYMLHTF,1.0
2734,ACPDFWC,1.0
2735,ISMWHQS,1.0
2736,TLCWMA,1.0
2737,SDHYYL,1.0
2738,AGVFTL,1.0
2739,PYCQFWWY,1.0
2740,YFTFLDV,1.0
2741,NLMITY,1.0
2742,LRRWCW,1.0
2743,PIMLHTTVAC,1.0
2744,YKTHSCF,1.0
2745,DSRYW,1.0
2746,HSFWLN,1.0
2747,LGVSAW,1.0
2748,GCMFS,1.0
2749,LCQCWY,1.0
2750,KPQYF,1.0
2751,PWKFFNWYES,1.0
2752,CCDFY,1.0
2753,MWHVHTWS,1.0
2754,CTSCQTIFYI,1.0
2755,NPDMPFMIVF,1.0
2756,LVHLP,1.0
2757,DMIHSHFNYW,1.0
2758,MWSFS,1.0
2759,WIHNFGCV,1.0
2760,KFIHESW,1.0
2761,LHYNK,1.0
2762,STHCGW,1.0
2763,MGLYCP,1.0
2764,DHPFYWYI,1.0
2765,YGFLTRKTCF,1.0
2766,MGSYWGKWSD,1.0
2767,PDEFWCM,1.0
2768,TCHKCIF,1.0
2769,AFCHY,1.0
2770,FQDFRFY,1.0
2771,IWKLL,1.0
2772,VQWKFPI,1.0
2773,TCHGH,1.0
2774,KDFLA,1.0
2775,SCNMKQMYTH,1.0
2776,TCWQMWHMC,1.0
2777,WLWCTQSF,1.0
2778,LMSWH,1.0
2779,VPCYYSMLWY,1.0
2780,FCPYVE,1.0
2781,WSPNHLS,1.0
2782,FRNQSMYHAF,1.0
2783,WARWHIC,1.0
2784,EYFIWHCKTM,1.0
2785,WNTHMMW,1.0
2786,LPRVP,1.0
2787,MNFVWGL,1.0
2788,WTGTTMF,1.0
2789,TFRFPLHTVG,1.0
2790,LYAVYEAMFI,1.0
2791,IFWLIPRH,1.0
2792,KIWCGC,1.0
2793,CGFGC,1.0
2794,KFWWCTW,1.0
2795,WRFMH,1.0
2796,WSCYL,1.0
2797,ARWYFL,1.0
2798,LVSWTWTV,1.0
2799,TFKFIGH,1.0
2800,HVFVMTQWFY,1.0
2801,FTEWFKW,1.0
2802,PWLIP,1.0
2803,ISVNVH,1.0
2804,HVKPH,1.0
2805,QYHGT,1.0
2806,PFEYP,1.0
2807,NTWCF,1.0
2808,IGIVIWWC,1.0
2809,IRKHSWWPDH,1.0
2810,MYEYV,1.0
2811,WRCVVTF,1.0
2812,EFVNF,1.0
2813,RVLSD,1.0
2814,FTDDFRWFQK,1.0
2815,FFQPKTF,1.0
2816,MIYVYVVVIS,1.0
2817,KVWLMAVF,1.0
2818,LYNRVWNF,1.0
2819,ITLQYC,1.0
2820,MFFYNT,1.0
2821,AMTYC,1.0
2822,INLFLVLRTW,1.0
2823,AMPTQHWC,1.0
2824,VKWDG,1.0
2825,WGGYRIP,1.0
2826,LPKHIY,1.0
2827,GWGAC,1.0
2828,FEKCPF,1.0
2829,LIQWR,1.0
2830,SALYP,1.0
2831,LHWTA,1.0
2832,YFPLRHYAVY,1.0
2833,HEYFV,1.0
2834,HCSNI,1.0
2835,WLYQV,1.0
2836,IKWPI,1.0
2837,WLYNLLHTWV,1.0
2838,DFRSMWG,1.0
2839,FRWTFFVGI,1.0
2840,NKMHH,1.0
2841,MFPVLWW,1.0
2842,SMESWL,1.0
2843,DKYYWC,1.0
2844,FHPGWRET,1.0
2845,CFIRHGF,1.0
2846,MGWWND,1.0
2847,FWTDGFRQMY,1.0
2848,PTLCM,1.0
2849,YFLLKPK,1.0
2850,FWPFIGV,1.0
2851,VDLFM,1.0
2852,IPKVD,1.0
2853,ICTYPIHC,1.0
2854,WWSHWWV,1.0
2855,PFRST,1.0
2856,IRFIN,1.0
2857,FSHVMW,1.0
2858,STKYPEH,1.0
2859,HPRPEPKVFF,1.0
2860,LLVSM,1.0
2861,VYLMTLDGAF,1.0
2862,PPFDKH,1.0
2863,YVLRF,1.0
2864,PKRFWCFYGM,1.0
2865,IWSNL,1.0
2866,PLTTWQ,1.0
2867,FIVCLC,1.0
2868,ETWGKMWFHV,1.0
2869,CIYKC,1.0
2870,KYCFP,1.0
2871,HVPHWPR,1.0
2872,ATHNL,1.0
2873,PIRLCF,1.0
2874,SRISLW,1.0
2875,VLLYGG,1.0
2876,QYAFL,1.0
2877,IWKYD,1.0
2878,PEVCTY,1.0
2879,QMQYYS,1.0
2880,CPYFLIWSCA,1.0
2881,WIPYK,1.0
2882,YFHCI,1.0
2883,NITCC,1.0
2884,HSEWV,1.0
2885,WWCDTFCKTT,1.0
2886,SYVLFG,1.0
2887,SFSFKFL,1.0
2888,IRAFEW,1.0
2889,LQHFKHM,1.0
2890,YVVTLW,1.0
2891,NPWNL,1.0
2892,WPKGAQDHIW,1.0
2893,KMMCSFY,1.0
2894,WWDFI,1.0
2895,PPVFTFAMW,1.0
2896,IVKCD,1.0
2897,MRIVTWFCL,1.0
2898,PRFCLGS,1.0
2899,KPWRFH,1.0
2900,RYSISLTMVY,1.0
2901,LMWQYFAYYF,1.0
2902,VVCKLHVH,1.0
2903,VEHFN,1.0
2904,DHWMYMGWFK,1.0
2905,YMYMR,1.0
2906,VKQGPWS,1.0
2907,WHHDWSFSSI,1.0
2908,WVSTHVL,1.0
2909,WPVTR,1.0
2910,HVTYGI,1.0
2911,NWLPWMH,1.0
2912,WQLEYCRYAH,1.0
2913,IIFCQFIW,1.0
2914,RKYPFNYKIW,1.0
2915,QFPVHYEYPF,1.0
2916,LMVWQH,1.0
2917,SLKSHS,1.0
2918,MCFQKY,1.0
2919,NWMKW,1.0
2920,KCPNWI,1.0
2921,YVFPQPFELP,1.0
2922,WLNAFLCH,1.0
2923,WNPSTYLSLC,1.0
2924,CSWVA,1.0
2925,AFFWMVNF,1.0
2926,PFWHYI,1.0
2927,VMHLGWS,1.0
2928,LMTPEY,1.0
2929,LFVNYAVKWA,1.0
2930,PLDLV,1.0
2931,HWWFKCEHH,1.0
2932,YRMGWEFYTL,1.0
2933,HSCMFMPVPT,1.0
2934,KHCLN,1.0
2935,CKCSEIWH,1.0
2936,IIRDT,1.0
2937,ITFKIYHDP,1.0
2938,KNWLECL,1.0
2939,FWQCFHVKFC,1.0
2940,RKWSMFFS,1.0
2941,KCIACYFWDW,1.0
2942,YMWLGIE,1.0
2943,AVMWWN,1.0
2944,MGYNVDVHFF,1.0
2945,YWNVTFYVCQ,1.0
2946,MCHNPPW,1.0
2947,YLYCLY,1.0
2948,WNVCRVQEWW,1.0
2949,IAIFLGGIW,1.0
2950,YNSYH,1.0
2951,YQHLK,1.0
2952,SVCAFCG,1.0
2953,GILFC,1.0
2954,IVMGWWSSW,1.0
2955,TQCSYNMFRF,1.0
2956,VVYTA,1.0
2957,CGYVYH,1.0
2958,VHTHP,1.0
2959,PYFITNTFLY,1.0
2960,MWGFQ,1.0
2961,MWWEE,1.0
2962,EHDVMCIVFY,1.0
2963,TPIYIC,1.0
2964,RWFENCW,1.0
2965,PHKPF,1.0
2966,WWRVNM,1.0
2967,LTFTMWL,1.0
2968,TSMFTPW,1.0
2969,HFTHVRF,1.0
2970,PHGFT,1.0
2971,HCVHVFWV,1.0
2972,IIRTWQL,1.0
2973,DWWRTTWH,1.0
2974,GYSAALMLCF,1.0
2975,ARWTP,1.0
2976,VELYY,1.0
2977,KHELFGPWAC,1.0
2978,FHINSMIGHF,1.0
2979,IAQWIYSTIY,1.0
2980,TGVII,1.0
2981,HYWFPI,1.0
2982,KAMTCH,1.0
2983,CSFPL,1.0
2984,WACHFEWIV,1.0
2985,WGYWL,1.0
2986,IQPWW,1.0
2987,IALWT,1.0
2988,KNFLI,1.0
2989,DMMFMY,1.0
2990,GWSIHYRDFH,1.0
2991,VWIKDT,1.0
2992,PTCTYW,1.0
2993,YLVPT,1.0
2994,YHMNC,1.0
2995,HMCIRF,1.0
2996,FRFWTYG,1.0
2997,GLHRY,1.0
2998,INYYKP,1.0
2999,FIAAWY,1.0
3000,WPHWCIL,1.0
3001,NWKIWS,1.0
3002,FSIWG,1.0
3003,SFLYWV,1.0
3004,PVNWR,1.0
3005,MVFSKTW,1.0
3006,FLNWR,1.0
3007,PYVVW,1.0
3008,LWMQP,1.0
3009,TVYSD,1.0
3010,NLILYH,1.0
3011,QWNTF,1.0
3012,AQALPMCYFF,1.0
3013,WVGVLM,1.0
3014,VWTPYC,1.0
3015,IKFAS,1.0
3016,CVTVEY,1.0
3017,MYHAF,1.0
3018,FYFGVTHK,1.0
3019,NGWHM,1.0
3020,DYVVWR,1.0
3021,WVINWMPWFG,1.0
3022,WWPYE,1.0
3023,TDRWCPPWQW,1.0
3024,TSFIWYW,1.0
3025,FPLWW,1.0
3026,IDRVGILHWP,1.0
3027,GYKCMHPMDF,1.0
3028,FEMVIIRWWV,1.0
3029,WHSWAS,1.0
3030,YTWTG,1.0
3031,YKEYA,1.0
3032,SNVSPVRHWH,1.0
3033,CCIFTL,1.0
3034,CGHPN,1.0
3035,TQWKAEFTYL,1.0
3036,CRIVNYFQPL,1.0
3037,IPKDYII,1.0
3038,QISWK,1.0
3039,FLWFPLQYSC,1.0
3040,TFDYH,1.0
3041,VNFYRV,1.0
3042,SKYQQE,1.0
3043,WVCFLVPNFW,1.0
3044,CFQLH,1.0
3045,NYMLL,1.0
3046,YLWNYEPACV,1.0
3047,HFHYI,1.0
3048,KMLYPGYFI,1.0
3049,SVSPIP,1.0
3050,IMLLERFASY,1.0
3051,QAWHCPYSF,1.0
3052,PNCLYQRYYH,1.0
3053,AVTIH,1.0
3054,WIMRPAYYM,1.0
3055,NSCYM,1.0
3056,FMLWQP,1.0
3057,MFVIIT,1.0
3058,IHCRN,1.0
3059,QICWL,1.0
3060,GHIFI,1.0
3061,WPHMPVQQHK,1.0
3062,VVPLSCVL,1.0
3063,LFQCH,1.0
3064,HDFEPWAGFW,1.0
3065,RICRW,1.0
3066,TLMTC,1.0
3067,THQVHW,1.0
3068,FAVFE,1.0
3069,PIRWIPD,1.0
3070,WQFFEFFY,1.0
3071,FWTYK,1.0
3072,KGFTDEFKSF,1.0
3073,IWYVA,1.0
3074,CLHGY,1.0
3075,EVHKFWI,1.0
3076,LFWSF,1.0
3077,KPSVQHV,1.0
3078,SAVGF,1.0
3079,SYWCTDV,1.0
3080,CAMVV,1.0
3081,FDNKWD,1.0
3082,REYMY,1.0
3083,CRIWFWYFLA,1.0
3084,ACPYCMYVV,1.0
3085,VPWMYHYCI,1.0
3086,IYWMAWPDMW,1.0
3087,PWTKWSM,1.0
3088,FKYDN,1.0
3089,AFPAF,1.0
3090,FWGYVYQRPY,1.0
3091,HLLMGF,1.0
3092,INWINH,1.0
3093,QNTMW,1.0
3094,VAGFYFWSA,1.0
3095,LRLHYH,1.0
3096,VWPEWPPP,1.0
3097,AFWYR,1.0
3098,RFHYDAYWLC,1.0
3099,SKLEYNY,1.0
3100,FSRYPY,1.0
3101,LAMACWSFY,1.0
3102,YVNKH,1.0
3103,TSISI,1.0
3104,PWCKHFPQVM,1.0
3105,WVIHAY,1.0
3106,WVIIL,1.0
3107,VCSPPAWH,1.0
3108,SCVWFWNF,1.0
3109,SYLYD,1.0
3110,YIQYPT,1.0
3111,SWDLSMH,1.0
3112,MRHEPMPWPI,1.0
3113,WYFDHFTCP,1.0
3114,YIETMSFPCL,1.0
3115,WFDQAP,1.0
3116,WTIYVFGLKV,1.0
3117,CHNKD,1.0
3118,IKCWCC,1.0
3119,WCDVTAWPVW,1.0
3120,VVKVPD,1.0
3121,SIIPWNHI,1.0
3122,IMCMSFRSQY,1.0
3123,KCICHP,1.0
3124,FLSYVCI,1.0
3125,HQYIFHEF,1.0
3126,PCTEWF,1.0
3127,NERHY,1.0
3128,FLTWAQ,1.0
3129,IPYVQLVWV,1.0
3130,CLAWA,1.0
3131,RRCWTDEISF,1.0
3132,QVWMS,1.0
3133,KHEHHS,1.0
3134,YVKMM,1.0
3135,YPVMAC,1.0
3136,HARWM,1.0
3137,CYWKFH,1.0
3138,RMELHFF,1.0
3139,FMQDTHFHYI,1.0
3140,WEWYS,1.0
3141,FWLLSPQ,1.0
3142,FLKTGY,1.0
3143,MHFSAYPF,1.0
3144,MLWSQL,1.0
3145,LCSHRWHIYC,1.0
3146,FRPMY,1.0
3147,SIVYWCPM,1.0
3148,CQWVCFA,1.0
3149,FNHHLSL,1.0
3150,WFWYFQNCGD,1.0
3151,WWCFLKQTNN,1.0
3152,STITP,1.0
3153,LMRQWPHW,1.0
3154,LFCGA,1.0
3155,TPWML,1.0
3156,IPFYH,1.0
3157,LNWDPI,1.0
3158,RKFCD,1.0
3159,YLPQMYMWEF,1.0
3160,SDYIHLMGVF,1.0
3161,TIVMWR,1.0
3162,YYTVFK,1.0
3163,WRDHCGCPCW,1.0
3164,GWWWSR,1.0
3165,TWAYT,1.0
3166,VLMSDRHVKY,1.0
3167,YPRALMKHAV,1.0
3168,HMVMVCV,1.0
3169,YEWLNNMWTY,1.0
3170,SIHWFQLCC,1.0
3171,CPHAV,1.0
3172,YNEFTALYWC,1.0
3173,IQHVLWKI,1.0
3174,FWPSI,1.0
3175,ELFNAW,1.0
3176,YVVPHY,1.0
3177,HVAHYIYL,1.0
3178,VCYVT,1.0
3179,FWNSCLNFVE,1.0
3180,PKPIDY,1.0
3181,NCCWV,1.0
3182,ERFSP,1.0
3183,SYCQTW,1.0
3184,GSPQGFW,1.0
3185,LPWDPWG,1.0
3186,PIFHYYLTDA,1.0
3187,DWWNIPIFKV,1.0
3188,FMGDMWTRY,1.0
3189,LTYVC,1.0
3190,GGDFKQEWFI,1.0
3191,QICWHHF,1.0
3192,IWPQE,1.0
3193,VYNQFW,1.0
3194,AFYMK,1.0
3195,IMKFPPC,1.0
3196,HFRMD,1.0
3197,YYCCGA,1.0
3198,TCYNG,1.0
3199,WKTLC,1.0
3200,EVWLR,1.0
3201,TYRQFHFG,1.0
3202,YRIPF,1.0
3203,LLLHYFCRN,1.0
3204,GYGLLHTLLF,1.0
3205,HEYWI,1.0
3206,YNSFWK,1.0
3207,IGVSINWF,1.0
3208,FARDF,1.0
3209,IFINEFM,1.0
3210,LKWEW,1.0
3211,FYTPPC,1.0
3212,RMAVISF,1.0
3213,QVKTCF,1.0
3214,LWQYH,1.0
3215,ELLFW,1.0
3216,IWFTHWIQK,1.0
3217,VVTECFAW,1.0
3218,DWSGW,1.0
3219,MSKYHTPPCY,1.0
3220,LFDPVFLL,1.0
3221,YKWPNFKWTP,1.0
3222,KGWHSDMFWM,1.0
3223,GRWLLYF,1.0
3224,VDHMI,1.0
3225,PEWSF,1.0
3226,GYWLDNW,1.0
3227,KYHKI,1.0
3228,YTHYFHCK,1.0
3229,TYVMTWSMM,1.0
3230,NYCTLFVRYK,1.0
3231,QHITCWV,1.0
3232,GMFSMWWC,1.0
3233,VHCIV,1.0
3234,IPYKWHV,1.0
3235,TWEWN,1.0
3236,VWVFMQM,1.0
3237,VMDCWRWPWA,1.0
3238,SYRAYH,1.0
3239,GPLCH,1.0
3240,PSKLH,1.0
3241,IYTFC,1.0
3242,WAMAT,1.0
3243,STAYMSIFYE,1.0
3244,CHCCILYCTT,1.0
3245,PWWDHKY,1.0
3246,VVSYQFSTLR,1.0
3247,QWSVD,1.0
3248,WNWYWY,1.0
3249,CITIMTFTMM,1.0
3250,SWFAD,1.0
3251,LILGVC,1.0
3252,HWQIP,1.0
3253,QTPHEFY,1.0
3254,HPCVLFTVTY,1.0
3255,LLPIWC,1.0
3256,DWIYHR,1.0
3257,TIAGVF,1.0
3258,VILHPL,1.0
3259,NAMYS,1.0
3260,PIYKIM,1.0
3261,HIAKWP,1.0
3262,FDRFAG,1.0
3263,HAHWCF,1.0
3264,PLMLS,1.0
3265,WIPMLSW,1.0
3266,VWSYTPT,1.0
3267,HHIWYL,1.0
3268,YIFCPG,1.0
3269,SIMTTIYPC,1.0
3270,HIYSF,1.0
3271,KYSERCVMWL,1.0
3272,SIYIGVWILF,1.0
3273,YLQQW,1.0
3274,IHLESW,1.0
3275,YFWFGEFIML,1.0
3276,PLHNVAFHWN,1.0
3277,TLYYPCWVDT,1.0
3278,TSPWT,1.0
3279,VLPYFC,1.0
3280,WHNYSIWWI,1.0
3281,LMVHC,1.0
3282,YFRVQW,1.0
3283,PVFQHMP,1.0
3284,VKWWV,1.0
3285,YMPFA,1.0
3286,FIFHH,1.0
3287,GNMFYL,1.0
3288,TGDWPFFLTS,1.0
3289,YAYFHN,1.0
3290,TADKYYHIY,1.0
3291,WPPNEWFNWS,1.0
3292,WACQC,1.0
3293,TWSYPKNTHI,1.0
3294,RWQWWN,1.0
3295,SWDPYTITRV,1.0
3296,AHFWLHFEWW,1.0
3297,IQPTCWCS,1.0
3298,HECWTMKWSW,1.0
3299,NHRGQYY,1.0
3300,VKPMWHTDV,1.0
3301,PCFTY,1.0
3302,LWCTYQMM,1.0
3303,YLFLP,1.0
3304,MRHWE,1.0
3305,FYWTAL,1.0
3306,MWIYPNT,1.0
3307,FWSNHI,1.0
3308,CNCWEWTF,1.0
3309,IWKNF,1.0
3310,WTHPLP,1.0
3311,QFVVSHIC,1.0
3312,WPVLDKFVII,1.0
3313,LFGISFQ,1.0
3314,CMCWVSKY,1.0
3315,LIEYTIFFCN,1.0
3316,LYLFV,1.0
3317,MWWGR,1.0
3318,PHMWT,1.0
3319,VWRVWCQ,1.0
3320,RVFECFGLF,1.0
3321,LHNPI,1.0
3322,YFWQIL,1.0
3323,CKLLCHTVFN,1.0
3324,CWRFQ,1.0
3325,TKFWP,1.0
3326,VSINSHW,1.0
3327,NLTPSSWW,1.0
3328,CWPFAA,1.0
3329,VHMLTHW,1.0
3330,EFRWF,1.0
3331,IFVNFSTTSK,1.0
3332,FNHVGF,1.0
3333,FWPEDYQIY,1.0
3334,HMFLGT,1.0
3335,CTYIEP,1.0
3336,RHLFHI,1.0
3337,SWDRLY,1.0
3338,VLVTI,1.0
3339,WIGTGCGYSL,1.0
3340,FGSINF,1.0
3341,LHYNKDLVWP,1.0
3342,PMDMFLCGSM,1.0
3343,MNPWS,1.0
3344,SHMWCIT,1.0
3345,IYFVRQGWHI,1.0
3346,AEYQPGYHFY,1.0
3347,LFCRDYYNR,1.0
3348,KSCYW,1.0
3349,HAIYT,1.0
3350,FGQFT,1.0
3351,KMYNLH,1.0
3352,LSCGW,1.0
3353,RKYPF,1.0
3354,MSWVLN,1.0
3355,MDWTV,1.0
3356,WPEGFMFHSH,1.0
3357,IHYNN,1.0
3358,FWEDIVLF,1.0
3359,PVCKLWETIW,1.0
3360,FPTFWKTVF,1.0
3361,EHWNQPWRYK,1.0
3362,YHMYKS,1.0
3363,KVENWS,1.0
3364,VWQHL,1.0
3365,SWNRL,1.0
3366,PYIWPLWVGC,1.0
3367,NTSNMMFLHH,1.0
3368,VLICS,1.0
3369,CTWIP,1.0
3370,QPHCV,1.0
3371,YDCHL,1.0
3372,DKYTC,1.0
3373,DVFWRL,1.0
3374,TIIMYC,1.0
3375,TYWGH,1.0
3376,EYWHIYK,1.0
3377,PNQIFSIFPV,1.0
3378,MCCTWKVFML,1.0
3379,EWFCMWL,1.0
3380,PAFQWYPMPW,1.0
3381,LAWTLY,1.0
3382,WHYVR,1.0
3383,DTWCFT,1.0
3384,CCMHIWNMDF,1.0
3385,FTMSM,1.0
3386,TYVWCMIE,1.0
3387,RYWADV,1.0
3388,LVLYMGFW,1.0
3389,YHAWWS,1.0
3390,LWYDY,1.0
3391,YWYKCW,1.0
3392,MGYHFNAYVR,1.0
3393,IGYLY,1.0
3394,PFYFDG,1.0
3395,TFDWWM,1.0
3396,WGFHMCRCQF,1.0
3397,ISWHFQAL,1.0
3398,WYVSVWEM,1.0
3399,KQTYH,1.0
3400,LKCFV,1.0
3401,APIKHSFYNW,1.0
3402,HPLPYLTLPI,1.0
3403,KPIDHHHWR,1.0
3404,IFLSFNF,1.0
3405,IYYPF,1.0
3406,NQWMY,1.0
3407,DYLCIQHFQF,1.0
3408,MRHWEWHGPP,1.0
3409,STYRY,1.0
3410,MRKATIGWFH,1.0
3411,LTMVYRYSIS,1.0
3412,HFLCIWTGL,1.0
3413,NGHWMS,1.0
3414,MKGVSW,1.0
3415,YSQFLAYNHY,1.0
3416,NKPFWIV,1.0
3417,PMEWK,1.0
3418,CNWMH,1.0
3419,VMWIVS,1.0
3420,YTAIVI,1.0
3421,KLCPF,1.0
3422,HTISHYNW,1.0
3423,RKLEMMCCFY,1.0
3424,VNWCFD,1.0
3425,VPWFRYDDAT,1.0
3426,CYFQGV,1.0
3427,IFYIHYKAL,1.0
3428,LPFKTPPMYN,1.0
3429,NPLWVT,1.0
3430,WLPSMYQ,1.0
3431,FKLYMY,1.0
3432,HPPFES,1.0
3433,PGLSYPPGW,1.0
3434,SICHM,1.0
3435,YLWGGV,1.0
3436,HVFISFPPMI,1.0
3437,HSILV,1.0
3438,WYPKNCYKW,1.0
3439,PFILNAF,1.0
3440,RLCCF,1.0
3441,GSLFYQSLSC,1.0
3442,NVDFSY,1.0
3443,HYLVYHHWEY,1.0
3444,YGHYV,1.0
3445,NKFWS,1.0
3446,WLYQP,1.0
3447,RYMCWYWWM,1.0
3448,YMVHAGKWSS,1.0
3449,MVVCFIH,1.0
3450,WYGYQ,1.0
3451,KCAFPTDAWP,1.0
3452,VYTLGRSLPC,1.0
3453,CWHICCDWW,1.0
3454,PPKHH,1.0
3455,KYKFGPYGIH,1.0
3456,HVRDVWFRSC,1.0
3457,FRSFAE,1.0
3458,RFIET,1.0
3459,FLTYIKC,1.0
3460,SYFTF,1.0
3461,WKNLFYVMA,1.0
3462,PRFYYLHVMG,1.0
3463,CKLDST,1.0
3464,YLWRPVRPSD,1.0
3465,FSKFQ,1.0
3466,VMYWK,1.0
3467,IVIYTDI,1.0
3468,DGIWF,1.0
3469,TWPITNFQYV,1.0
3470,VFIIEVP,1.0
3471,FWSPS,1.0
3472,DFLRT,1.0
3473,WWGLNVRY,1.0
3474,GQFLFWIAI,1.0
3475,ITHYWSWF,1.0
3476,LCYSHA,1.0
3477,WIYVMIFIQA,1.0
3478,FMRWCYWP,1.0
3479,WFHYE,1.0
3480,NPWWMCHF,1.0
3481,WSVDPAEYWC,1.0
3482,GFCLNVF,1.0
3483,MCFNTCFQLH,1.0
3484,HCFSQY,1.0
3485,KYPWMFHLNK,1.0
3486,WWRYVLTSG,1.0
3487,YWDGTYMTKV,1.0
3488,VVHTTCFLVC,1.0
3489,IGFSN,1.0
3490,SSFMMIWARW,1.0
3491,WERWC,1.0
3492,GYHLYV,1.0
3493,PFVTYE,1.0
3494,DFITYHWQSC,1.0
3495,CCKGPIF,1.0
3496,WNWSCEM,1.0
3497,VGSPWGHCTW,1.0
3498,SYHVVWCSAV,1.0
3499,NTWVI,1.0
3500,SGYYF,1.0
3501,DAWCCIHRWW,1.0
3502,TDVVFIH,1.0
3503,MCMSYA,1.0
3504,WMGYGW,1.0
3505,VYFEKCHYHL,1.0
3506,VRFIMF,1.0
3507,GVNYSW,1.0
3508,VTIQSW,1.0
3509,WLPTMWGHHI,1.0
3510,HEFYPP,1.0
3511,AWWGIM,1.0
3512,MPWST,1.0
3513,MYDVCI,1.0
3514,VLHCHFLMRS,1.0
3515,ASWISS,1.0
3516,SYYYMF,1.0
3517,YWILVWLAY,1.0
3518,TWAFACV,1.0
3519,YMMMFIM,1.0
3520,WMRHV,1.0
3521,MWCPFPG,1.0
3522,FERWN,1.0
3523,KLDRLF,1.0
3524,YHTTL,1.0
3525,WFFTSYT,1.0
3526,YCSLQMMKWI,1.0
3527,PFYGCLA,1.0
3528,YGFDCW,1.0
3529,RTLLFTYS,1.0
3530,HMKGWT,1.0
3531,KGACWF,1.0
3532,PPHDHFPCL,1.0
3533,TFWPPPVY,1.0
3534,PYYFLI,1.0
3535,MGMTHFQ,1.0
3536,PNYCW,1.0
3537,FIYHRAKVHF,1.0
3538,FGLEF,1.0
3539,IETPWV,1.0
3540,SPYWD,1.0
3541,FLHPMTV,1.0
3542,LYTIG,1.0
3543,KMEYIW,1.0
3544,YHMWMMC,1.0
3545,ITYMY,1.0
3546,PFGSAF,1.0
3547,WIMHS,1.0
3548,CSCIGMWEYY,1.0
3549,TYESGYFY,1.0
3550,FHWMQ,1.0
3551,ETTHRWPQYH,1.0
3552,EFYISFR,1.0
3553,MFFHWA,1.0
3554,YLLTIHY,1.0
3555,WWTLTSLM,1.0
3556,FIEYIW,1.0
3557,CRMYD,1.0
3558,YCWMYHWIAP,1.0
3559,MFLIWK,1.0
3560,DMKPF,1.0
3561,DVLCCLHRLF,1.0
3562,CWVHCQT,1.0
3563,GFIVA,1.0
3564,LACGW,1.0
3565,FTFCY,1.0
3566,VSRFH,1.0
3567,IWYSWC,1.0
3568,VPNMLNIREW,1.0
3569,RFHEWYEAAI,1.0
3570,PSHKPM,1.0
3571,CWGHFDEMYK,1.0
3572,DLRIQHH,1.0
3573,LMGKYV,1.0
3574,IINFH,1.0
3575,YMYWSKSGFI,1.0
3576,RFDCCHI,1.0
3577,IVIAF,1.0
3578,YCCFT,1.0
3579,WVQQLPQFHK,1.0
3580,CGTHIIPHYI,1.0
3581,FCYVF,1.0
3582,WIHSY,1.0
3583,DMWWHA,1.0
3584,YCYAIT,1.0
3585,YSTFH,1.0
3586,SLFTNTFC,1.0
3587,TCFAFICTWH,1.0
3588,TREFV,1.0
3589,LNLWMHVYHW,1.0
3590,TKVNAWW,1.0
3591,FVHCCP,1.0
3592,KYIWH,1.0
3593,WATCFWTS,1.0
3594,WCPNP,1.0
3595,HTNHIML,1.0
3596,FLTCVKNF,1.0
3597,MRSWW,1.0
3598,GVWWMHACFH,1.0
3599,YGEYYGVMKM,1.0
3600,WHYTGFML,1.0
3601,KYFVFVGLP,1.0
3602,NHYMD,1.0
3603,TCLRY,1.0
3604,YWFVLVY,1.0
3605,STWFWICTIQ,1.0
3606,PCCYI,1.0
3607,GLQVW,1.0
3608,YAMHMPGHKF,1.0
3609,YCCIA,1.0
3610,YMYWS,1.0
3611,FQLNFFS,1.0
3612,WSCTQ,1.0
3613,TCVMFA,1.0
3614,PVWTAN,1.0
3615,DHWMY,1.0
3616,GMHKY,1.0
3617,SFISI,1.0
3618,RWFVHVI,1.0
3619,WVIDSWCSW,1.0
3620,YIDDWWIKFN,1.0
3621,QPYFTW,1.0
3622,VCYHHMVFGC,1.0
3623,FFQHFAD,1.0
3624,VPLEF,1.0
3625,SYHVV,1.0
3626,VIYEW,1.0
3627,MKLVIEW,1.0
3628,FRCDHS,1.0
3629,IMMIW,1.0
3630,FISGIIV,1.0
3631,YLTWLSMHAV,1.0
3632,HNFWT,1.0
3633,PARDYHC,1.0
3634,SNTWYC,1.0
3635,KTHYSY,1.0
3636,HWCYYWILQQ,1.0
3637,SWLGYIEDKF,1.0
3638,NPHIC,1.0
3639,MLYQVYV,1.0
3640,WMRCSWV,1.0
3641,CQWYWGM,1.0
3642,INFCT,1.0
3643,HTMLCA,1.0
3644,RDIFWM,1.0
3645,DWCYCGWH,1.0
3646,WVSNS,1.0
3647,PSRSFFFL,1.0
3648,EKLYC,1.0
3649,HMFWGDSYP,1.0
3650,RYPWL,1.0
3651,YPFSIPNKMS,1.0
3652,SKFWLVSMHA,1.0
3653,ADYIC,1.0
3654,MCGNFPYYV,1.0
3655,WWDMH,1.0
3656,RIITLF,1.0
3657,RFCFKF,1.0
3658,VYTHH,1.0
3659,GWLAM,1.0
3660,KPVGWPFKY,1.0
3661,CTIWF,1.0
3662,CNYWLD,1.0
3663,ALHRD,1.0
3664,YFFDM,1.0
3665,HGFTI,1.0
3666,YLVPTLSVPV,1.0
3667,TMYCT,1.0
3668,PYGIG,1.0
3669,DVAVMWYVHP,1.0
3670,FSEHL,1.0
3671,HNFYPN,1.0
3672,NHCSF,1.0
3673,VAWFCQQLYI,1.0
3674,TFFFL,1.0
3675,FWGQGMYTWL,1.0
3676,CWWWWVIFW,1.0
3677,VCEKCSYKLH,1.0
3678,RWCWGYI,1.0
3679,HCTPG,1.0
3680,YSFLF,1.0
3681,AYIVC,1.0
3682,NHHCYI,1.0
3683,YWLLLR,1.0
3684,KALHQWL,1.0
3685,SMYHFYYMA,1.0
3686,AFHESKFAGW,1.0
3687,YNHRSH,1.0
3688,WHARFWYMMQ,1.0
3689,TVRYVFL,1.0
3690,CCPITTQWWQ,1.0
3691,ICIFQ,1.0
3692,WKPWY,1.0
3693,ILYCDY,1.0
3694,IVAAAALHLW,1.0
3695,ISLMMNWS,1.0
3696,HWCIWFHWRM,1.0
3697,TVKYDWV,1.0
3698,LMFWSCHSFS,1.0
3699,LMRWW,1.0
3700,LMVYM,1.0
3701,YYYFPI,1.0
3702,WVYFHTWNI,1.0
3703,HFIDFC,1.0
3704,TYHCSL,1.0
3705,KHGVWMKYIH,1.0
3706,VLHDWVTPY,1.0
3707,RVAKCTQDYF,1.0
3708,TQISYPT,1.0
3709,CPEPPDYY,1.0
3710,FETSFLC,1.0
3711,GCFSYH,1.0
3712,VPRWF,1.0
3713,WTSIG,1.0
3714,PFTMM,1.0
3715,FSHRM,1.0
3716,WLNYQ,1.0
3717,SNMHVQ,1.0
3718,PLLMF,1.0
3719,GWMWTVT,1.0
3720,WSPHIKF,1.0
3721,FKRYLL,1.0
3722,SSHTCLYL,1.0
3723,CHLWHQYCW,1.0
3724,IHLYLI,1.0
3725,SHPSNIL,1.0
3726,HIWWF,1.0
3727,TIFSSGF,1.0
3728,SSYDPY,1.0
3729,YRWSM,1.0
3730,WHVCNLW,1.0
3731,SYIMSL,1.0
3732,PGHFVY,1.0
3733,ITVWC,1.0
3734,HQHKV,1.0
3735,WLMGWE,1.0
3736,CPNLHV,1.0
3737,HVPLT,1.0
3738,FHAQM,1.0
3739,CGREWWH,1.0
3740,YHHDY,1.0
3741,CFWLN,1.0
3742,TTPVP,1.0
3743,VMYVYF,1.0
3744,HRPDF,1.0
3745,WTFPIFPE,1.0
3746,LRFYYLQFHS,1.0
3747,SYQVP,1.0
3748,LFFGA,1.0
3749,WTHAT,1.0
3750,PFTVC,1.0
3751,IIMDLYAL,1.0
3752,WLFDVP,1.0
3753,LVRHSV,1.0
3754,YKTWKWCMFA,1.0
3755,TVVHN,1.0
3756,GSHCL,1.0
3757,CWVKF,1.0
3758,CCCMWW,1.0
3759,WMVVQY,1.0
3760,KECWH,1.0
3761,PMFEL,1.0
3762,WHGCS,1.0
3763,GLIPVVHW,1.0
3764,QFFVW,1.0
3765,ILGMTIEYYM,1.0
3766,DKYFYGFTTR,1.0
3767,TGWYG,1.0
3768,FSCPDFF,1.0
3769,VPCPV,1.0
3770,HIEWP,1.0
3771,DNWKP,1.0
3772,MYWRMYH,1.0
3773,WMVCWRD,1.0
3774,KKIWFYGP,1.0
3775,WPLAGYAIP,1.0
3776,PSPFWNFYF,1.0
3777,MVWHLM,1.0
3778,MIVYQLNFI,1.0
3779,WRHLC,1.0
3780,WARIFG,1.0
3781,GHWMRYVE,1.0
3782,YVYKVA,1.0
3783,AYWVS,1.0
3784,TSYAV,1.0
3785,CFWNN,1.0
3786,GKHIH,1.0
3787,WRMGIQDFSH,1.0
3788,FSNFP,1.0
3789,TCCTI,1.0
3790,SYYGFV,1.0
3791,FSINNL,1.0
3792,GGMCEFYISW,1.0
3793,LFMPIVWK,1.0
3794,PFYQA,1.0
3795,WYFNEWQY,1.0
3796,DGRFF,1.0
3797,GWFVV,1.0
3798,EQFLFV,1.0
3799,GWKHMWL,1.0
3800,FMKPAMWV,1.0
3801,KYYGT,1.0
3802,QCICF,1.0
3803,WHMFGHW,1.0
3804,DFMWLNYPCV,1.0
3805,FVWEQ,1.0
3806,FCYSQT,1.0
3807,CCFLHTLIFW,1.0
3808,KGKMWWM,1.0
3809,MGYLA,1.0
3810,HFQFCSI,1.0
3811,LTYDLP,1.0
3812,FHWPCPI,1.0
3813,HCFVAL,1.0
3814,SWPATLWIL,1.0
3815,GYHFY,1.0
3816,YSVAFHR,1.0
3817,AFCRTLWS,1.0
3818,FFWEFSHPIH,1.0
3819,VFVHGW,1.0
3820,AIHEW,1.0
3821,TWYGKI,1.0
3822,LFTNW,1.0
3823,KLTWRY,1.0
3824,YPVDHHFVVM,1.0
3825,FARIVFYHNY,1.0
3826,FLMISPF,1.0
3827,HRLYH,1.0
3828,FTTHCEYYMV,1.0
3829,EGCYFM,1.0
3830,DKFYWPHMIY,1.0
3831,WHTEGL,1.0
3832,FPCIFT,1.0
3833,NWFWVTCY,1.0
3834,EPHSHYW,1.0
3835,YFHDWM,1.0
3836,EFKMWT,1.0
3837,AIHSV,1.0
3838,PSFVPFT,1.0
3839,VNLYLD,1.0
3840,FPWTSVFYTT,1.0
3841,WMDCA,1.0
3842,RVPPWLC,1.0
3843,ICHYDFFV,1.0
3844,YLSHCFLT,1.0
3845,STVRQF,1.0
3846,MIIMFDCITS,1.0
3847,CPMFT,1.0
3848,CHSFM,1.0
3849,VYILWIWVPL,1.0
3850,FLRCD,1.0
3851,IMTYAAITGW,1.0
3852,KTSVMITEWT,1.0
3853,AMSHY,1.0
3854,DSHKWSF,1.0
3855,LELWHSWL,1.0
3856,KPMWL,1.0
3857,KFSFTHHLY,1.0
3858,GFPFVT,1.0
3859,LWLSTPSWWA,1.0
3860,FWATT,1.0
3861,HNYQGYQEYW,1.0
3862,YNRWNQMWSS,1.0
3863,IVWPDR,1.0
3864,LLKIFGMC,1.0
3865,LEYIR,1.0
3866,AIYWQ,1.0
3867,FLEGCWFFHH,1.0
3868,TCYGFYYNH,1.0
3869,TINMF,1.0
3870,SHWSWVN,1.0
3871,CWFNLGHGFF,1.0
3872,YDSCM,1.0
3873,FKITGWRF,1.0
3874,PFRIYPYT,1.0
3875,ILYYQ,1.0
3876,HCFMMG,1.0
3877,CIAGWW,1.0
3878,YLMWLPR,1.0
3879,ICMAGF,1.0
3880,YWWDT,1.0
3881,IEQYFGWM,1.0
3882,FKADTW,1.0
3883,NDWGF,1.0
3884,WTANYH,1.0
3885,HWPTCWG,1.0
3886,RCSDNIIHLW,1.0
3887,RWMVATQYF,1.0
3888,INMHSIH,1.0
3889,SVVGHGF,1.0
3890,KCLETY,1.0
3891,SYPVFE,1.0
3892,EKWTYHW,1.0
3893,SYKYS,1.0
3894,CTGIEHW,1.0
3895,MVHRLV,1.0
3896,SGHYM,1.0
3897,IMAWCIARHF,1.0
3898,KHYINNMISH,1.0
3899,MCEWSWLKFY,1.0
3900,FWFQAWHAH,1.0
3901,FGPLCY,1.0
3902,VEVICRWY,1.0
3903,GFWFVG,1.0
3904,MSFEPFWVLH,1.0
3905,ICPCP,1.0
3906,VASFY,1.0
3907,KMHFWS,1.0
3908,TREVWCPTHW,1.0
3909,WPPFDIV,1.0
3910,DWDWFTW,1.0
3911,LHAFP,1.0
3912,ISKLIYWNYK,1.0
3913,GSLFA,1.0
3914,SPFKTV,1.0
3915,WYKLHSNYFQ,1.0
3916,SHYYN,1.0
3917,VPVFDM,1.0
3918,WRILVHCNYW,1.0
3919,KWAPFSPF,1.0
3920,YCVKVIAWS,1.0
3921,MTLGCYF,1.0
3922,CIFAL,1.0
3923,VWSEYR,1.0
3924,PVYHTQH,1.0
3925,DIYIR,1.0
3926,FNQWCN,1.0
3927,KDYWV,1.0
3928,WCFQNDAMCP,1.0
3929,PFMHEA,1.0
3930,WATHT,1.0
3931,GPVLFP,1.0
3932,CHFQYLYSHI,1.0
3933,DTFWH,1.0
3934,WYMFKVM,1.0
3935,PYECFH,1.0
3936,WMHSF,1.0
3937,WGAFM,1.0
3938,LTDYV,1.0
3939,WWASHN,1.0
3940,WCHFKC,1.0
3941,TKQVWSM,1.0
3942,EDMYKIWYKL,1.0
3943,PFPKI,1.0
3944,SHFAPYQYMQ,1.0
3945,HSFGHY,1.0
3946,MILLVCS,1.0
3947,IMSKGIGTYI,1.0
3948,SLPQSW,1.0
3949,TLWTMCYW,1.0
3950,FSCACT,1.0
3951,FHLFYYENC,1.0
3952,SCKMHFV,1.0
3953,MPVNHH,1.0
3954,TYILWGI,1.0
3955,WLFPEFAWTT,1.0
3956,VQDWWQWFHP,1.0
3957,LRTFY,1.0
3958,FNWEPW,1.0
3959,FFVTQVWH,1.0
3960,FCEWKFSI,1.0
3961,YIPFDS,1.0
3962,ICPFWI,1.0
3963,VYLTD,1.0
3964,EKYCWH,1.0
3965,NAWCHI,1.0
3966,WNLVYSD,1.0
3967,FKWHK,1.0
3968,TYFAC,1.0
3969,AGWLYT,1.0
3970,LDYHM,1.0
3971,YNWPR,1.0
3972,RLVWV,1.0
3973,LCYLGMWL,1.0
3974,SLFWNI,1.0
3975,KRHCYP,1.0
3976,HKHEHCW,1.0
3977,HPSGTAFY,1.0
3978,PFWSL,1.0
3979,CNFIPMPILF,1.0
3980,WICQHW,1.0
3981,ESYYPF,1.0
3982,YFWGIIM,1.0
3983,FMIVAPIPYV,1.0
3984,CCIMT,1.0
3985,WHAWY,1.0
3986,RWCTD,1.0
3987,FPPIPPF,1.0
3988,HMNHGWMPVW,1.0
3989,KWDVVYWN,1.0
3990,PFVKQNFMRY,1.0
3991,KFTEF,1.0
3992,YACCV,1.0
3993,AFRYPSW,1.0
3994,FSFGFTEWT,1.0
3995,YSWMD,1.0
3996,FTSSS,1.0
3997,FMWEHMWNL,1.0
3998,QYCIW,1.0
3999,MLMLGCF,1.0
4000,YKDFVMWT,1.0
4001,TMFQFLCYSH,1.0
4002,NPCFMIWV,1.0
4003,MMCGF,1.0
4004,LFCSAS,1.0
4005,DLMYLL,1.0
4006,FGKFAAHIF,1.0
4007,RWSCPWSPDI,1.0
4008,MMHVLLYNLW,1.0
4009,TPYYQ,1.0
4010,SWLCT,1.0
4011,SITWVKFFWP,1.0
4012,PKWYYMQNAY,1.0
4013,HIQYDV,1.0
4014,VCWMPTPS,1.0
4015,MRWEWMIV,1.0
4016,NKYID,1.0
4017,WLKKPLYMF,1.0
4018,YPDHWPSY,1.0
4019,FGSFH,1.0
4020,KMQWYW,1.0
4021,KLFAC,1.0
4022,NMPMCFRF,1.0
4023,YPTFIKTW,1.0
4024,GHHTIY,1.0
4025,PRTMFEIRWE,1.0
4026,PVQTFHYT,1.0
4027,NLKEHF,1.0
4028,WNDIAKHPIW,1.0
4029,PYWII,1.0
4030,KTWMML,1.0
4031,FIMNVV,1.0
4032,PYGIH,1.0
4033,HNFTWMMCMC,1.0
4034,YCFHCNK,1.0
4035,WKAYSNDYSF,1.0
4036,TWRFIFH,1.0
4037,IVITL,1.0
4038,EFWMF,1.0
4039,QYWDY,1.0
4040,GMCPF,1.0
4041,FMTHSHW,1.0
4042,QIFLY,1.0
4043,YQALFMNWGA,1.0
4044,SHFCV,1.0
4045,SYRFP,1.0
4046,RWMVWNFI,1.0
4047,QWHCYNFII,1.0
4048,DTWPW,1.0
4049,AYPFF,1.0
4050,PWIHT,1.0
4051,SYIGT,1.0
4052,LYSHMMF,1.0
4053,PPFADH,1.0
4054,KSASNWLEYH,1.0
4055,LVHSYWQTYW,1.0
4056,VVWMF,1.0
4057,PISHMP,1.0
4058,IVWSG,1.0
4059,MTFIMN,1.0
4060,FSMTV,1.0
4061,SCHTFQM,1.0
4062,CWQSLVP,1.0
4063,PHCSY,1.0
4064,AFYYTVDWYF,1.0
4065,SRECPY,1.0
4066,LWTIGA,1.0
4067,IFSDS,1.0
4068,FHPIC,1.0
4069,PFMVHCMK,1.0
4070,MGFIH,1.0
4071,HLHGIVDMWW,1.0
4072,VVSYQ,1.0
4073,IILGYLFAPY,1.0
4074,GLWMF,1.0
4075,RLYAH,1.0
4076,WELWS,1.0
4077,CTSMTTMHWH,1.0
4078,LPCWQVWQV,1.0
4079,FPCFYK,1.0
4080,YKIVM,1.0
4081,VWMHT,1.0
4082,SIESWINHFT,1.0
4083,ISITFTT,1.0
4084,DHFIYPFSHW,1.0
4085,RTWFQYLS,1.0
4086,PNWLAY,1.0
4087,QPCNW,1.0
4088,WFNTRW,1.0
4089,APLTEFH,1.0
4090,FWFFSNWW,1.0
4091,SFWWS,1.0
4092,CHCTS,1.0
4093,FSSFMKRQWD,1.0
4094,LVTHPC,1.0
4095,MTYMHNL,1.0
4096,WPIMMIIMI,1.0
4097,WVTRTWTY,1.0
4098,WTMFQ,1.0
4099,WGMTI,1.0
4100,RIHEP,1.0
4101,TYMFAQ,1.0
4102,VHPIGHPM,1.0
4103,WPPLK,1.0
4104,PWPLWKNI,1.0
4105,LYYCYFHVKE,1.0
4106,CACPV,1.0
4107,PFGFY,1.0
4108,WKMVVY,1.0
4109,RYNFP,1.0
4110,IVIFP,1.0
4111,PFEGTFWAIY,1.0
4112,PWALKWP,1.0
4113,AWMCWHVFC,1.0
4114,LHKIW,1.0
4115,MWWKWTQ,1.0
4116,PFMGIY,1.0
4117,GFHWQQCIGW,1.0
4118,FTGKLWP,1.0
4119,NVWWWF,1.0
4120,HSMDSPFIHY,1.0
4121,VKLVSYV,1.0
4122,FDWKMC,1.0
4123,CWKVT,1.0
4124,YWRTSF,1.0
4125,RYATFNTWVI,1.0
4126,LETIQMFWSW,1.0
4127,YFHCIKYGFW,1.0
4128,LMRWWSECEW,1.0
4129,RMHPW,1.0
4130,YMKAVLWPA,1.0
4131,ICLHG,1.0
4132,RDCCDPIFRY,1.0
4133,WGHMFVEFLG,1.0
4134,FRSWCDT,1.0
4135,RKFVIFYQ,1.0
4136,IYIAV,1.0
4137,MLPMIRQHFG,1.0
4138,HHNYMAY,1.0
4139,WSESFP,1.0
4140,CLHLNCF,1.0
4141,WTQIDP,1.0
4142,TFFWCY,1.0
4143,CCPFT,1.0
4144,YQYKFLPYVM,1.0
4145,NYLVMLMICS,1.0
4146,IYTDWLA,1.0
4147,YFYRPT,1.0
4148,TMYPQVTKFA,1.0
4149,SPWFE,1.0
4150,YGWMSRWHV,1.0
4151,LTCNHNF,1.0
4152,NQWGY,1.0
4153,EYFFFSVS,1.0
4154,WPPYRTAFYF,1.0
4155,WTSSITLQRY,1.0
4156,WFMWYSAWA,1.0
4157,MPFKLVEVVM,1.0
4158,FYNFAE,1.0
4159,RHSLF,1.0
4160,NIDWF,1.0
4161,GKMGHYHS,1.0
4162,MFWCER,1.0
4163,VMDTHKDSIW,1.0
4164,HFHYIFMQDT,1.0
4165,WFWFMHM,1.0
4166,LSELHR,1.0
4167,INYCH,1.0
4168,ALMVWFWGM,1.0
4169,WRQFVP,1.0
4170,STINMGHWHT,1.0
4171,HKIFFRD,1.0
4172,TWFYPCKV,1.0
4173,WSIMYV,1.0
4174,YLTVR,1.0
4175,FRHPDT,1.0
4176,MHDQYWIC,1.0
4177,TLLIC,1.0
4178,CSHRGLYFAW,1.0
4179,FELWPY,1.0
4180,TMCYHLK,1.0
4181,KQYFC,1.0
4182,YRMIIDHT,1.0
4183,HWMPPLCWWH,1.0
4184,KYVWC,1.0
4185,IMYERMYYIA,1.0
4186,FKLFSLQVHK,1.0
4187,WLNYM,1.0
4188,FYMTRECNYC,1.0
4189,WTVWTMI,1.0
4190,YNYHD,1.0
4191,EKIWN,1.0
4192,KLVVC,1.0
4193,MLILNKW,1.0
4194,LVWNE,1.0
4195,RLERFEFYT,1.0
4196,MAFNH,1.0
4197,FMDVFT,1.0
4198,KVYEKWH,1.0
4199,WLMLIT,1.0
4200,LYFGKQFD,1.0
4201,LWVQW,1.0
4202,WPVEWTGHEH,1.0
4203,HWTWHK,1.0
4204,TWNYP,1.0
4205,TYQCC,1.0
4206,FKFWFVWH,1.0
4207,KYGFWYFHCI,1.0
4208,RHHPC,1.0
4209,DVTHR,1.0
4210,VHIFPWNL,1.0
4211,LYFAFDY,1.0
4212,LWVIS,1.0
4213,FMVCC,1.0
4214,VGYKSL,1.0
4215,MIMWPRLLIL,1.0
4216,TLMFLVII,1.0
4217,FHYNMH,1.0
4218,EVSTNIHMYH,1.0
4219,LTATMH,1.0
4220,CVMYWIICCS,1.0
4221,WRVWGII,1.0
4222,TPWGPHM,1.0
4223,SRFYSWRH,1.0
4224,VREHP,1.0
4225,KPYCRIWYFF,1.0
4226,TRPNPCWDVC,1.0
4227,WSQLHWAL,1.0
4228,GLKFLLYMFS,1.0
4229,WRYNF,1.0
4230,VRVWWNCHER,1.0
4231,MHGVW,1.0
4232,PCPFIKHTC,1.0
4233,SIQYT,1.0
4234,VNWMNG,1.0
4235,VVSSHL,1.0
4236,WMRICNLQFE,1.0
4237,YAYYY,1.0
4238,ITIWRQ,1.0
4239,VWILFSIYIG,1.0
4240,MPYFG,1.0
4241,SYTIIF,1.0
4242,CLDPAF,1.0
4243,VSYLNECHKH,1.0
4244,PYLDM,1.0
4245,SWGSIKWF,1.0
4246,IYCVQ,1.0
4247,FFSMD,1.0
4248,VRLWM,1.0
4249,PLAHQTW,1.0
4250,LNFVL,1.0
4251,WSKCHW,1.0
4252,WVSYYH,1.0
4253,VCYRD,1.0
4254,EHFMWGK,1.0
4255,YYDFHIMPST,1.0
4256,PSPFFDP,1.0
4257,TMHWH,1.0
4258,YLICK,1.0
4259,YHWHASH,1.0
4260,PHLPSHLIW,1.0
4261,TYPWVHN,1.0
4262,VLGNS,1.0
4263,IISTNH,1.0
4264,IIYKD,1.0
4265,CNAMWIFIFF,1.0
4266,GIQWMI,1.0
4267,FKQFI,1.0
4268,PWQEFVFI,1.0
4269,PHEFPTCFQT,1.0
4270,PMDFKL,1.0
4271,SQYWSWPHHA,1.0
4272,SISGWTPV,1.0
4273,SFVFP,1.0
4274,SPFRRELYF,1.0
4275,SFRQIIEWTK,1.0
4276,ICKEH,1.0
4277,FTLWKT,1.0
4278,TSLVWCQ,1.0
4279,WVYGFYCAHQ,1.0
4280,QWVVW,1.0
4281,HFKYMV,1.0
4282,DHWFC,1.0
4283,WATFWVY,1.0
4284,VEVWDKF,1.0
4285,PMVIY,1.0
4286,RMLSE,1.0
4287,KCFTFE,1.0
4288,SMHFMMMKYT,1.0
4289,WIMNRWV,1.0
4290,WPWFFS,1.0
4291,TVNYWNG,1.0
4292,MHVPI,1.0
4293,SCCRFPWWIT,1.0
4294,LHTMRWY,1.0
4295,HQMEFW,1.0
4296,PIHWDY,1.0
4297,KLISPY,1.0
4298,TWKHLFFV,1.0
4299,SCFMWMVH,1.0
4300,KHFWI,1.0
4301,WKVVFPIIIT,1.0
4302,QWNPLY,1.0
4303,GIHYMP,1.0
4304,IVHNL,1.0
4305,IFFRPYRY,1.0
4306,ELCWIL,1.0
4307,PSWFLWP,1.0
4308,NPHFT,1.0
4309,IHPFMS,1.0
4310,FQNFS,1.0
4311,MQRTFYYHC,1.0
4312,WLIMAIYPL,1.0
4313,VPCNDW,1.0
4314,VWYGM,1.0
4315,MVPTMWFS,1.0
4316,PVFTDFYD,1.0
4317,FHFFAY,1.0
4318,WMKWLAIHAT,1.0
4319,GCRFIWI,1.0
4320,MGIMHRW,1.0
4321,AAYHF,1.0
4322,PKNHWD,1.0
4323,VFDEYYLW,1.0
4324,TMLSKFLMDF,1.0
4325,SIRWQ,1.0
4326,WFEAIWMWKK,1.0
4327,ILAISYMYY,1.0
4328,HNWFP,1.0
4329,PSDFRCC,1.0
4330,KHWFCRFWPT,1.0
4331,GPPWKM,1.0
4332,GSLFSMWF,1.0
4333,VTQYWVVIMH,1.0
4334,RQYVIW,1.0
4335,MELLWFI,1.0
4336,FHWRM,1.0
4337,CHAPW,1.0
4338,YLFCCH,1.0
4339,MWLTQWWL,1.0
4340,LWVMFFMHVR,1.0
4341,WMLCELL,1.0
4342,YIFTGW,1.0
4343,YRIEQWVYL,1.0
4344,IFRNYN,1.0
4345,YVRLICL,1.0
4346,MGVFEIPYVC,1.0
4347,SMRWE,1.0
4348,SWQWGN,1.0
4349,VPYDGL,1.0
4350,LFNIW,1.0
4351,CMPLGCYI,1.0
4352,SHYWCR,1.0
4353,YFMKPSKFMQ,1.0
4354,IHTCYTFLRM,1.0
4355,YWPNTS,1.0
4356,GGVYDF,1.0
4357,FTTCHW,1.0
4358,TLWLH,1.0
4359,LKYVC,1.0
4360,FKFSPNW,1.0
4361,VWQHM,1.0
4362,KECYV,1.0
4363,HYVFRTLYVL,1.0
4364,FIDCFIWHH,1.0
4365,SPDPH,1.0
4366,FFLFLP,1.0
4367,KFFEGI,1.0
4368,CNYCT,1.0
4369,WHNVS,1.0
4370,WGKFNW,1.0
4371,FPFNHCICF,1.0
4372,WLHEHQY,1.0
4373,NNFHM,1.0
4374,LSHCCLIMF,1.0
4375,MCYRCPQCNY,1.0
4376,HEIFVY,1.0
4377,CSLRF,1.0
4378,WQKYQL,1.0
4379,WTHDNLWHM,1.0
4380,KSWQTMRSWW,1.0
4381,CPPPNPVWML,1.0
4382,PFTSWLW,1.0
4383,SNNYTY,1.0
4384,PIMKYEVVY,1.0
4385,WLTTIV,1.0
4386,WFIIDR,1.0
4387,FGIFC,1.0
4388,NCRWYY,1.0
4389,PIRHEDMWRH,1.0
4390,SNYHGWH,1.0
4391,NDWCK,1.0
4392,RWMVS,1.0
4393,YHHMD,1.0
4394,RVFWM,1.0
4395,NPFPIT,1.0
4396,WVKPHFESFD,1.0
4397,LKKDY,1.0
4398,NLYWS,1.0
4399,PIFIP,1.0
4400,WTSRI,1.0
4401,PMPVIPW,1.0
4402,LIGWTYFH,1.0
4403,WPQYHETTHR,1.0
4404,AWNNYH,1.0
4405,AHVHWH,1.0
4406,ECVWS,1.0
4407,ARINLWWSY,1.0
4408,GWTLIFLDFV,1.0
4409,INFKLALYQY,1.0
4410,DHIHVVFMKF,1.0
4411,GFYHYNIWKF,1.0
4412,IALIDW,1.0
4413,SYGHN,1.0
4414,FHRTLWM,1.0
4415,FTCWHKLDFT,1.0
4416,CVMAQW,1.0
4417,FIGFFYGQW,1.0
4418,WTGIHHN,1.0
4419,TLLAY,1.0
4420,LYIHHVYTS,1.0
4421,HMFHSP,1.0
4422,DVPHYM,1.0
4423,CSWMYSH,1.0
4424,FNRWP,1.0
4425,DVPIFWV,1.0
4426,LHTWVWLYNL,1.0
4427,FCFWMFPVEN,1.0
4428,SCHICIH,1.0
4429,FLPVFMTAIY,1.0
4430,SWWMCHINGH,1.0
4431,VHVWRFGWE,1.0
4432,WAPMY,1.0
4433,ILFSYCFTWL,1.0
4434,TNHGW,1.0
4435,HDHKWT,1.0
4436,TRLMWQVWMS,1.0
4437,PYAFGHTF,1.0
4438,SGRSF,1.0
4439,MIWGC,1.0
4440,MSDAW,1.0
4441,INYHL,1.0
4442,CRIYVWTFCI,1.0
4443,CWQEIWM,1.0
4444,LHTVGWWP,1.0
4445,FFMPFN,1.0
4446,ALCFN,1.0
4447,LHFGGYVVSH,1.0
4448,IHRMPMFT,1.0
4449,WTWPWVKTYF,1.0
4450,CWRMMHFN,1.0
4451,PHRHN,1.0
4452,PWKREVVYWK,1.0
4453,SWYMM,1.0
4454,YKNAFCFVYM,1.0
4455,RTYGH,1.0
4456,AGYIWMMKWE,1.0
4457,MQMFSFWS,1.0
4458,SMNPHVMI,1.0
4459,RCYHAMAWRF,1.0
4460,HYRMG,1.0
4461,WAPQGDTYCY,1.0
4462,HFVEV,1.0
4463,DKHMTWY,1.0
4464,KLICI,1.0
4465,VFDYH,1.0
4466,MGYAFWVVH,1.0
4467,YIFIRHISVG,1.0
4468,AFMSI,1.0
4469,HTLLF,1.0
4470,CWLRSVKYVP,1.0
4471,FFFEMYKWT,1.0
4472,PTYSIC,1.0
4473,NRYYN,1.0
4474,VRWWTA,1.0
4475,IWCIG,1.0
4476,TAWHQ,1.0
4477,ENRWYS,1.0
4478,RFNMI,1.0
4479,CIEFHP,1.0
4480,YLYNMFE,1.0
4481,RIWLT,1.0
4482,VYGQH,1.0
4483,YSSYS,1.0
4484,LEAWRY,1.0
4485,IYWCDMNPYL,1.0
4486,PPWDI,1.0
4487,CGRSIFVYF,1.0
4488,MNWDHWYC,1.0
4489,WFCIAGVIC,1.0
4490,IIMCI,1.0
4491,CAFYWMY,1.0
4492,YNGFMDWLYY,1.0
4493,NLYVM,1.0
4494,HHFQH,1.0
4495,WNHIK,1.0
4496,YWHFVTFFFL,1.0
4497,WQYVP,1.0
4498,VLLAV,1.0
4499,ISVFRYWRAF,1.0
4500,VFVVIG,1.0
4501,CYMDI,1.0
4502,CWVSYIFWA,1.0
4503,RSWHD,1.0
4504,WFKASVTKWI,1.0
4505,HTWNCHF,1.0
4506,EWRQLNIHYV,1.0
4507,PIMLH,1.0
4508,LVLLSMAYW,1.0
4509,NAWPITYP,1.0
4510,EFYYCV,1.0
4511,THRES,1.0
4512,DIAWCLL,1.0
4513,CQWCN,1.0
4514,LPFKT,1.0
4515,IFHHIK,1.0
4516,YCTWH,1.0
4517,KTYGV,1.0
4518,WLCPMAQW,1.0
4519,PSCFD,1.0
4520,TEAKGCMPFW,1.0
4521,MPLFNGHF,1.0
4522,FLEGNW,1.0
4523,GHYLD,1.0
4524,MCWPFK,1.0
4525,TFHNPICMWY,1.0
4526,SPFTFHGC,1.0
4527,LKYFR,1.0
4528,SFICFC,1.0
4529,PYIVD,1.0
4530,PWTFPA,1.0
4531,YWTILG,1.0
4532,MWWYYMWLS,1.0
4533,WLDRT,1.0
4534,LSVNTF,1.0
4535,QFHMY,1.0
4536,YKIYI,1.0
4537,WHWIPF,1.0
4538,HFMGK,1.0
4539,AKVEY,1.0
4540,LWPSVKVEFY,1.0
4541,FNSYVI,1.0
4542,LEFRD,1.0
4543,PYSNSW,1.0
4544,WQQFFL,1.0
4545,YPWLEYVDCF,1.0
4546,FAHTKAHWI,1.0
4547,FNCLMI,1.0
4548,PWVRVEH,1.0
4549,IYQCGNVWF,1.0
4550,DCIFWL,1.0
4551,PSSVNVYPYM,1.0
4552,TWWNF,1.0
4553,SILVTIFHWW,1.0
4554,TSFFC,1.0
4555,REFVTCW,1.0
4556,MVHNLFQW,1.0
4557,PMYCW,1.0
4558,WGVSY,1.0
4559,RLWPDFI,1.0
4560,IYFNWCLCDT,1.0
4561,KDYHA,1.0
4562,KWPVLIQSHG,1.0
4563,DRCLYCGHYF,1.0
4564,DKWCALWMM,1.0
4565,HYCRS,1.0
4566,TLPKFT,1.0
4567,QVKYT,1.0
4568,CIVITAWMKT,1.0
4569,SGWCVWWLTS,1.0
4570,KFNTLLYW,1.0
4571,VYRVN,1.0
4572,IFMRH,1.0
4573,GYVWQ,1.0
4574,WQKFTKWHCH,1.0
4575,MDFRIFW,1.0
4576,MPWYWV,1.0
4577,WTQCYRPQFV,1.0
4578,WRACFNMIVF,1.0
4579,CLKIYSVD,1.0
4580,FACTPI,1.0
4581,WRIFR,1.0
4582,FRHAFI,1.0
4583,MYKWK,1.0
4584,CMMTWMFC,1.0
4585,PRCSY,1.0
4586,VWIWFR,1.0
4587,HWPYVEVQPC,1.0
4588,LNGCH,1.0
4589,CWHSCQ,1.0
4590,DTTLSPWYFL,1.0
4591,NAWCC,1.0
4592,VSFPKPW,1.0
4593,HAFMSS,1.0
4594,YHHRW,1.0
4595,HLIFR,1.0
4596,SGRWL,1.0
4597,WMWKKWFEAI,1.0
4598,WHHHF,1.0
4599,DDIKWF,1.0
4600,KQDCF,1.0
4601,DNVRYW,1.0
4602,EWRQV,1.0
4603,GCFYI,1.0
4604,WVKPH,1.0
4605,HCMTQCMF,1.0
4606,YCECW,1.0
4607,STWIWWCHM,1.0
4608,TCNWYFYTYH,1.0
4609,VMQWMKMPCW,1.0
4610,TPDWKYINLL,1.0
4611,TIWWAP,1.0
4612,PTFST,1.0
4613,SAIIPFV,1.0
4614,RWFNQ,1.0
4615,CWFMTWTMYT,1.0
4616,CHMEFKT,1.0
4617,ASKFV,1.0
4618,FMMIFCKKMH,1.0
4619,TLIFWCCFLH,1.0
4620,YPMPFA,1.0
4621,SIMYTCMW,1.0
4622,VFGPHT,1.0
4623,VYPLNENWW,1.0
4624,GWFAN,1.0
4625,DTVHF,1.0
4626,HWCPQPKEWT,1.0
4627,RLAYLMEGYY,1.0
4628,QTCWAYTFTT,1.0
4629,TDMKW,1.0
4630,VFHKPH,1.0
4631,RVMFF,1.0
4632,VWKWS,1.0
4633,IWSHHLC,1.0
4634,WYYRN,1.0
4635,SVWINHE,1.0
4636,RIIVHYT,1.0
4637,KICTF,1.0
4638,KCMWPLCLW,1.0
4639,PNLHYST,1.0
4640,RFCNWT,1.0
4641,DFWYLVM,1.0
4642,HMWWM,1.0
4643,IIHCGCLS,1.0
4644,LKSHLDIF,1.0
4645,PFTPPWWAS,1.0
4646,KAWGRVVWMF,1.0
4647,FLEQHVFW,1.0
4648,VDCLYRFMTT,1.0
4649,CSQYFTVHF,1.0
4650,KEAINYYFS,1.0
4651,AGWFMG,1.0
4652,SEVMTCCFVY,1.0
4653,TQPFMV,1.0
4654,DYRCY,1.0
4655,STPIVF,1.0
4656,VGITFG,1.0
4657,QHMWVK,1.0
4658,WKPYMKH,1.0
4659,LIFVRTPCF,1.0
4660,SPFWFHLS,1.0
4661,SFIAM,1.0
4662,SIFVFHI,1.0
4663,SRQPWE,1.0
4664,ISKLH,1.0
4665,WKAYS,1.0
4666,SPHCVA,1.0
4667,WVVLHS,1.0
4668,AKFFY,1.0
4669,IHLLQW,1.0
4670,WAWIM,1.0
4671,VHVGYD,1.0
4672,IHTFI,1.0
4673,WFFLQ,1.0
4674,RWHWP,1.0
4675,QTSGNWWL,1.0
4676,IIFQWAWH,1.0
4677,FKNIFWCTLF,1.0
4678,HFHPK,1.0
4679,LWVQWPGGLM,1.0
4680,PTWNNHWCY,1.0
4681,IAVKKGWHMC,1.0
4682,TWPRIY,1.0
4683,FLTEWRFCC,1.0
4684,FYHLK,1.0
4685,DVGWLK,1.0
4686,MEWIHKF,1.0
4687,PHFVP,1.0
4688,GLGHW,1.0
4689,SKYFLM,1.0
4690,NPFQKGSLWY,1.0
4691,QMWFWI,1.0
4692,IAQWI,1.0
4693,CWDVC,1.0
4694,FTFLARYVAH,1.0
4695,TIFNP,1.0
4696,SGKWVH,1.0
4697,NIRYWSW,1.0
4698,IIEHFP,1.0
4699,SYDYY,1.0
4700,FWWVLRP,1.0
4701,PLTNW,1.0
4702,MHLWQMRY,1.0
4703,YMPYPYIISI,1.0
4704,ICTLI,1.0
4705,TWHVMSKVIF,1.0
4706,STKCRWHHHF,1.0
4707,LVMYNIV,1.0
4708,PKIMF,1.0
4709,IMDWFWHC,1.0
4710,LIVVVCWSGH,1.0
4711,LAFFA,1.0
4712,MWFRDLYL,1.0
4713,KERFFYP,1.0
4714,MHMIQF,1.0
4715,TLHQFM,1.0
4716,LYHMVSKV,1.0
4717,CRGLQHFYD,1.0
4718,VFKSP,1.0
4719,IVWSGKIYYF,1.0
4720,SYYEH,1.0
4721,KMRYLYFH,1.0
4722,GQKFW,1.0
4723,YVQVY,1.0
4724,WCFLHCLP,1.0
4725,PIPYVFMIVA,1.0
4726,IQFWRVGVCY,1.0
4727,NFMRY,1.0
4728,VFDLTKPFLP,1.0
4729,WNFPCNW,1.0
4730,GKHHIFS,1.0
4731,PELFNFY,1.0
4732,FYFTLRFQ,1.0
4733,RTWDQ,1.0
4734,HMMIDDWIWS,1.0
4735,KFCEVVW,1.0
4736,LCKFMPHRFA,1.0
4737,YLYPEI,1.0
4738,LPMVMMWMFW,1.0
4739,MWRIMQWCF,1.0
4740,KIHLFE,1.0
4741,CFIQLDTFWH,1.0
4742,DTQWYY,1.0
4743,TDRIWHFQPV,1.0
4744,YFSFGHN,1.0
4745,DSYCL,1.0
4746,VSWHTIF,1.0
4747,FNLTAYV,1.0
4748,GWVHWS,1.0
4749,LAGTFPF,1.0
4750,EFLCRF,1.0
4751,FYFIKASF,1.0
4752,HSMCV,1.0
4753,HKYMA,1.0
4754,HYVCSMECLK,1.0
4755,VHYNR,1.0
4756,WRESWIY,1.0
4757,LAHYR,1.0
4758,MWMASPS,1.0
4759,KEYFT,1.0
4760,MNFTYY,1.0
4761,LICAGWV,1.0
4762,AFSVFTAMFA,1.0
4763,YWPCHFFWIL,1.0
4764,IWYQWCKTFS,1.0
4765,EYSRYV,1.0
4766,ISMPFPWYN,1.0
4767,FRGFE,1.0
4768,AWFRPS,1.0
4769,PDFWDVCRF,1.0
4770,YNVLWIT,1.0
4771,QIWLDHCT,1.0
4772,WIKPCYLG,1.0
4773,LYFEF,1.0
4774,LVHLPGYVWQ,1.0
4775,MVIFNV,1.0
4776,GVWWM,1.0
4777,HKMITLWNW,1.0
4778,HNFWLWCRNY,1.0
4779,AWVKCYIYMM,1.0
4780,ATRFYL,1.0
4781,MSNLCGCFQW,1.0
4782,HMPHVH,1.0
4783,YRIPFMNAHP,1.0
4784,FHVRTTMLYH,1.0
4785,MPFKVQC,1.0
4786,LHCFP,1.0
4787,RWSHP,1.0
4788,HRFWVVWIL,1.0
4789,DRFGT,1.0
4790,YSTIYIAQWI,1.0
4791,MYHNC,1.0
4792,FMLEGMF,1.0
4793,IFVNF,1.0
4794,CWMIDY,1.0
4795,NIYTFC,1.0
4796,FPQVM,1.0
4797,SFLFCSY,1.0
4798,YWVQIQAQFP,1.0
4799,LHHGT,1.0
4800,VLIFF,1.0
4801,SVVIICF,1.0
4802,IWRQCD,1.0
4803,FYPPRC,1.0
4804,CFCDCKQLKY,1.0
4805,NFRFYHE,1.0
4806,SWCTD,1.0
4807,VWPMCHWIGV,1.0
4808,ITFWQFLAIF,1.0
4809,SFRIFPW,1.0
4810,KDCYI,1.0
4811,SWMGARHQHH,1.0
4812,NTRYD,1.0
4813,HTWWDI,1.0
4814,FAMAW,1.0
4815,MDLIIFIF,1.0
4816,HYNCPRYDIY,1.0
4817,KSGHWM,1.0
4818,EVYRHYQWAY,1.0
4819,LQFHID,1.0
4820,YYMIAI,1.0
4821,WWGPHPWL,1.0
4822,VMFSGDW,1.0
4823,VFKILWP,1.0
4824,LRVHWLTHHM,1.0
4825,GPQVGFWP,1.0
4826,SMWSFD,1.0
4827,YPDITLKCVY,1.0
4828,PWIIAM,1.0
4829,VHNIT,1.0
4830,MGVPIYFVV,1.0
4831,CWVVAW,1.0
4832,WTSAH,1.0
4833,YKRMDY,1.0
4834,VFTKH,1.0
4835,QMLWP,1.0
4836,YTITY,1.0
4837,GCFFL,1.0
4838,FPRPLFVFRF,1.0
4839,CFKKI,1.0
4840,LCMAFTPH,1.0
4841,SSERNYYW,1.0
4842,YLFCVGT,1.0
4843,SWSEDIGYLY,1.0
4844,DHVWRT,1.0
4845,HEKFGHHY,1.0
4846,KWYSSWKVC,1.0
4847,QLCIP,1.0
4848,MCWYMK,1.0
4849,MWYSYFPK,1.0
4850,THLTLFFS,1.0
4851,CYNVC,1.0
4852,DFYWV,1.0
4853,EKYIT,1.0
4854,PLNWQ,1.0
4855,MQFWNPHSKD,1.0
4856,YRQEPWIF,1.0
4857,KSPVLFG,1.0
4858,LFNFHNYMW,1.0
4859,CQPYYQW,1.0
4860,IAGFKFVYKE,1.0
4861,TFYCIMIT,1.0
4862,VVSAI,1.0
4863,FLMYH,1.0
4864,FWEVTV,1.0
4865,IIWKCINSKH,1.0
4866,FMWTWR,1.0
4867,YEHRI,1.0
4868,WHIQHGWGDW,1.0
4869,HYIIYLHKGS,1.0
4870,LGHSFL,1.0
4871,FHCYSI,1.0
4872,TAHYK,1.0
4873,WCCMVPS,1.0
4874,YKFLQVE,1.0
4875,IAAFCFL,1.0
4876,IYICH,1.0
4877,RYNSFETFLP,1.0
4878,FVCVQNH,1.0
4879,KMQQWY,1.0
4880,WGLETW,1.0
4881,PHTHLAEWWW,1.0
4882,FDCLAHYKVS,1.0
4883,LPHSA,1.0
4884,MWEYYCSCIG,1.0
4885,IFLMGY,1.0
4886,HTYLCMC,1.0
4887,EYFICQYFIV,1.0
4888,LFFAFWLMP,1.0
4889,IMMNIDW,1.0
4890,WFGQM,1.0
4891,SILFD,1.0
4892,IYPCILE,1.0
4893,LTAYFC,1.0
4894,HYFNCDF,1.0
4895,WTYFQF,1.0
4896,MVVKFY,1.0
4897,LKIGW,1.0
4898,SWLVAAGWYR,1.0
4899,LSWVWFLV,1.0
4900,RWVVP,1.0
4901,HMISRW,1.0
4902,GSWTD,1.0
4903,RWCGSWS,1.0
4904,SHYRI,1.0
4905,WVWVN,1.0
4906,RDIYCQW,1.0
4907,KSCFND,1.0
4908,FSYPI,1.0
4909,FHYYRQ,1.0
4910,NTWWN,1.0
4911,EMYYQ,1.0
4912,HCVEW,1.0
4913,YQFTNWGC,1.0
4914,MSEHW,1.0
4915,NWPMFIM,1.0
4916,HPICW,1.0
4917,PQVDVWH,1.0
4918,FYYGIQSLI,1.0
4919,VEKIYS,1.0
4920,FMYRLF,1.0
4921,IRFIWPP,1.0
4922,ITWWKYKWMP,1.0
4923,MTFWIE,1.0
4924,WSVEFFNRFT,1.0
4925,MMVPVLL,1.0
4926,WWWKNDKLIQ,1.0
4927,CHWGMGQLML,1.0
4928,NCPPYH,1.0
4929,WMTFCHE,1.0
4930,LEYKL,1.0
4931,PTRYTL,1.0
4932,KAMWTT,1.0
4933,VDLKLY,1.0
4934,VFMNALCSYH,1.0
4935,WPFTYCFSGG,1.0
4936,IDRLT,1.0
4937,LLSCTP,1.0
4938,DWLIPIMLF,1.0
4939,HHLTF,1.0
4940,HRVCSYYIAH,1.0
4941,CWDWMWFIW,1.0
4942,YIMFIH,1.0
4943,VPSLYW,1.0
4944,MPYMWW,1.0
4945,YCWLRFTEFR,1.0
4946,FIHTWH,1.0
4947,MGFWPWLF,1.0
4948,WMINWTQV,1.0
4949,FLDPHTF,1.0
4950,FGCQVFL,1.0
4951,IRDIQRIYHL,1.0
4952,NTHQMFV,1.0
4953,TPHTSS,1.0
4954,FTLDC,1.0
4955,WKIYFWWNYA,1.0
4956,WADRI,1.0
4957,WFLWSKW,1.0
4958,MFTELLKW,1.0
4959,FFCICT,1.0
4960,MYWTC,1.0
4961,YWDMVGPW,1.0
4962,KCIYS,1.0
4963,WNSFCV,1.0
4964,LIVMRAWI,1.0
4965,WLAGV,1.0
4966,YNPSS,1.0
4967,KFQFFP,1.0
4968,CVLTC,1.0
4969,SYAKREHHTP,1.0
4970,SCHHS,1.0
4971,LYENS,1.0
4972,YDYFLFCCY,1.0
4973,RPVRWWC,1.0
4974,IWMDI,1.0
4975,LLIKGHVS,1.0
4976,WCTMR,1.0
4977,GKHTY,1.0
4978,MMCMPSEHYP,1.0
4979,CHKPE,1.0
4980,FTLVMG,1.0
4981,FATWK,1.0
4982,RYFPI,1.0
4983,PCFLKYP,1.0
4984,FVKSWMHV,1.0
4985,VHTLL,1.0
4986,VPHDFWFK,1.0
4987,PNFCC,1.0
4988,IGNYEW,1.0
4989,LELHFV,1.0
4990,NFFMWM,1.0
4991,IWEHFPK,1.0
4992,FLCNTFFSQP,1.0
4993,YTYFRFKLSA,1.0
4994,MQIHFWK,1.0
4995,CWQWCWQII,1.0
4996,FAQRWV,1.0
4997,GIIMFHI,1.0
4998,SFELVQFCYM,1.0
4999,WIFSKT,1.0
5000,HRTFLWLF,1.0
5001,MLWQNW,1.0
5002,KWSSV,1.0
5003,CVVHS,1.0
5004,WAFKIHTCWR,1.0
5005,SEHNCYYM,1.0
5006,FLIVLTHG,1.0
5007,PTALEF,1.0
5008,YPPVPLW,1.0
5009,IWLQHVG,1.0
5010,IVFVKQWSMF,1.0
5011,IMFLHFY,1.0
5012,VEPSMHIYW,1.0
5013,VTWHR,1.0
5014,AKYHPIYHEY,1.0
5015,EYCVVY,1.0
5016,AGYLVLSFLW,1.0
5017,LCPCMF,1.0
5018,PAYETWHVW,1.0
5019,QPYLL,1.0
5020,VTMNVPIFKI,1.0
5021,YMVFV,1.0
5022,TIANW,1.0
5023,LWVGKMY,1.0
5024,FYNFES,1.0
5025,YKWLAA,1.0
5026,TEVDLYFY,1.0
5027,KLFHH,1.0
5028,RALYW,1.0
5029,HWWDCHVK,1.0
5030,CPYTDLYFV,1.0
5031,FPLVWH,1.0
5032,TGKFIH,1.0
5033,FFMLCV,1.0
5034,FMWMLIHG,1.0
5035,FPHFIC,1.0
5036,TTVMY,1.0
5037,LTWQN,1.0
5038,VEAWVKLYWF,1.0
5039,HKVVFWF,1.0
5040,LFKWVGHD,1.0
5041,DSPYH,1.0
5042,FYPLVMIHV,1.0
5043,TFAGF,1.0
5044,NVKWTH,1.0
5045,MFIEL,1.0
5046,LEVWIH,1.0
5047,LPKFMVTD,1.0
5048,IMVDYM,1.0
5049,IGQWDHF,1.0
5050,IKFDI,1.0
5051,QMIIWA,1.0
5052,NWMRYV,1.0
5053,IMMAFPFVL,1.0
5054,VIVHS,1.0
5055,PFWMMSNL,1.0
5056,FESCF,1.0
5057,HHFNI,1.0
5058,NKSETWF,1.0
5059,IWMYPHIVEK,1.0
5060,CNEYCHGWCW,1.0
5061,LTKCSDGYHW,1.0
5062,PWSRPL,1.0
5063,VKMYQY,1.0
5064,AAYYD,1.0
5065,WCFESFSI,1.0
5066,TMPCPTSH,1.0
5067,KFVVFWNHP,1.0
5068,VLDVKFF,1.0
5069,FANVVMWFYE,1.0
5070,TVWAQFYGFV,1.0
5071,WHVWPCCPF,1.0
5072,TPMHQHW,1.0
5073,KELYD,1.0
5074,MKVVECW,1.0
5075,YIGFDYVNW,1.0
5076,FHMVMMKAF,1.0
5077,TWLHFQL,1.0
5078,AYYMQL,1.0
5079,WAQWSS,1.0
5080,PMHHVD,1.0
5081,MWSHQ,1.0
5082,DSWRN,1.0
5083,YCHHRL,1.0
5084,MALCADYWH,1.0
5085,GVFYWEFMNM,1.0
5086,AHAYAW,1.0
5087,GYVIF,1.0
5088,EWSWY,1.0
5089,TVVYWVRSVD,1.0
5090,YKWPN,1.0
5091,VVYWKLM,1.0
5092,WCPMC,1.0
5093,TPKFV,1.0
5094,WITLY,1.0
5095,FYHCAV,1.0
5096,FQTTF,1.0
5097,FWMSEFFY,1.0
5098,VEVMPYACDH,1.0
5099,YWLCNL,1.0
5100,GIGHV,1.0
5101,CKPWSWD,1.0
5102,KMCYPFTFH,1.0
5103,CHFER,1.0
5104,RWPQY,1.0
5105,WHHID,1.0
5106,QTLWL,1.0
5107,NFHFKIETYS,1.0
5108,WLHKWWMI,1.0
5109,CEIPFFY,1.0
5110,ITHMWYNTHL,1.0
5111,YQPVCLY,1.0
5112,FQWFCVSSWT,1.0
5113,YFCKSY,1.0
5114,CCSTCYM,1.0
5115,EFIVWG,1.0
5116,KSVIHFE,1.0
5117,KDMVFFKVYW,1.0
5118,CKVSY,1.0
5119,CWIYKACTVH,1.0
5120,HPIKYQS,1.0
5121,RGMFFL,1.0
5122,FPCFTMQ,1.0
5123,GMLTF,1.0
5124,IYHICGT,1.0
5125,MCAMAWF,1.0
5126,SYSISN,1.0
5127,NWWMDKHRWH,1.0
5128,YLITSGACYF,1.0
5129,YWARVYS,1.0
5130,LRVCYTIFFN,1.0
5131,ELILH,1.0
5132,PHSMH,1.0
5133,LDRRFYQWLH,1.0
5134,WKKQIF,1.0
5135,HAYMRIEVKW,1.0
5136,YNKLW,1.0
5137,NFGMYA,1.0
5138,PMPRPDW,1.0
5139,CVKFPHRFLH,1.0
5140,SLCWP,1.0
5141,YNHCP,1.0
5142,FWDQTHQW,1.0
5143,FHCPS,1.0
5144,FGLEPYPPAF,1.0
5145,PFVHMFG,1.0
5146,MVPHVH,1.0
5147,FCWPIFWYT,1.0
5148,SVVWQ,1.0
5149,YLWDTL,1.0
5150,EKVHSLANYY,1.0
5151,DIWFL,1.0
5152,PMWDLYFIG,1.0
5153,WLISMKF,1.0
5154,YGHWYPT,1.0
5155,QLNLFL,1.0
5156,VYWLRDW,1.0
5157,WPSTGH,1.0
5158,YKWMPITWWK,1.0
5159,CFVFTFYQPC,1.0
5160,VDHKQFCAFP,1.0
5161,MCLPNY,1.0
5162,YEALCFKH,1.0
5163,LKWMYPDQQM,1.0
5164,HGIVYWIYCR,1.0
5165,CTYDR,1.0
5166,WKGWARIHGY,1.0
5167,SRFVHII,1.0
5168,PWICFAT,1.0
5169,LYHHI,1.0
5170,LAYFTPCV,1.0
5171,YQWLIG,1.0
5172,FPIQKH,1.0
5173,CGKLFH,1.0
5174,TYNHT,1.0
5175,FIIFKTF,1.0
5176,TWPNC,1.0
5177,YMWLARCSF,1.0
5178,IRFLCMHGF,1.0
5179,NMHHWWSPWH,1.0
5180,VNEWHVW,1.0
5181,MCKVWFYEYQ,1.0
5182,YPAAL,1.0
5183,MCFYSM,1.0
5184,WHFPEANCVI,1.0
5185,CHSFS,1.0
5186,QVLHVV,1.0
5187,QCYHPV,1.0
5188,CKSYVWM,1.0
5189,FYDNIVW,1.0
5190,CCKHP,1.0
5191,SWVSS,1.0
5192,TLNGCW,1.0
5193,SCEYVCGYTF,1.0
5194,WFCLFVT,1.0
5195,YVYIAEANWI,1.0
5196,AITFV,1.0
5197,CYFMYG,1.0
5198,GWAMH,1.0
5199,TCLLH,1.0
5200,QAWFN,1.0
5201,ISTVL,1.0
5202,YFKDFR,1.0
5203,MYLPRFTF,1.0
5204,SRDFHI,1.0
5205,WYRYG,1.0
5206,ILVCFYV,1.0
5207,KNHCAVPPYY,1.0
5208,WWHTI,1.0
5209,WRFWEV,1.0
5210,MFVLLD,1.0
5211,KSTDF,1.0
5212,WWVVWSQIDW,1.0
5213,LVHQRDYF,1.0
5214,HGDWTQLWRK,1.0
5215,YQYTWYDNYK,1.0
5216,WWYLMYC,1.0
5217,WWPEH,1.0
5218,LTWMLT,1.0
5219,WVCEG,1.0
5220,MYYLIYA,1.0
5221,GNYYM,1.0
5222,LFFIKH,1.0
5223,FAHMSPWCK,1.0
5224,VFCWGFS,1.0
5225,STTDWL,1.0
5226,FPFSN,1.0
5227,NKMMQPFWSL,1.0
5228,SCGVMW,1.0
5229,FYWLLMW,1.0
5230,FKDST,1.0
5231,MDIKFFW,1.0
5232,DMNSIIYYIW,1.0
5233,KLHTW,1.0
5234,MDKCWVNW,1.0
5235,FAWSWMVVMK,1.0
5236,IIWDW,1.0
5237,LYNCM,1.0
5238,YPNLNHI,1.0
5239,HVYNE,1.0
5240,IFLCFIM,1.0
5241,FWMDV,1.0
5242,VPCYMLLQAH,1.0
5243,FCVASMPFVN,1.0
5244,EYYPAIMGKW,1.0
5245,MYIIEPC,1.0
5246,WYNNCQF,1.0
5247,WRGHWCV,1.0
5248,WCYWDNFWAP,1.0
5249,TYYQT,1.0
5250,FTPKYM,1.0
5251,WMKMGTVYVC,1.0
5252,YSQYI,1.0
5253,EPRHW,1.0
5254,CFGWEIVKCV,1.0
5255,AKIMY,1.0
5256,PNWHD,1.0
5257,TKWVH,1.0
5258,TGLWKPY,1.0
5259,PWKTC,1.0
5260,LFIFAWL,1.0
5261,RNWIPPHIF,1.0
5262,NFVKPY,1.0
5263,FTHWCHVFI,1.0
5264,YHARLEFLCM,1.0
5265,CYFQFIE,1.0
5266,PSWWLNVTSI,1.0
5267,WWLWTWALRW,1.0
5268,VPYHHD,1.0
5269,KTCDWF,1.0
5270,WTGGFVN,1.0
5271,HGLLWILWCM,1.0
5272,GIFMGHMVWP,1.0
5273,IWMQY,1.0
5274,CSCYM,1.0
5275,HWPMMWRQP,1.0
5276,CYWSAE,1.0
5277,IRNTEWHMQY,1.0
5278,RSSFTFC,1.0
5279,AIPPIY,1.0
5280,HWWWI,1.0
5281,RTCSEF,1.0
5282,RCFHVKWTEW,1.0
5283,LMFWTKCE,1.0
5284,WKPCPEV,1.0
5285,LVWHFRFQ,1.0
5286,TIGVLHCWH,1.0
5287,KSTCW,1.0
5288,YVQFE,1.0
5289,KYSQFPMMFF,1.0
5290,VWLLVL,1.0
5291,EYMKAW,1.0
5292,VETTFPWIHT,1.0
5293,DCKHQFL,1.0
5294,HYLWQHWATH,1.0
5295,TWGWIY,1.0
5296,CLNLWFGQY,1.0
5297,NVYCVVLIRW,1.0
5298,HCIPTMP,1.0
5299,KMTFTWI,1.0
5300,SHIVP,1.0
5301,RIPDW,1.0
5302,MKYWEH,1.0
5303,NSHRCYYMFI,1.0
5304,CWCFPIV,1.0
5305,SHYRPI,1.0
5306,AMLTGWL,1.0
5307,MYFKL,1.0
5308,ESWLCWKH,1.0
5309,ISITY,1.0
5310,MLVHKT,1.0
5311,NYHES,1.0
5312,IFYKL,1.0
5313,RGHFIYI,1.0
5314,WVDLTFMY,1.0
5315,QPPSW,1.0
5316,WMMICH,1.0
5317,HRTVFWLY,1.0
5318,PYWAWRAECW,1.0
5319,WKFYDY,1.0
5320,SCRWA,1.0
5321,IVFIVNM,1.0
5322,LVHKTDWQYP,1.0
5323,TIGIIF,1.0
5324,GGHPI,1.0
5325,VIKDTWF,1.0
5326,LIKHIHD,1.0
5327,SLHSILWLCC,1.0
5328,CIITFFFP,1.0
5329,TKHGV,1.0
5330,PPWDIAFMSI,1.0
5331,FSNSI,1.0
5332,EIRYIL,1.0
5333,VWLKD,1.0
5334,LWGFMAAV,1.0
5335,IYITAREF,1.0
5336,FSVQQRHFIW,1.0
5337,RTIWYKYLL,1.0
5338,YFLMY,1.0
5339,HWWCGH,1.0
5340,VSSWR,1.0
5341,WWSCKAFYMK,1.0
5342,EFPWCVFMNN,1.0
5343,SNWWPNHHP,1.0
5344,VLWQHQY,1.0
5345,IVPWRCY,1.0
5346,MATYN,1.0
5347,LYLPFQS,1.0
5348,ILCSAVLYWW,1.0
5349,KMYEKWS,1.0
5350,SMEWWCWCF,1.0
5351,RKFWS,1.0
5352,EWLVFRLFIF,1.0
5353,VYNVN,1.0
5354,IYGHHM,1.0
5355,FVWDT,1.0
5356,VMLIHHWKP,1.0
5357,VFLPDW,1.0
5358,FIFMI,1.0
5359,IHLMHHI,1.0
5360,TWAYCM,1.0
5361,IFFSMA,1.0
5362,LQWFRMP,1.0
5363,IGLSPCF,1.0
5364,QFPWVK,1.0
5365,IGFEFFIQTC,1.0
5366,KDTYSCYKW,1.0
5367,IVFCE,1.0
5368,IMHCQLW,1.0
5369,LHHTKW,1.0
5370,PFVQHP,1.0
5371,GFPHMMSW,1.0
5372,QSNPW,1.0
5373,FAWGM,1.0
5374,PSTFADW,1.0
5375,WFTFW,1.0
5376,YFQHYSHIFH,1.0
5377,CWTPM,1.0
5378,KFHKHTFSVI,1.0
5379,VGDSPIIHFV,1.0
5380,IMLLPP,1.0
5381,YPFMGG,1.0
5382,MICFSFFLT,1.0
5383,WPFFTQRV,1.0
5384,MAPYT,1.0
5385,WSCFWWCLQ,1.0
5386,VWCHYV,1.0
5387,HIDWWKLI,1.0
5388,WWSSV,1.0
5389,KEFMYP,1.0
5390,VHSMM,1.0
5391,NHNIY,1.0
5392,FIPVP,1.0
5393,YAFLILIYIP,1.0
5394,WRFPT,1.0
5395,YMHCYY,1.0
5396,YFIET,1.0
5397,WMECPH,1.0
5398,RVMFFGHIFI,1.0
5399,YYCNM,1.0
5400,CYLLFNILSS,1.0
5401,CDLYS,1.0
5402,GMKSQFF,1.0
5403,FSWHT,1.0
5404,VWHGQY,1.0
5405,TWPKT,1.0
5406,AKMWI,1.0
5407,CYQSIH,1.0
5408,TWRMYS,1.0
5409,WMMPFPTG,1.0
5410,VKWID,1.0
5411,IHIADFPLVF,1.0
5412,CLAWNGNCCY,1.0
5413,FKHQTMGLLW,1.0
5414,RRWWTN,1.0
5415,IHYQA,1.0
5416,LFMWQNI,1.0
5417,FFPRWTL,1.0
5418,TAHGY,1.0
5419,LNCFL,1.0
5420,PQYPD,1.0
5421,HSNWF,1.0
5422,CCFDSFS,1.0
5423,EPFMH,1.0
5424,CMWLTK,1.0
5425,HIEFMCHY,1.0
5426,QIFVY,1.0
5427,YRDSPWC,1.0
5428,WSMPHIFIQA,1.0
5429,RLWKHWP,1.0
5430,TVFQWGFTQH,1.0
5431,MWHDF,1.0
5432,PWNFQ,1.0
5433,MYAWT,1.0
5434,WMEYAMMWW,1.0
5435,WDFNSWP,1.0
5436,FREIM,1.0
5437,YWYLVC,1.0
5438,WSVMA,1.0
5439,QLWWV,1.0
5440,RFRFW,1.0
5441,YWCRVM,1.0
5442,WSLICSYRFP,1.0
5443,CCWELVGWL,1.0
5444,CMYTWC,1.0
5445,LPYAS,1.0
5446,INYNS,1.0
5447,PPHMF,1.0
5448,MWEKIYLCC,1.0
5449,FYDWP,1.0
5450,VDLKY,1.0
5451,MTSVW,1.0
5452,FLKGMTMHGF,1.0
5453,VGCTHY,1.0
5454,HPAMGTF,1.0
5455,HKQWH,1.0
5456,WQVQL,1.0
5457,HFSLPN,1.0
5458,FNKWHFP,1.0
5459,IKIVG,1.0
5460,QWFNRYHDKE,1.0
5461,TVHVTIV,1.0
5462,IKPDKWMW,1.0
5463,SNPKHFC,1.0
5464,FVQWH,1.0
5465,ISHSV,1.0
5466,CKFSCPIVPH,1.0
5467,IFQNWMPF,1.0
5468,HWYVDQW,1.0
5469,WKNNWPMY,1.0
5470,PYQCW,1.0
5471,FVGWWYHYAN,1.0
5472,VTGMGTYYCP,1.0
5473,CTWISVQPPF,1.0
5474,SHSYD,1.0
5475,PLHVSFF,1.0
5476,CPPQIHP,1.0
5477,RLDYRY,1.0
5478,GWHWYPHV,1.0
5479,LVVKEY,1.0
5480,TIFDMGW,1.0
5481,FGHWGLLMTS,1.0
5482,DWIMC,1.0
5483,TKIVLYH,1.0
5484,RFSLD,1.0
5485,WYNIE,1.0
5486,AWDWT,1.0
5487,CIDPYYMHYA,1.0
5488,PWIMFII,1.0
5489,HESLF,1.0
5490,YCCKLYLCFE,1.0
5491,FTVTY,1.0
5492,PQNKHFFNFM,1.0
5493,AHSMV,1.0
5494,TPWKIW,1.0
5495,CCHMV,1.0
5496,WTIRS,1.0
5497,LVFQYS,1.0
5498,RMDYI,1.0
5499,RLLWV,1.0
5500,CWNCHP,1.0
5501,IVEHFKFFAD,1.0
5502,KCIGFVC,1.0
5503,TPLDWIQRWF,1.0
5504,PPWRDF,1.0
5505,TLCFV,1.0
5506,KTFSSCVWKY,1.0
5507,FVYPNT,1.0
5508,LSLAY,1.0
5509,HAFRE,1.0
5510,TFFMGK,1.0
5511,WIPWV,1.0
5512,ISFISFL,1.0
5513,LRPSF,1.0
5514,NHSSWILHVM,1.0
5515,EMIMYHMP,1.0
5516,SHWIGML,1.0
5517,CSVWFIQ,1.0
5518,YIVMCQTYPT,1.0
5519,WHRVTNGLFP,1.0
5520,NSFLI,1.0
5521,YFWDWKCIAC,1.0
5522,FGGTL,1.0
5523,ITRQMFYWDL,1.0
5524,AMIMW,1.0
5525,CHFQY,1.0
5526,YSYSD,1.0
5527,FFHVSC,1.0
5528,RSYWGSKNHF,1.0
5529,CYDGF,1.0
5530,MCWPEYNSW,1.0
5531,GGTIFHYF,1.0
5532,RAIWFDHI,1.0
5533,VVDLWKL,1.0
5534,HIHLLTTLSW,1.0
5535,FVILGF,1.0
5536,RLVNQWY,1.0
5537,WGIGI,1.0
5538,FWCLS,1.0
5539,WHWDMYN,1.0
5540,IQHFFSFIAM,1.0
5541,FLWFP,1.0
5542,MQHWSQFVI,1.0
5543,CFWQTN,1.0
5544,QSWVFT,1.0
5545,TYHFAV,1.0
5546,HRWWDWDI,1.0
5547,GPCMDYQCWS,1.0
5548,IKDWVT,1.0
5549,TPFNYV,1.0
5550,AFFKT,1.0
5551,IHKESAWHIH,1.0
5552,WWLEK,1.0
5553,MVFQFI,1.0
5554,VPIWCEYI,1.0
5555,VVARIYV,1.0
5556,TWLRC,1.0
5557,SWHFVHRPYS,1.0
5558,SKFTGVFP,1.0
5559,AYLWC,1.0
5560,VGVIFNTQIY,1.0
5561,TQNYY,1.0
5562,FWGPSCIF,1.0
5563,PFCIVFWKWW,1.0
5564,HCCYY,1.0
5565,LGFWMLHPPR,1.0
5566,LVIVH,1.0
5567,QQKWH,1.0
5568,TSVSQLWFYH,1.0
5569,SHFYM,1.0
5570,VVCWLLE,1.0
5571,VSLHLMFS,1.0
5572,CVTYPC,1.0
5573,RMVSDWVYTC,1.0
5574,KWNWN,1.0
5575,IINYMY,1.0
5576,FWIWSAH,1.0
5577,KQFPLC,1.0
5578,STAYM,1.0
5579,WHFCYLI,1.0
5580,PSSAIFRWWC,1.0
5581,FYMFEN,1.0
5582,RNKHW,1.0
5583,QFAHWLF,1.0
5584,SFPEF,1.0
5585,ILWYM,1.0
5586,WPHAHYAAAP,1.0
5587,AVLITYWYN,1.0
5588,YRVVV,1.0
5589,CSRDW,1.0
5590,TKFFKF,1.0
5591,QWYVDP,1.0
5592,FHKHQY,1.0
5593,CSFFLFP,1.0
5594,CMMYF,1.0
5595,WSYSFT,1.0
5596,SFLFWQQFL,1.0
5597,NYWQS,1.0
5598,FSCALMHH,1.0
5599,KESCY,1.0
5600,KPFFS,1.0
5601,GGTSFY,1.0
5602,WDDPMYKWR,1.0
5603,TKYTLH,1.0
5604,LFSTAW,1.0
5605,NTWSWF,1.0
5606,EWFWGKTWEF,1.0
5607,YGLSFA,1.0
5608,PQYHHNLYKY,1.0
5609,TLWCFRCAFF,1.0
5610,IYWKIP,1.0
5611,TFFWPPRM,1.0
5612,HGGWC,1.0
5613,WHQNVM,1.0
5614,NWCWIF,1.0
5615,MYKFL,1.0
5616,VCVVCT,1.0
5617,FWCCSFC,1.0
5618,YLMIM,1.0
5619,YFSMW,1.0
5620,KTPYH,1.0
5621,HYIAVMWPLR,1.0
5622,CKNEW,1.0
5623,RWSVTT,1.0
5624,WWHTIHVPYA,1.0
5625,LCVQLSPFAF,1.0
5626,ICDHMFYFHE,1.0
5627,FYRILSD,1.0
5628,TWEVAQHCWW,1.0
5629,MEWHTTLW,1.0
5630,NSVHQWY,1.0
5631,LFMHL,1.0
5632,IWNYL,1.0
5633,YAHNF,1.0
5634,SWPQY,1.0
5635,QWDKS,1.0
5636,VWILF,1.0
5637,WIRIFDMI,1.0
5638,PKDWH,1.0
5639,WHHLCRL,1.0
5640,VMICFLT,1.0
5641,TVLFG,1.0
5642,IYWCD,1.0
5643,WNWELYIYP,1.0
5644,FIGMDYHS,1.0
5645,SKHFIHPW,1.0
5646,FPCAS,1.0
5647,LKFLF,1.0
5648,KCFAKQMWWE,1.0
5649,NWYCE,1.0
5650,SQHWTLVW,1.0
5651,IYHKGFHPKW,1.0
5652,PVIWPLSF,1.0
5653,HVKHNL,1.0
5654,IVWCK,1.0
5655,PHKDF,1.0
5656,WVAIF,1.0
5657,QVAPY,1.0
5658,SPWSKC,1.0
5659,SCTITFYP,1.0
5660,CPHYV,1.0
5661,VWYNM,1.0
5662,WEIQW,1.0
5663,YWCVA,1.0
5664,PSVGKRWHWL,1.0
5665,PSPPP,1.0
5666,CVEFCHW,1.0
5667,KAEKYF,1.0
5668,TDSRNW,1.0
5669,TGPYH,1.0
5670,HTLTFLP,1.0
5671,HWSHY,1.0
5672,IDRFLS,1.0
5673,MWFHTRW,1.0
5674,YMFYGY,1.0
5675,DWTSY,1.0
5676,YCYCN,1.0
5677,SVDWVS,1.0
5678,LVNMEY,1.0
5679,MMDYFIP,1.0
5680,TYHQG,1.0
5681,VWHCGCGGYY,1.0
5682,FFGYKWV,1.0
5683,MMDVWFKAF,1.0
5684,KCSLH,1.0
5685,CRYVT,1.0
5686,WFMWQ,1.0
5687,MSACVL,1.0
5688,KMEWM,1.0
5689,FQHHY,1.0
5690,FLKRDH,1.0
5691,VLAMKFQLFF,1.0
5692,PTMIT,1.0
5693,KISHI,1.0
5694,MNMVWVS,1.0
5695,SLPCPFFH,1.0
5696,AFYYW,1.0
5697,WRTVD,1.0
5698,YWFDD,1.0
5699,WVRTCTHYHL,1.0
5700,TIPVCTHI,1.0
5701,IVITLASWDH,1.0
5702,WMVKG,1.0
5703,LNLTLF,1.0
5704,TIYFD,1.0
5705,LKWMY,1.0
5706,HCVWTFF,1.0
5707,TMHTFT,1.0
5708,WAVEHL,1.0
5709,HKNYISF,1.0
5710,VQWYW,1.0
5711,KSMGWHW,1.0
5712,NGSFH,1.0
5713,NYIHTT,1.0
5714,TINHQKTYNW,1.0
5715,TYAIWATWDP,1.0
5716,FMWMCNH,1.0
5717,PCLIHF,1.0
5718,CMAKF,1.0
5719,LMDRLH,1.0
5720,HCCVQ,1.0
5721,LIIKTIIYFD,1.0
5722,SWPLTS,1.0
5723,LCCKTAQFFF,1.0
5724,WEWKWH,1.0
5725,YKEAHYFLMY,1.0
5726,GFYYPP,1.0
5727,WMQRLFFNEH,1.0
5728,PCKVVF,1.0
5729,KTWGH,1.0
5730,GYCLF,1.0
5731,SCAFKE,1.0
5732,GHCRF,1.0
5733,RVYDWM,1.0
5734,KTWKIF,1.0
5735,WVWSWDW,1.0
5736,LFCRFL,1.0
5737,LGMDWQYYRI,1.0
5738,CMFITN,1.0
5739,IGTKWGPWNS,1.0
5740,LWIVD,1.0
5741,WQYISA,1.0
5742,KIKLCFIWDH,1.0
5743,SHKVY,1.0
5744,CAWPA,1.0
5745,PNLLSWYHNN,1.0
5746,HWWSG,1.0
5747,LWWVAF,1.0
5748,TKIDH,1.0
5749,FAWNP,1.0
5750,ICCVWES,1.0
5751,YHHRWFWMDG,1.0
5752,HQPMLWVP,1.0
5753,YKYHW,1.0
5754,FYLDMY,1.0
5755,VYMQLNKAYI,1.0
5756,KHDFHCM,1.0
5757,AIPWLQWW,1.0
5758,WRNFSF,1.0
5759,AGWTL,1.0
5760,WPYTY,1.0
5761,WDIVNMCWAL,1.0
5762,FHINK,1.0
5763,LTKIYYC,1.0
5764,WVCKI,1.0
5765,ICYLSFLCM,1.0
5766,CTNRVFY,1.0
5767,HKKTFW,1.0
5768,YFGTI,1.0
5769,FGMWSRN,1.0
5770,RRFEFWV,1.0
5771,NWLPK,1.0
5772,WVEMFIF,1.0
5773,IFHYKS,1.0
5774,YAYSFQMSLL,1.0
5775,LWHRTFHLMH,1.0
5776,VHGCGVNWIS,1.0
5777,PWELQFLEWV,1.0
5778,RVTYGS,1.0
5779,QYGVYI,1.0
5780,CFCVKY,1.0
5781,WTMITSCFW,1.0
5782,KAWNGD,1.0
5783,ISECY,1.0
5784,FLNGFL,1.0
5785,MSWWIRF,1.0
5786,CGTRWP,1.0
5787,SPWTFMD,1.0
5788,TWEWT,1.0
5789,FCDFWMW,1.0
5790,VSEWIS,1.0
5791,WEHFDNHMKY,1.0
5792,FTQIFHLW,1.0
5793,YCKSYRDRVW,1.0
5794,KDWRI,1.0
5795,PPMSHIW,1.0
5796,LRMYYFEYS,1.0
5797,ALHFFGM,1.0
5798,CNMHL,1.0
5799,FWSCWDVV,1.0
5800,VKMFLLITWW,1.0
5801,CWSMG,1.0
5802,HWRIT,1.0
5803,ISITYCAFKT,1.0
5804,DHMALWWVF,1.0
5805,YRWPRYYYTD,1.0
5806,ISFRILM,1.0
5807,MTYTG,1.0
5808,PVMFGVTYSN,1.0
5809,FNMRLMYSHI,1.0
5810,SSLAH,1.0
5811,TCMCNHVYSY,1.0
5812,FNHYDC,1.0
5813,VAYHT,1.0
5814,ICNFKEMWW,1.0
5815,IFVGV,1.0
5816,RIQCWWRCFC,1.0
5817,FTMFNEALCH,1.0
5818,CWPIYQKWQV,1.0
5819,HWLIW,1.0
5820,PWWPVQGF,1.0
5821,FKHYLFMGQI,1.0
5822,YDCFIK,1.0
5823,TSMYM,1.0
5824,MFRAYLP,1.0
5825,TLFTVFHD,1.0
5826,CYFIEI,1.0
5827,WTWVHAISAY,1.0
5828,VVDRH,1.0
5829,CGTFL,1.0
5830,KVWLVVH,1.0
5831,LARWTLHNMV,1.0
5832,SKGFDNKLFW,1.0
5833,LVSFR,1.0
5834,PFCIV,1.0
5835,FICIS,1.0
5836,CCRTH,1.0
5837,MNFNYH,1.0
5838,LGIYVL,1.0
5839,RGENFC,1.0
5840,LFMIEKPPHP,1.0
5841,GVFTPC,1.0
5842,WSKTY,1.0
5843,ARGWY,1.0
5844,KYSQF,1.0
5845,TWKWMPMI,1.0
5846,HLMMLCTYPT,1.0
5847,MWEMFNA,1.0
5848,FPVENFCFWM,1.0
5849,WKITVWLVL,1.0
5850,GMWSFWHIGN,1.0
5851,ESFIF,1.0
5852,YFMTIDRPDT,1.0
5853,HQYPWP,1.0
5854,YNYMHQYKNL,1.0
5855,IVWKIIWCWR,1.0
5856,YGLVC,1.0
5857,CHQWH,1.0
5858,LQCRLPCVLY,1.0
5859,AFFTTL,1.0
5860,SILTIH,1.0
5861,PHWPFYHDS,1.0
5862,SFAEHW,1.0
5863,FINCAC,1.0
5864,YSWKFNC,1.0
5865,WMLFTH,1.0
5866,PPAVAKMCFV,1.0
5867,RYFGLMT,1.0
5868,PFHQHHQYGP,1.0
5869,HFWCEVILFM,1.0
5870,RLGEWWECNW,1.0
5871,SFYNKM,1.0
5872,PFMWVV,1.0
5873,RAECWPYWAW,1.0
5874,NTFCC,1.0
5875,TWWGE,1.0
5876,HKCYT,1.0
5877,TAIEWH,1.0
5878,WWMDNWSV,1.0
5879,CLTGIHF,1.0
5880,ISWGWR,1.0
5881,LPTWFPGR,1.0
5882,YLRRF,1.0
5883,VRCFSYYHCE,1.0
5884,FMAAWS,1.0
5885,LHFQS,1.0
5886,SIPAY,1.0
5887,STMFM,1.0
5888,IYPVIL,1.0
5889,SYITGFP,1.0
5890,LCWCNS,1.0
5891,KNQLHW,1.0
5892,FTQLI,1.0
5893,SLIWQLS,1.0
5894,PYKERHLWWP,1.0
5895,YATFT,1.0
5896,DWFDHV,1.0
5897,ASWFNV,1.0
5898,PSYKCWCM,1.0
5899,AYCIA,1.0
5900,YRFCQF,1.0
5901,PFKYCGHT,1.0
5902,IFICWIKFK,1.0
5903,YTCPN,1.0
5904,HCWRV,1.0
5905,FMHPIIK,1.0
5906,CQKFPWQF,1.0
5907,TYWPHFLS,1.0
5908,PYHYMVP,1.0
5909,LRVMVPRYDF,1.0
5910,HYYDK,1.0
5911,LKYRF,1.0
5912,RYPWIM,1.0
5913,FFEGWSWWPK,1.0
5914,IVVPY,1.0
5915,WDFMLW,1.0
5916,IQSFIS,1.0
5917,FSLFHVYY,1.0
5918,RFTTM,1.0
5919,LPPYD,1.0
5920,MFSCRYYAF,1.0
5921,IHKFL,1.0
5922,QFAKYSDCWY,1.0
5923,SKTWQVF,1.0
5924,FYYFGYSLNQ,1.0
5925,GTTYSFGREY,1.0
5926,MKEMSNW,1.0
5927,PPKYHNWVIN,1.0
5928,KMMIW,1.0
5929,WPFKYIFPF,1.0
5930,WGMGWFMFMC,1.0
5931,EYYHCV,1.0
5932,IFKND,1.0
5933,PTIVVWFP,1.0
5934,LWVCKH,1.0
5935,RFWPT,1.0
5936,FMPMC,1.0
5937,IHPWNFWG,1.0
5938,TFFQRHNTVF,1.0
5939,WTVWVE,1.0
5940,IIQPNCIH,1.0
5941,WWHTGTRDYW,1.0
5942,RWQWHWVWMS,1.0
5943,DKWVFYCV,1.0
5944,CIPFAYTITY,1.0
5945,TEWCLH,1.0
5946,LTYSEWFNVW,1.0
5947,TVCVWYMATW,1.0
5948,SCMSGQFIYI,1.0
5949,AVPLY,1.0
5950,KWYCQAECYR,1.0
5951,AQFYK,1.0
5952,VKEVFLLM,1.0
5953,RVFQHFDW,1.0
5954,IKVSHLSWDC,1.0
5955,YDCYAK,1.0
5956,GLHFH,1.0
5957,TCSIFV,1.0
5958,YRDNHL,1.0
5959,EWYMFR,1.0
5960,YCIKEIWL,1.0
5961,PWLYWVVFT,1.0
5962,FKYAAL,1.0
5963,HMPLIT,1.0
5964,AWQMV,1.0
5965,PHSKLY,1.0
5966,CNMDQWCMWI,1.0
5967,WTYHV,1.0
5968,TLEWP,1.0
5969,VGPIQWNF,1.0
5970,RKPHYFGQFT,1.0
5971,MRWFE,1.0
5972,IPRAWH,1.0
5973,EFCHT,1.0
5974,MFYENTLYVF,1.0
5975,FVHHK,1.0
5976,VCWRYPIA,1.0
5977,LSRVY,1.0
5978,YTWLD,1.0
5979,WYGKNYFLFF,1.0
5980,HVYHWLNLWM,1.0
5981,STDYFS,1.0
5982,STYNT,1.0
5983,LKFWQ,1.0
5984,HPYKHH,1.0
5985,HLQYRWSFYH,1.0
5986,WDPYA,1.0
5987,MTMHP,1.0
5988,MPFLVDMS,1.0
5989,IAKLTPNFYF,1.0
5990,CIWPEMSSTF,1.0
5991,PIFNH,1.0
5992,HTVHIFCWY,1.0
5993,HIVCDH,1.0
5994,VWFKWFMEG,1.0
5995,WALWKEKCII,1.0
5996,PFFDRW,1.0
5997,LIFLNYYM,1.0
5998,IFWVKWDL,1.0
5999,YLHWL,1.0
6000,MVCLC,1.0
6001,WFVCVYLNA,1.0
6002,IHIRQLFI,1.0
6003,FNFRS,1.0
6004,LMTPPISEWW,1.0
6005,WTVILDFK,1.0
6006,HVQYYH,1.0
6007,PIYATK,1.0
6008,MKDYPSW,1.0
6009,MNFTGS,1.0
6010,WLYVYRRV,1.0
6011,GFLMC,1.0
6012,SKFGCFL,1.0
6013,EYTHW,1.0
6014,HWHEFR,1.0
6015,MCFRP,1.0
6016,KVTYQS,1.0
6017,SWTTW,1.0
6018,AMSWFAMGCP,1.0
6019,PYTCC,1.0
6020,FYVCWYGCT,1.0
6021,VLPNMWM,1.0
6022,MVGRW,1.0
6023,LHYEF,1.0
6024,IALWV,1.0
6025,TIPFMNTNSY,1.0
6026,LWTIC,1.0
6027,LQCSHMWW,1.0
6028,TVWTIH,1.0
6029,SWMHYNDMYT,1.0
6030,SPLWLP,1.0
6031,SLKFA,1.0
6032,VPVTFGT,1.0
6033,LWQNSP,1.0
6034,DHWHY,1.0
6035,CQYTEW,1.0
6036,WWYTVWG,1.0
6037,AFLQS,1.0
6038,ITLVW,1.0
6039,PHVRM,1.0
6040,YPNIW,1.0
6041,YMCDIH,1.0
6042,YARYMTWPW,1.0
6043,CHHNMM,1.0
6044,SWVGLM,1.0
6045,WGHYKWI,1.0
6046,IQHFF,1.0
6047,WHWKWST,1.0
6048,CYFAGP,1.0
6049,CHWHS,1.0
6050,TINKESFKFS,1.0
6051,QHWFS,1.0
6052,QAATWF,1.0
6053,LTSIFQLYYV,1.0
6054,PTEWT,1.0
6055,YHMGL,1.0
6056,FYIRV,1.0
6057,RWMYY,1.0
6058,SATFVT,1.0
6059,LIWFNKLYDV,1.0
6060,NKHCFMV,1.0
6061,WKNYEPL,1.0
6062,TTVIIFS,1.0
6063,LYLRIF,1.0
6064,CMIHRFC,1.0
6065,PFKHCE,1.0
6066,MYCSCEY,1.0
6067,MTIFYI,1.0
6068,PPHSDFHF,1.0
6069,TQFLY,1.0
6070,HLYGG,1.0
6071,DTWNW,1.0
6072,MIHTIY,1.0
6073,PWYEKKQHYY,1.0
6074,PKPLFWH,1.0
6075,RISWPIVEII,1.0
6076,PTYMH,1.0
6077,IQCLWFFVA,1.0
6078,KACYM,1.0
6079,VVVFQSP,1.0
6080,PVLAW,1.0
6081,MLIILSWAMG,1.0
6082,VYGLQ,1.0
6083,CRLNFLFH,1.0
6084,NNFHMRHFVY,1.0
6085,VVFGKYVCGF,1.0
6086,WWGSKL,1.0
6087,LHSWCL,1.0
6088,YSIYKT,1.0
6089,WCCVGVGL,1.0
6090,LIVTHKF,1.0
6091,CWWAQ,1.0
6092,LICCAQWS,1.0
6093,LIVVV,1.0
6094,MDFVMYCM,1.0
6095,AWETW,1.0
6096,AFTSYCFLP,1.0
6097,FWEYWHLL,1.0
6098,WIMTW,1.0
6099,HLMAHVQFRI,1.0
6100,TRLMW,1.0
6101,HTVWF,1.0
6102,CWGNNFVTF,1.0
6103,CNYTM,1.0
6104,FFHKP,1.0
6105,WYHTMT,1.0
6106,VGKSYY,1.0
6107,QTQWII,1.0
6108,MFPTG,1.0
6109,WKWHVCYQ,1.0
6110,IPIPWN,1.0
6111,FTVVCFDVMT,1.0
6112,WPYYGK,1.0
6113,MPCNTPFQMF,1.0
6114,CVCSL,1.0
6115,FKWTP,1.0
6116,WIFLQWHT,1.0
6117,KSTWVLVW,1.0
6118,GYMPSP,1.0
6119,GQFSYPPVWF,1.0
6120,INFTIFFP,1.0
6121,AHMQNYTKLH,1.0
6122,CDKCAHWYCT,1.0
6123,FHIHIG,1.0
6124,RWRIEFMWPH,1.0
6125,LPFFLSLFY,1.0
6126,NISYTW,1.0
6127,GWCMYVN,1.0
6128,YWRFKYFYPV,1.0
6129,DHMHYWKFFR,1.0
6130,MHWLVA,1.0
6131,WPMCMSK,1.0
6132,TDWHR,1.0
6133,WVVHF,1.0
6134,KTIYV,1.0
6135,MGLCIVHKYD,1.0
6136,MAFGAW,1.0
6137,CGSFWA,1.0
6138,MFLYEFKLY,1.0
6139,FLYTVT,1.0
6140,LFWAGT,1.0
6141,SMVTH,1.0
6142,DITFKWYY,1.0
6143,YSFVKMHD,1.0
6144,VMTHRM,1.0
6145,WWHDG,1.0
6146,HPFSIDC,1.0
6147,YCVFN,1.0
6148,YLNHYI,1.0
6149,YMMNAPQYW,1.0
6150,FFSGN,1.0
6151,QDTWWPW,1.0
6152,CWIFGLSP,1.0
6153,WEHCA,1.0
6154,FYWCTN,1.0
6155,DLVWPLHYNK,1.0
6156,HMMSFIY,1.0
6157,CGFWWLW,1.0
6158,FWKMT,1.0
6159,PPWQW,1.0
6160,CIWYYE,1.0
6161,HHHILVPL,1.0
6162,HGMCWMN,1.0
6163,WWQKSGHWIE,1.0
6164,YPAEFH,1.0
6165,MFCRGCIY,1.0
6166,LQFYPM,1.0
6167,LAWRV,1.0
6168,YICIY,1.0
6169,ILKWAY,1.0
6170,CWYRQE,1.0
6171,WIANHV,1.0
6172,MFNWVD,1.0
6173,AYYPQWVYM,1.0
6174,MFPYWFLYQ,1.0
6175,SWKCY,1.0
6176,HFFPTLIRFE,1.0
6177,PEFYK,1.0
6178,RPASHH,1.0
6179,SKYPAQSYHW,1.0
6180,RDIWGH,1.0
6181,CEYKS,1.0
6182,FIKRMPW,1.0
6183,CVPYGARYMV,1.0
6184,HPDKS,1.0
6185,YKVYL,1.0
6186,SYHYN,1.0
6187,FVWDVVFN,1.0
6188,YGQFEWY,1.0
6189,TVFHN,1.0
6190,EFKSF,1.0
6191,PTHNCWFNL,1.0
6192,HLRYCQGYNS,1.0
6193,SSWYKVWLFH,1.0
6194,WSMPI,1.0
6195,DRYAPF,1.0
6196,TQCMS,1.0
6197,PIPYV,1.0
6198,HCMQGCFMFM,1.0
6199,WVVSK,1.0
6200,SHVVVMCYCY,1.0
6201,RFYHYRCD,1.0
6202,DARAWWIMTW,1.0
6203,PFINM,1.0
6204,TLPKFDC,1.0
6205,PMYSQETW,1.0
6206,TAWNMLWH,1.0
6207,RVWCSD,1.0
6208,WMCPI,1.0
6209,MMHPRFFAD,1.0
6210,IYSWITA,1.0
6211,RFDPH,1.0
6212,CQMHL,1.0
6213,CYRYWY,1.0
6214,MWSGGF,1.0
6215,WFKKWKHFWY,1.0
6216,PPMFHIP,1.0
6217,PLFSHQP,1.0
6218,MYKKF,1.0
6219,WHCCHKTF,1.0
6220,CIWKST,1.0
6221,KEKFFP,1.0
6222,YQAYIDQPWY,1.0
6223,PWMWMHFNK,1.0
6224,CTWPM,1.0
6225,YIPFWGFW,1.0
6226,SFPCL,1.0
6227,PHMIWH,1.0
6228,DWLSHMWYC,1.0
6229,WSPTCNFV,1.0
6230,MSFICWLP,1.0
6231,VDMFW,1.0
6232,TYAMWTLFDV,1.0
6233,GIIWDITHMM,1.0
6234,MPTYG,1.0
6235,HPLIKEWC,1.0
6236,PRWTV,1.0
6237,MISWA,1.0
6238,IMIYGFWG,1.0
6239,GMHEWVFS,1.0
6240,NNLHH,1.0
6241,KAYCPDW,1.0
6242,REPWRWD,1.0
6243,FMPEL,1.0
6244,WPGRYL,1.0
6245,FYGATF,1.0
6246,TISWIWLG,1.0
6247,CFLGCWIFW,1.0
6248,MWSFSLEEFV,1.0
6249,PMDQIFFR,1.0
6250,CPWLHVKYDC,1.0
6251,MWHQF,1.0
6252,YWLFH,1.0
6253,MFYQWQCIHR,1.0
6254,LICMIKY,1.0
6255,YLVAV,1.0
6256,WVLSKL,1.0
6257,LSQMEWFYMM,1.0
6258,CRCGYF,1.0
6259,YGKLCMFYEL,1.0
6260,SISYGM,1.0
6261,FPFMY,1.0
6262,LHCWGWTM,1.0
6263,GHIFIRVMFF,1.0
6264,WFWLVFLI,1.0
6265,YIARFH,1.0
6266,PPHPFWQW,1.0
6267,LVHKT,1.0
6268,SYTLWL,1.0
6269,CTHMSFKYW,1.0
6270,QWVVWFSTGS,1.0
6271,SMIRDFPH,1.0
6272,RFTIIY,1.0
6273,KHMMW,1.0
6274,GFNFYIKVYV,1.0
6275,AFHWSY,1.0
6276,WTSPLI,1.0
6277,WWPTIICKWR,1.0
6278,VRVPNWL,1.0
6279,PYWAW,1.0
6280,HFEWYSH,1.0
6281,IMLCT,1.0
6282,FRFFCFH,1.0
6283,ILQCPW,1.0
6284,DGKYC,1.0
6285,YRISV,1.0
6286,IDKKMWNYWF,1.0
6287,WWPLA,1.0
6288,RMLDWMG,1.0
6289,PWPIISH,1.0
6290,VRWTS,1.0
6291,CFVQLFW,1.0
6292,SYWCYLCNFF,1.0
6293,WKVLCDHFTS,1.0
6294,HTASIWVTYI,1.0
6295,CRFIPYFWMI,1.0
6296,KENFW,1.0
6297,PAIVFL,1.0
6298,ESRYS,1.0
6299,PMMFFKYSQF,1.0
6300,GWYSIKEECW,1.0
6301,VHGWC,1.0
6302,WRQYMTNVCY,1.0
6303,TTYCKFGWRT,1.0
6304,YFLHPWSCY,1.0
6305,MVCIWLWGGD,1.0
6306,TFMRMS,1.0
6307,ILPFKCV,1.0
6308,CNTYC,1.0
6309,HWCIW,1.0
6310,YGQWTQTYY,1.0
6311,VITWD,1.0
6312,YHLQPKHPFP,1.0
6313,PFLITFHC,1.0
6314,CSCTL,1.0
6315,HYMMFCPI,1.0
6316,CQAGLFW,1.0
6317,MIHRWD,1.0
6318,GFWTWYH,1.0
6319,LNFMD,1.0
6320,WAMVKNAWW,1.0
6321,GWCVY,1.0
6322,ILHCPC,1.0
6323,YYHKA,1.0
6324,FAWNYH,1.0
6325,QKSHL,1.0
6326,MWAIVHDY,1.0
6327,TYNDWGACIY,1.0
6328,NMTVYFP,1.0
6329,MKKGTSWYPF,1.0
6330,KQHFTWH,1.0
6331,RMCYY,1.0
6332,AGWMLTFW,1.0
6333,FKMFDYWHPH,1.0
6334,FFCMSM,1.0
6335,RKFWMVD,1.0
6336,VPFES,1.0
6337,VVFFFDMP,1.0
6338,GHKFDCF,1.0
6339,FLCKP,1.0
6340,MTRMGSPIMW,1.0
6341,MCCFR,1.0
6342,FQWPSHIQRF,1.0
6343,TWCLFPP,1.0
6344,LMKMHP,1.0
6345,HTWDP,1.0
6346,EYWEKL,1.0
6347,WRFWS,1.0
6348,HSWVVY,1.0
6349,FWMQY,1.0
6350,WVYTC,1.0
6351,CWNFIML,1.0
6352,WTDKCYHCKW,1.0
6353,SFNFH,1.0
6354,PQYHC,1.0
6355,SWIIL,1.0
6356,MTFGFY,1.0
6357,PSPVIF,1.0
6358,MPHSF,1.0
6359,HFCKD,1.0
6360,FVQHT,1.0
6361,YHQDYLLMW,1.0
6362,LIFWDMVPYV,1.0
6363,MRNCFW,1.0
6364,LLYQTFHG,1.0
6365,VAYTW,1.0
6366,YGHMIFIWIC,1.0
6367,VSHRMC,1.0
6368,MRSWWKSWQT,1.0
6369,SSDPH,1.0
6370,WKFYY,1.0
6371,RMSHL,1.0
6372,WWDNWMCA,1.0
6373,FHHVDYK,1.0
6374,HWWMSIS,1.0
6375,VWHVCTHWL,1.0
6376,RAFWCGFEWS,1.0
6377,IYPKYT,1.0
6378,FDMFIMN,1.0
6379,RFSKLWWDMH,1.0
6380,WCFAWK,1.0
6381,NIFVYP,1.0
6382,VIWIIGKWAI,1.0
6383,IKMAVGMGWY,1.0
6384,YRVLDM,1.0
6385,WKMPCL,1.0
6386,CHSYTKFYSI,1.0
6387,KNWMFD,1.0
6388,AYVGIPWFWI,1.0
6389,QFYTIVWMHT,1.0
6390,DWWNSHFWPW,1.0
6391,PIKDPCWVIV,1.0
6392,WIWRTKEELY,1.0
6393,AMHTM,1.0
6394,HLQQCF,1.0
6395,AYQWD,1.0
6396,YHLYFCTIWF,1.0
6397,APSWVFC,1.0
6398,EDVWWF,1.0
6399,TVVIHHI,1.0
6400,TPKFLSVH,1.0
6401,HHHHV,1.0
6402,NLMPEHF,1.0
6403,KLFDST,1.0
6404,KYYQSYEEHI,1.0
6405,PICESEFCWS,1.0
6406,GMFYRF,1.0
6407,QIYFPRDIHF,1.0
6408,LMTYD,1.0
6409,IELIF,1.0
6410,QRFSGFW,1.0
6411,RPALMHC,1.0
6412,VDWCDCGINY,1.0
6413,NLYTEWVGYY,1.0
6414,LSGNIF,1.0
6415,WRQVFCF,1.0
6416,HRYEMCYDNY,1.0
6417,MCGWPLW,1.0
6418,GMRAWHM,1.0
6419,WCRIPWF,1.0
6420,MEIYI,1.0
6421,YATVC,1.0
6422,LPPCMTVHHC,1.0
6423,GVPWH,1.0
6424,IWKPIY,1.0
6425,WTFVI,1.0
6426,WMWTNF,1.0
6427,YLRVMVGFH,1.0
6428,PYWQMG,1.0
6429,VYFSSNNVSW,1.0
6430,CMFCTWVW,1.0
6431,MWSQFPF,1.0
6432,LPRYQ,1.0
6433,LCYMG,1.0
6434,HMMPLA,1.0
6435,PTFTLYHFQK,1.0
6436,PWLFQPCKY,1.0
6437,IKPASHIC,1.0
6438,NLFIYS,1.0
6439,RIYIHA,1.0
6440,QYSYD,1.0
6441,MSWHMWTVQP,1.0
6442,EFFWW,1.0
6443,HINCFGL,1.0
6444,FERFQ,1.0
6445,SKKIWS,1.0
6446,SYLWI,1.0
6447,DSLWWHK,1.0
6448,VYTFDM,1.0
6449,ATWWY,1.0
6450,FWYLGKW,1.0
6451,SCTNMFLIWD,1.0
6452,LSFNG,1.0
6453,YEVYLQIYY,1.0
6454,PIHPRF,1.0
6455,MLKYV,1.0
6456,MFVQLFC,1.0
6457,FMIPKWGFML,1.0
6458,VGNTYV,1.0
6459,GFYYLNTFV,1.0
6460,VFVKSDF,1.0
6461,IWNVV,1.0
6462,YHHVN,1.0
6463,DVRYS,1.0
6464,NWECTWIWQF,1.0
6465,FFGLYK,1.0
6466,CYPYWTKYCD,1.0
6467,CLCTIEVW,1.0
6468,RMHWVQFS,1.0
6469,WWGTYKDTYT,1.0
6470,CYETLRF,1.0
6471,KYTLCV,1.0
6472,WFFLCAS,1.0
6473,IEGWY,1.0
6474,SVVYR,1.0
6475,SYELV,1.0
6476,NWQWF,1.0
6477,CDWWV,1.0
6478,KLWMVCYT,1.0
6479,GFYMLVWN,1.0
6480,YPFFKMKWKG,1.0
6481,FMWWKM,1.0
6482,GWHKP,1.0
6483,YWANV,1.0
6484,SWGFFC,1.0
6485,PWFPPLKP,1.0
6486,VFKMMMT,1.0
6487,SRNWFAMIFV,1.0
6488,IFPWDPMF,1.0
6489,WFFRWY,1.0
6490,FEDHPPPWMK,1.0
6491,YRCFV,1.0
6492,MYEYVRQMFI,1.0
6493,CRDEWAIW,1.0
6494,MFYDNVKTML,1.0
6495,HIIGY,1.0
6496,FDWPT,1.0
6497,VAVHP,1.0
6498,IFSQIHLY,1.0
6499,FMIETYLM,1.0
6500,GWMKI,1.0
6501,IKFAC,1.0
6502,VSICHWFQ,1.0
6503,WILCFWQM,1.0
6504,WYLGY,1.0
6505,ATFWCW,1.0
6506,PWFNFD,1.0
6507,PMFFQ,1.0
6508,FTSQYF,1.0
6509,QPKWS,1.0
6510,FWLPPD,1.0
6511,IQYRES,1.0
6512,TYPPTV,1.0
6513,DPYWHFWMDV,1.0
6514,KPQSW,1.0
6515,YWFRIHCTPG,1.0
6516,WSPRLMAHCH,1.0
6517,FIFMIHRSYM,1.0
6518,HVKIFHI,1.0
6519,LYVPYDRQF,1.0
6520,NFYHAF,1.0
6521,LSWPFMN,1.0
6522,CFSIHI,1.0
6523,WVIQN,1.0
6524,SYFGWS,1.0
6525,KLFHHCTW,1.0
6526,HTCWA,1.0
6527,SWCLFGT,1.0
6528,PMWEHI,1.0
6529,QKDIYW,1.0
6530,GCYRE,1.0
6531,SKSFSVDIYY,1.0
6532,MLKPYF,1.0
6533,WPVLHCP,1.0
6534,TCWMCHHEHV,1.0
6535,CNIALW,1.0
6536,LYWYRE,1.0
6537,LCPMF,1.0
6538,WQSPLF,1.0
6539,GWWNYFFKST,1.0
6540,WWSCK,1.0
6541,PCYND,1.0
6542,GPFSIVP,1.0
6543,WFTPHFFY,1.0
6544,RSYNHS,1.0
6545,WIMKW,1.0
6546,VAMWTVF,1.0
6547,WTFTWSRIY,1.0
6548,WSKDNH,1.0
6549,CRWIN,1.0
6550,HFFHD,1.0
6551,SNFWCKIW,1.0
6552,LWLNH,1.0
6553,HEWYS,1.0
6554,FNSLKFFMLV,1.0
6555,FPCPIIG,1.0
6556,PCFKE,1.0
6557,RIDTMFFG,1.0
6558,YFMTAH,1.0
6559,CMFHR,1.0
6560,QPILPMFC,1.0
6561,FRVHML,1.0
6562,LVMFLSHWAM,1.0
6563,CLEKY,1.0
6564,EYFNLMYDIY,1.0
6565,CPCFGLV,1.0
6566,NPVSW,1.0
6567,CWLRS,1.0
6568,FWGWVG,1.0
6569,TFMHRIW,1.0
6570,TWIKYMCGLF,1.0
6571,SYHYNLCCYG,1.0
6572,QVKCFFPC,1.0
6573,TRFEQ,1.0
6574,RSYWG,1.0
6575,FIHQM,1.0
6576,IWLYNCWR,1.0
6577,MCTLS,1.0
6578,VPLSQDWL,1.0
6579,YWWKFGWHWA,1.0
6580,RHVLFS,1.0
6581,QIWVFH,1.0
6582,CWYYLW,1.0
6583,MYWTPII,1.0
6584,KSEWL,1.0
6585,TIIMGRW,1.0
6586,PYYMYLWLT,1.0
6587,IRLMIFMM,1.0
6588,PARCH,1.0
6589,PHAVYKT,1.0
6590,VAVTHV,1.0
6591,VYLTDCNIHC,1.0
6592,HWNFYY,1.0
6593,LSYGT,1.0
6594,HYIIY,1.0
6595,NMREF,1.0
6596,SLMHY,1.0
6597,DFFNAVQWW,1.0
6598,WWSNG,1.0
6599,IFPSMAHQ,1.0
6600,NWWTW,1.0
6601,WHYNQWVS,1.0
6602,HCYNP,1.0
6603,TALYECTWIP,1.0
6604,WTPHG,1.0
6605,WLIYWR,1.0
6606,VSHICWHV,1.0
6607,RLFVYI,1.0
6608,VNTYDAYWY,1.0
6609,PHWRWFNG,1.0
6610,CDYKY,1.0
6611,HHTRY,1.0
6612,ILSLDFRWGK,1.0
6613,MPFISE,1.0
6614,PQDFC,1.0
6615,WIWCFFFI,1.0
6616,WRIFRATFLH,1.0
6617,LHFMQCLF,1.0
6618,WKCFVHE,1.0
6619,LHLKVI,1.0
6620,YTPHWTWFP,1.0
6621,WEKLHIC,1.0
6622,WLFHLG,1.0
6623,WCWNIG,1.0
6624,LPIHNNF,1.0
6625,MIIWNLWW,1.0
6626,IAVTF,1.0
6627,WWRHG,1.0
6628,FVHMM,1.0
6629,IFIFF,1.0
6630,IMPWAV,1.0
6631,LGMDW,1.0
6632,IPTFYSPC,1.0
6633,GFCCQHTWKW,1.0
6634,WHEKFWS,1.0
6635,MVVWTTEF,1.0
6636,EHCWT,1.0
6637,IQCFS,1.0
6638,WITVWFRKTF,1.0
6639,EYNYY,1.0
6640,LERVF,1.0
6641,CMMYFNFNSV,1.0
6642,IFVQGWD,1.0
6643,YYSRPSIW,1.0
6644,KPWSIVL,1.0
6645,GYSYSDVIWW,1.0
6646,QAKWQF,1.0
6647,PHGIS,1.0
6648,EAMWLCMFCF,1.0
6649,LMFWS,1.0
6650,PIILYWFAM,1.0
6651,VTNLFATWWY,1.0
6652,WSSSHWAEYP,1.0
6653,TMWWLWRIKE,1.0
6654,LMIVF,1.0
6655,TVIWN,1.0
6656,MHRMYRLYFS,1.0
6657,LTIFNLSWSM,1.0
6658,NCCHHMF,1.0
6659,FVQAYY,1.0
6660,TLCGCFWH,1.0
6661,TPCTTY,1.0
6662,FWCSGSIIVW,1.0
6663,TYLWE,1.0
6664,VLLVKWYEIY,1.0
6665,PRDWYG,1.0
6666,IIKTWFCYPM,1.0
6667,NHLHLF,1.0
6668,IVNPNW,1.0
6669,VMAFY,1.0
6670,TYSVHLWGY,1.0
6671,CQRYH,1.0
6672,IWPMMLAGFR,1.0
6673,FTHITS,1.0
6674,DMWFQPY,1.0
6675,MLCMFHW,1.0
6676,WIFHFRTECP,1.0
6677,TMNFY,1.0
6678,TCHYMELFKI,1.0
6679,YGHCH,1.0
6680,VRRTFW,1.0
6681,MMNRFDFFT,1.0
6682,IHPRWTW,1.0
6683,YIWCTIVHHH,1.0
6684,MTFIGTY,1.0
6685,ASMTHF,1.0
6686,IFVYGM,1.0
6687,WSCISL,1.0
6688,FCRMV,1.0
6689,DWNKCL,1.0
6690,GIHWNT,1.0
6691,WRVHEWC,1.0
6692,ICTIQSTWFW,1.0
6693,IDFHSVYF,1.0
6694,SIFNNYCEW,1.0
6695,WITNSY,1.0
6696,FMHWYRCV,1.0
6697,PKAHSFVHYQ,1.0
6698,YFYQF,1.0
6699,VRLQIFKYVM,1.0
6700,QWVIY,1.0
6701,GHHPF,1.0
6702,PPDHW,1.0
6703,MTSIHIL,1.0
6704,SIVTW,1.0
6705,YKLMWVHWQ,1.0
6706,SHDFVKLKFW,1.0
6707,TIYVAY,1.0
6708,WCTLF,1.0
6709,PMFLFDI,1.0
6710,LASLSFA,1.0
6711,TYIFSK,1.0
6712,YIHCG,1.0
6713,QLKYP,1.0
6714,LSHVR,1.0
6715,TWFEIMC,1.0
6716,SFGWN,1.0
6717,MYDSPW,1.0
6718,HCLAKFQLY,1.0
6719,MGGYAY,1.0
6720,VNWPDFMT,1.0
6721,WKIEIL,1.0
6722,RGYPFIFSQM,1.0
6723,ISIFYP,1.0
6724,YLYLHVWQH,1.0
6725,WRNQEIVIFI,1.0
6726,WLWAH,1.0
6727,IPILYGHYLV,1.0
6728,VIKYNDF,1.0
6729,PCYEYIFPMT,1.0
6730,WRTEIWH,1.0
6731,IGWWCIL,1.0
6732,RMTCDY,1.0
6733,YQWAY,1.0
6734,CRLYQ,1.0
6735,ICMNFWKQTN,1.0
6736,RFFSH,1.0
6737,CFTAEW,1.0
6738,DLKYL,1.0
6739,HSEIAFWWGY,1.0
6740,CEWMMIH,1.0
6741,FGCAVAQWRW,1.0
6742,VQLFNF,1.0
6743,HHEYYN,1.0
6744,NYWVGI,1.0
6745,RLCWDFA,1.0
6746,KWMTPH,1.0
6747,YWPLLHFYTH,1.0
6748,KFFQLWWMA,1.0
6749,QEWTFWACHI,1.0
6750,NFWFD,1.0
6751,RFFDF,1.0
6752,WWFCGM,1.0
6753,QYFLD,1.0
6754,YPEFA,1.0
6755,WLPFL,1.0
6756,WWGIWLRAPY,1.0
6757,LYTKS,1.0
6758,TYFHW,1.0
6759,YWPSH,1.0
6760,PRIMWYLM,1.0
6761,YKCFLGNVWY,1.0
6762,YWHRYDLFLN,1.0
6763,IIWHCWM,1.0
6764,IWENFC,1.0
6765,VFIERSF,1.0
6766,IHICNM,1.0
6767,NKHVFL,1.0
6768,HDWFN,1.0
6769,QIKEYP,1.0
6770,ISWNGHMM,1.0
6771,FLPPEFFI,1.0
6772,VNNGYQAIFY,1.0
6773,YVANC,1.0
6774,LTWVLWCAA,1.0
6775,YYSLP,1.0
6776,RGCWFTC,1.0
6777,QMQILIFW,1.0
6778,VWPVQQF,1.0
6779,PAMTHIVGIV,1.0
6780,THWQN,1.0
6781,WFARTYLP,1.0
6782,MPTEWCS,1.0
6783,FGYCCRVF,1.0
6784,SDHFIA,1.0
6785,FYMKY,1.0
6786,GIVAWYC,1.0
6787,KLWWDI,1.0
6788,SCWPPWR,1.0
6789,KVGSIMW,1.0
6790,MFCQC,1.0
6791,FFEDFYRYF,1.0
6792,FTHRFY,1.0
6793,ILKCAHFNPS,1.0
6794,YCHMH,1.0
6795,PKPWQ,1.0
6796,LFWAI,1.0
6797,RPFLVCL,1.0
6798,WVPFWYWI,1.0
6799,YECFA,1.0
6800,IMEVMTWNHW,1.0
6801,WSVCP,1.0
6802,MSYIDYGMFL,1.0
6803,IAVFI,1.0
6804,YQIFLPV,1.0
6805,VVIYPI,1.0
6806,TCWCYV,1.0
6807,WTCAYIFKYI,1.0
6808,GWKFHDVNLY,1.0
6809,FCNWWP,1.0
6810,YVYFADHK,1.0
6811,KMPCW,1.0
6812,VMEICRYWHH,1.0
6813,YCYSRFI,1.0
6814,MMFEKMW,1.0
6815,QQYWVW,1.0
6816,CWAMN,1.0
6817,QTWCFI,1.0
6818,CWDWVYDFT,1.0
6819,ANWPN,1.0
6820,LFFAMYRTY,1.0
6821,CMFCF,1.0
6822,WFTGFIN,1.0
6823,RAFHPS,1.0
6824,PPIAELFGF,1.0
6825,DVHFF,1.0
6826,KKVYLD,1.0
6827,RHCMD,1.0
6828,MWNDVHWV,1.0
6829,IAYHWFHTKN,1.0
6830,IMNICWR,1.0
6831,ILPWISCK,1.0
6832,MVSHT,1.0
6833,RRIMQTWNYP,1.0
6834,PTAGF,1.0
6835,LPFIH,1.0
6836,FTVYTS,1.0
6837,YCVIFQ,1.0
6838,VWYVEG,1.0
6839,MVDWLPW,1.0
6840,HMILTF,1.0
6841,WIIIWSMTY,1.0
6842,TFPSPKEGPW,1.0
6843,FWPFHKTW,1.0
6844,RYMFE,1.0
6845,YVHFLYV,1.0
6846,CHIMS,1.0
6847,WRIVKCDFHH,1.0
6848,SFSCM,1.0
6849,YFAVAENWLQ,1.0
6850,NHFAC,1.0
6851,ACFLK,1.0
6852,CYDTLWW,1.0
6853,CYMLWYG,1.0
6854,PVPLHC,1.0
6855,SLFLCA,1.0
6856,WLMKEC,1.0
6857,YPMPW,1.0
6858,WIFPMMN,1.0
6859,FVQHTFLPFS,1.0
6860,QKFVFVFGYF,1.0
6861,FNTCMEW,1.0
6862,TEGFIW,1.0
6863,YQHASARFMA,1.0
6864,YCRNWY,1.0
6865,QVVFSWSV,1.0
6866,DIVYV,1.0
6867,VPVHS,1.0
6868,PFYKSPL,1.0
6869,YCFHME,1.0
6870,WNIRLIF,1.0
6871,TGIFM,1.0
6872,FPVDF,1.0
6873,TMMCCWQWIY,1.0
6874,GLFVWTPV,1.0
6875,YWMGL,1.0
6876,HLMTWWH,1.0
6877,VHSFQ,1.0
6878,QYVIRYHF,1.0
6879,MWDTLPM,1.0
6880,YVMTNY,1.0
6881,IIEFMYHV,1.0
6882,NHMEW,1.0
6883,SFPHPN,1.0
6884,QPSCMY,1.0
6885,QVWYDP,1.0
6886,YWWDTNAVYI,1.0
6887,HLENWQPPWY,1.0
6888,WILWKLF,1.0
6889,YHQMFRQP,1.0
6890,MHLTSSCF,1.0
6891,MSCGFY,1.0
6892,CLAWATASPM,1.0
6893,LPFWSDY,1.0
6894,HCEIYQNPTW,1.0
6895,DWPTP,1.0
6896,FISMMNI,1.0
6897,NMTFSMPLFT,1.0
6898,NPYIRF,1.0
6899,LITWW,1.0
6900,PISFPT,1.0
6901,WFHEHHVK,1.0
6902,TYHKQFM,1.0
6903,VLFHRNFSY,1.0
6904,KHPFP,1.0
6905,VWLREW,1.0
6906,LMDFYLWHG,1.0
6907,LSETH,1.0
6908,YTGLGC,1.0
6909,TFPSP,1.0
6910,YFFKTV,1.0
6911,AEVSFWKP,1.0
6912,EWHLPY,1.0
6913,GIFGY,1.0
6914,NGHYYW,1.0
6915,WWEWKMM,1.0
6916,YTYFR,1.0
6917,FFMET,1.0
6918,RYMWCL,1.0
6919,QCWFYFG,1.0
6920,KGCSYV,1.0
6921,SWEGKY,1.0
6922,YIHVLFVLT,1.0
6923,CHINLY,1.0
6924,WHKPT,1.0
6925,IGLMYE,1.0
6926,FDWLRS,1.0
6927,CPIGVYNL,1.0
6928,PVHRC,1.0
6929,VVFGK,1.0
6930,NIWTYC,1.0
6931,YSVVVP,1.0
6932,WMYYPDVRF,1.0
6933,AYHEF,1.0
6934,MSWVR,1.0
6935,KWFNQFWVAT,1.0
6936,RFLAVH,1.0
6937,MCTVWWEG,1.0
6938,LVTFRHDFCY,1.0
6939,AFWDA,1.0
6940,MVWST,1.0
6941,RWAWWG,1.0
6942,LMPCTMDF,1.0
6943,YCIMYPQVVY,1.0
6944,TNPNYMAHCL,1.0
6945,HIGPILVWGM,1.0
6946,LGDSWK,1.0
6947,ILSWF,1.0
6948,WAWAGW,1.0
6949,SKVGW,1.0
6950,IRSQWNFVYR,1.0
6951,GFTQH,1.0
6952,PNFVF,1.0
6953,QVVPWL,1.0
6954,FHITGFCPA,1.0
6955,FWTLMLLEF,1.0
6956,LSRWHTH,1.0
6957,QGCWV,1.0
6958,PGCYFC,1.0
6959,YFFFAIH,1.0
6960,FLEWLM,1.0
6961,HLLDLRW,1.0
6962,GLTNHWDTFY,1.0
6963,HRLYGYFHDD,1.0
6964,GWNWA,1.0
6965,PAYDTY,1.0
6966,TMSTWFMW,1.0
6967,QQWKW,1.0
6968,IYFVSMMT,1.0
6969,WQMQAFVPKP,1.0
6970,KYFRIH,1.0
6971,KMVYFT,1.0
6972,PFCPT,1.0
6973,FKVDHTL,1.0
6974,VVKFWQDIF,1.0
6975,YNVREW,1.0
6976,WCAYD,1.0
6977,LDHSS,1.0
6978,AHYIY,1.0
6979,VVIAI,1.0
6980,GWQWYE,1.0
6981,IASFH,1.0
6982,WNDFHNC,1.0
6983,MYRWHTFDHG,1.0
6984,PFAECCWF,1.0
6985,SPFSCYLI,1.0
6986,FDDSRWFW,1.0
6987,LHIGM,1.0
6988,ISQWMNVKWW,1.0
6989,HSVLG,1.0
6990,TRWWHA,1.0
6991,WRTWDEY,1.0
6992,FNTYTWI,1.0
6993,QRHLWICVWF,1.0
6994,LAPWMH,1.0
6995,ATYDV,1.0
6996,MTTWTFC,1.0
6997,IIKTW,1.0
6998,WNCFHCPTFW,1.0
6999,TVCLHSHK,1.0
7000,KMWSDGYP,1.0
7001,ICHQPW,1.0
7002,DKWRH,1.0
7003,WHITMSHY,1.0
7004,NIWVD,1.0
7005,FFWNL,1.0
7006,SQFSV,1.0
7007,WDCILWHGYH,1.0
7008,NYWWMG,1.0
7009,SWLEFCG,1.0
7010,FIWVG,1.0
7011,PVIYGD,1.0
7012,KFRDYID,1.0
7013,MQYFFSCHI,1.0
7014,PNIIMLAHPW,1.0
7015,CGWQY,1.0
7016,FVDLWYYHDA,1.0
7017,LFTCCC,1.0
7018,YVQCVV,1.0
7019,TVNDYM,1.0
7020,KYNCW,1.0
7021,VMWASMG,1.0
7022,MQWGS,1.0
7023,LWTATI,1.0
7024,CHDLVWW,1.0
7025,SFYPCVHF,1.0
7026,FGWYP,1.0
7027,SSFMM,1.0
7028,EWVWP,1.0
7029,SLHVE,1.0
7030,HLYVRE,1.0
7031,SHVGC,1.0
7032,VYYFALHFH,1.0
7033,MWSLM,1.0
7034,NWVKL,1.0
7035,MQHIMCL,1.0
7036,LTPTQLSMWC,1.0
7037,HFDYV,1.0
7038,TFCLFAIL,1.0
7039,CCYIF,1.0
7040,PLLCGFIMGP,1.0
7041,CYDNY,1.0
7042,LPYRH,1.0
7043,GRHEV,1.0
7044,MNQYS,1.0
7045,VYFWAC,1.0
7046,PFHQDWHYP,1.0
7047,KIYDQSM,1.0
7048,SKNIWWI,1.0
7049,CHCVLH,1.0
7050,VCFWIVTFV,1.0
7051,HFVFMSWIW,1.0
7052,RDIHFQIYFP,1.0
7053,FWLHDY,1.0
7054,CQFFYRYMVM,1.0
7055,VEHEYVRLWM,1.0
7056,RWMCYN,1.0
7057,CQVKHI,1.0
7058,SCNGH,1.0
7059,FMQFILVAS,1.0
7060,WYVAQ,1.0
7061,HMCMKFWSFQ,1.0
7062,VMYYL,1.0
7063,DPTWVK,1.0
7064,SNHTVFT,1.0
7065,QRSFFC,1.0
7066,HTVNWM,1.0
7067,KPESIYWF,1.0
7068,IQFIDAQFYK,1.0
7069,IHWLL,1.0
7070,MAPLFW,1.0
7071,RMMSLFM,1.0
7072,VIYMCC,1.0
7073,FVHFFR,1.0
7074,LWYVH,1.0
7075,DFFVRVYYM,1.0
7076,FGRHI,1.0
7077,CNLFYNVP,1.0
7078,FLWMWHW,1.0
7079,PWFLWLVP,1.0
7080,WWHFH,1.0
7081,PSPEW,1.0
7082,HLCTA,1.0
7083,CHSFLTM,1.0
7084,SRTDCTHHHC,1.0
7085,LHSFYYTYF,1.0
7086,GYHMT,1.0
7087,CFEKYW,1.0
7088,GSWSI,1.0
7089,SMHMVD,1.0
7090,ICWEGK,1.0
7091,SHTVF,1.0
7092,HLSSYALWWV,1.0
7093,IDQAIVFFWN,1.0
7094,CNVLFLVWG,1.0
7095,VFKAP,1.0
7096,FGWYPCTWPM,1.0
7097,PQGLLFPFYS,1.0
7098,HTVNMSW,1.0
7099,SVLHPWLV,1.0
7100,LPRSCHLW,1.0
7101,MGTSKWWP,1.0
7102,FYWLGT,1.0
7103,LYYNMCILYA,1.0
7104,GHEKCFKWYI,1.0
7105,IPFHCW,1.0
7106,KNFDRW,1.0
7107,LGLIWYFI,1.0
7108,FHYHNC,1.0
7109,RLESVLVTWF,1.0
7110,LTGWV,1.0
7111,VLGCHT,1.0
7112,FERMVLYFWR,1.0
7113,NHWFCNW,1.0
7114,LGVWDKF,1.0
7115,GYWCVY,1.0
7116,KSEIH,1.0
7117,SMFHHTP,1.0
7118,PFSRHDS,1.0
7119,IIIFCQIGYY,1.0
7120,VYSFNII,1.0
7121,FVHYNIC,1.0
7122,GNHFW,1.0
7123,TNFYNH,1.0
7124,FNSFC,1.0
7125,PRTYM,1.0
7126,PWAHVCI,1.0
7127,ESFTFRY,1.0
7128,VEFAY,1.0
7129,SRGFW,1.0
7130,LAKHI,1.0
7131,MSMKFTPYLY,1.0
7132,WLYQQWPL,1.0
7133,FWWWFYWEQ,1.0
7134,TRAWPH,1.0
7135,ISLCFHGVFS,1.0
7136,HDLFTK,1.0
7137,RMCRFLWYV,1.0
7138,SPLWY,1.0
7139,TVLQH,1.0
7140,WMGNWPR,1.0
7141,CQFGL,1.0
7142,ATWWYVTNLF,1.0
7143,IIWKE,1.0
7144,KTYNW,1.0
7145,NCLFVG,1.0
7146,PAFHY,1.0
7147,FGFSNISISW,1.0
7148,FCVAT,1.0
7149,ICFFH,1.0
7150,FYFAFE,1.0
7151,WKYSVGLM,1.0
7152,TKECWC,1.0
7153,NGMHWL,1.0
7154,FRDEWF,1.0
7155,SCMIS,1.0
7156,RTDHC,1.0
7157,EYPWAW,1.0
7158,SCVVV,1.0
7159,YPMTYETFIK,1.0
7160,FEMYC,1.0
7161,YVYMT,1.0
7162,HIFRCVVWWW,1.0
7163,FYQCPWM,1.0
7164,INSIYP,1.0
7165,IYHCNI,1.0
7166,CLGEIWW,1.0
7167,LHNLRWT,1.0
7168,RMISHMH,1.0
7169,MFPIIRWN,1.0
7170,FHMCIVP,1.0
7171,TELTFMH,1.0
7172,HNVRSTFLGW,1.0
7173,QMTFYA,1.0
7174,PPCGHW,1.0
7175,WWHFHCHVYP,1.0
7176,CQNSWLYW,1.0
7177,QIHTI,1.0
7178,TWTKIDIF,1.0
7179,TDRWC,1.0
7180,FYSKH,1.0
7181,WVNKHWLYC,1.0
7182,IWARWSSFMM,1.0
7183,NAVYI,1.0
7184,HFTAM,1.0
7185,TMFTFVFWH,1.0
7186,SQRVWMY,1.0
7187,DCWMHTKLCF,1.0
7188,TSCHVIDVHY,1.0
7189,CCWWMEHWC,1.0
7190,IRSNKFCWYN,1.0
7191,KQHTE,1.0
7192,KMWETT,1.0
7193,HKYYL,1.0
7194,SHCAF,1.0
7195,VCHPM,1.0
7196,IQAVWY,1.0
7197,MGWTK,1.0
7198,FGKYSI,1.0
7199,LYQVAEAFMW,1.0
7200,WCCSMMY,1.0
7201,PLHIF,1.0
7202,VSYFDLW,1.0
7203,DVWAI,1.0
7204,MPSFYQ,1.0
7205,LCDLWIS,1.0
7206,LATIIFITCY,1.0
7207,WIRWGVAWQ,1.0
7208,PKAWFH,1.0
7209,PCTCRF,1.0
7210,FFLTEH,1.0
7211,YTQYP,1.0
7212,IFIINCHAAA,1.0
7213,VHENW,1.0
7214,QYYMRD,1.0
7215,CHIHWKF,1.0
7216,FFVCQ,1.0
7217,EWCFYSHPWG,1.0
7218,PGGLMLWVQW,1.0
7219,FSTWR,1.0
7220,KSCHYYGWKI,1.0
7221,GMGWY,1.0
7222,FWLRNNGY,1.0
7223,LLVVML,1.0
7224,RPGWS,1.0
7225,WLFRFFVII,1.0
7226,WSMDIH,1.0
7227,SICMP,1.0
7228,SLVVPML,1.0
7229,MWLFTTH,1.0
7230,CWMGSFSL,1.0
7231,WFQIAASFPI,1.0
7232,WSHFGT,1.0
7233,LYERSDFF,1.0
7234,GITFMK,1.0
7235,WVQQL,1.0
7236,AVIRVW,1.0
7237,WHFDKP,1.0
7238,AAHHP,1.0
7239,PTPAFI,1.0
7240,TKLMFSIP,1.0
7241,TDMHSF,1.0
7242,QLYWSFGQMH,1.0
7243,WAFINCWMM,1.0
7244,MWHFSGGC,1.0
7245,PKIIGWQ,1.0
7246,LWDMW,1.0
7247,CHWIGLGFFK,1.0
7248,VWARHI,1.0
7249,YVELMIF,1.0
7250,RSTLW,1.0
7251,HAMHPL,1.0
7252,GWVHY,1.0
7253,WPMDQR,1.0
7254,HLISIC,1.0
7255,VYFMDTF,1.0
7256,GKMYWT,1.0
7257,TFFDEY,1.0
7258,RHHSQ,1.0
7259,RVAHF,1.0
7260,RHVKY,1.0
7261,IWQNGVW,1.0
7262,HCWVQV,1.0
7263,AIPHF,1.0
7264,WRNVVFMS,1.0
7265,THVVA,1.0
7266,YRPWTYKFD,1.0
7267,LFPMY,1.0
7268,FLKCGLY,1.0
7269,RMTFHVQDCW,1.0
7270,DWWWWEP,1.0
7271,MQKYH,1.0
7272,VCGKMFWAP,1.0
7273,IYSYKDFYK,1.0
7274,VHLWCY,1.0
7275,FHQHT,1.0
7276,WTMFQVDMML,1.0
7277,GKDKMPYWII,1.0
7278,IFIIN,1.0
7279,MTIPV,1.0
7280,FAMTW,1.0
7281,HSMTFSFWFQ,1.0
7282,HTVMMVWI,1.0
7283,LCYIQ,1.0
7284,HWCWL,1.0
7285,PVRLC,1.0
7286,SILDHYC,1.0
7287,CSWVH,1.0
7288,KPFYGHTM,1.0
7289,SRHVS,1.0
7290,EHPWSV,1.0
7291,YLPGFV,1.0
7292,STCYWAVKVL,1.0
7293,IQTWWI,1.0
7294,MYHMAN,1.0
7295,VVYQTYF,1.0
7296,YPWLKEPI,1.0
7297,KVWRF,1.0
7298,HWILKHFVSW,1.0
7299,AMSPI,1.0
7300,WIRFF,1.0
7301,FMVVYKEYFT,1.0
7302,TALNHI,1.0
7303,YNTFAF,1.0
7304,FMNWFG,1.0
7305,VKGIYTMYFY,1.0
7306,FFRWWMPHRF,1.0
7307,MWKWLSIRIM,1.0
7308,LHGWS,1.0
7309,RCAFF,1.0
7310,FFDWMQGRWM,1.0
7311,WTPIWV,1.0
7312,IWRYMMHMMK,1.0
7313,DPYIH,1.0
7314,SCIWYVN,1.0
7315,HLWVF,1.0
7316,FYFQP,1.0
7317,GLRWCPH,1.0
7318,SPDCNQYQLW,1.0
7319,FAEYY,1.0
7320,MIWPD,1.0
7321,FLMRSVLHCH,1.0
7322,FCQLIVAF,1.0
7323,HIIPF,1.0
7324,TKYKGWMGLW,1.0
7325,CVKHY,1.0
7326,YPTWGS,1.0
7327,GVNLQRWFVW,1.0
7328,PPVCW,1.0
7329,FNWIDH,1.0
7330,MWERYYPCI,1.0
7331,MTQWFPTIKL,1.0
7332,KQKYWD,1.0
7333,APCHC,1.0
7334,HQYMNYCGHW,1.0
7335,YGFWGYMDLS,1.0
7336,LFFHID,1.0
7337,CIETW,1.0
7338,FCQIPMH,1.0
7339,RMCYYNFFFR,1.0
7340,WAGWLTH,1.0
7341,PTPNTF,1.0
7342,AKDWWV,1.0
7343,FPMFN,1.0
7344,HTMLWMP,1.0
7345,PWFDAIR,1.0
7346,KGWWCDV,1.0
7347,SWAVGHWRPW,1.0
7348,EIPIWHFC,1.0
7349,IELIWY,1.0
7350,IEWIPKM,1.0
7351,LDFYCHP,1.0
7352,KFAFYNHYY,1.0
7353,GFCPMIWD,1.0
7354,LVQTFIC,1.0
7355,CWYRQV,1.0
7356,SKWPLT,1.0
7357,GIIIW,1.0
7358,SGFDH,1.0
7359,KDEFGTYFHW,1.0
7360,TCDHF,1.0
7361,WIQFRHQMW,1.0
7362,MYNPCRPCY,1.0
7363,SPTYSC,1.0
7364,VLGYRYHV,1.0
7365,PFQCTW,1.0
7366,RKLNYW,1.0
7367,IIHMMMFPHW,1.0
7368,WPYTYMYH,1.0
7369,FIAFHRC,1.0
7370,SEQYHFK,1.0
7371,IVFVK,1.0
7372,VFCRSIFFPM,1.0
7373,YYPTH,1.0
7374,VTQGW,1.0
7375,PFVEYIFWAR,1.0
7376,QFNWV,1.0
7377,CPQWQC,1.0
7378,NHVAH,1.0
7379,YLLHYEM,1.0
7380,YKWEWW,1.0
7381,HFTSPGC,1.0
7382,IIECCWR,1.0
7383,FEWLY,1.0
7384,YLFMIA,1.0
7385,PVLAWAWIPP,1.0
7386,WYMPV,1.0
7387,FMMSCS,1.0
7388,GCWMTTW,1.0
7389,THIKV,1.0
7390,FMFACDGW,1.0
7391,MPSMKWYYWA,1.0
7392,WVMAWV,1.0
7393,WLPSMNWH,1.0
7394,QKWQVCWPIY,1.0
7395,LLKQYNYV,1.0
7396,VVWLM,1.0
7397,KDKWF,1.0
7398,PHWWLM,1.0
7399,VTYSNPVMFG,1.0
7400,GPWDS,1.0
7401,CYFFP,1.0
7402,IEQWP,1.0
7403,HMHHCP,1.0
7404,LLWAK,1.0
7405,MLEHPFRHYT,1.0
7406,KPTHHP,1.0
7407,LIGPFCK,1.0
7408,NFYYPKFDTS,1.0
7409,VWVTPAI,1.0
7410,FMRFIKYPVD,1.0
7411,ICVWFQRHLW,1.0
7412,YCCCSITMLY,1.0
7413,IHWCS,1.0
7414,PSMKAW,1.0
7415,FIFVWFHQ,1.0
7416,WMHYD,1.0
7417,VIHYSELFKM,1.0
7418,YIKYE,1.0
7419,MQIWIPF,1.0
7420,AQFGVW,1.0
7421,IHNQQHFN,1.0
7422,YFYNC,1.0
7423,PWYVAM,1.0
7424,DLFPVVF,1.0
7425,DWCCSIH,1.0
7426,YKQIWYRNMI,1.0
7427,QIYHYSIDFP,1.0
7428,KHALLNIFFL,1.0
7429,YRCFVWCYLM,1.0
7430,MCIRYD,1.0
7431,WCYYDH,1.0
7432,VKHMYH,1.0
7433,QKELWSEFHM,1.0
7434,CLCFPNL,1.0
7435,KQPHE,1.0
7436,HIHTM,1.0
7437,SCMIH,1.0
7438,CKYMIWMV,1.0
7439,IIYFDLIIKT,1.0
7440,WVHCLQ,1.0
7441,MCWKP,1.0
7442,KENWH,1.0
7443,FLMYHNNSHM,1.0
7444,HYHMS,1.0
7445,SHPWG,1.0
7446,SQYMIH,1.0
7447,VMLVT,1.0
7448,FYTFGWDLMT,1.0
7449,EGFFH,1.0
7450,VVFREHLI,1.0
7451,QWCVKFDM,1.0
7452,MTFLFFD,1.0
7453,QKIMCYHGYW,1.0
7454,PPFCVY,1.0
7455,KWEVLWIP,1.0
7456,MFWSW,1.0
7457,MWRGCFLD,1.0
7458,KFPNEH,1.0
7459,YLYVL,1.0
7460,DVVYVFP,1.0
7461,HDCKP,1.0
7462,YIKHVMEHKT,1.0
7463,TRIFSQWF,1.0
7464,SGCLMH,1.0
7465,AVNNH,1.0
7467,TPCALCH,1.0
7468,SHIFHYFQHY,1.0
7469,NCHQT,1.0
7470,RMWKDWTMGC,1.0
7471,TFCTVPHWSW,1.0
7472,ILGTVSHFSL,1.0
7473,TMPPFLT,1.0
7474,LWNMH,1.0
7475,HLPSVSGGFF,1.0
7476,MRPVAH,1.0
7477,KLKHHSF,1.0
7478,LSYVMTWG,1.0
7479,KCPHWKH,1.0
7480,YMTFY,1.0
7481,WTSPN,1.0
7482,FLFCSWVDKE,1.0
7483,NVTSIPSWWL,1.0
7484,VLLGTIFL,1.0
7485,WHKPTHYFHL,1.0
7486,FWTFLQ,1.0
7487,SQWSL,1.0
7488,CCTTH,1.0
7489,CFSHWEP,1.0
7490,VLCKWVSY,1.0
7491,FGKIHYK,1.0
7492,FHYGCH,1.0
7493,PQTMVLDWWL,1.0
7494,YQPMH,1.0
7495,MCEPW,1.0
7496,PWNVHMLHW,1.0
7497,YWPAFNL,1.0
7498,MTMWQ,1.0
7499,DKIDYMFNYP,1.0
7500,PVPCSW,1.0
7501,GFRDV,1.0
7502,NFHCP,1.0
7503,PIYEDKFHC,1.0
7504,VFVCVH,1.0
7505,SWMAIN,1.0
7506,QVWYD,1.0
7507,MHLLCS,1.0
7508,MIGHF,1.0
7509,AMILMVMW,1.0
7510,KGFEWASWDF,1.0
7511,FWIGSQIMYT,1.0
7512,PWMNAM,1.0
7513,FFCHTRM,1.0
7514,CSRLHHP,1.0
7515,VLWVGG,1.0
7516,EKHQPMCYMY,1.0
7517,PRAWFS,1.0
7518,FRWWCWYFIF,1.0
7519,VMAWTQ,1.0
7520,DLVWP,1.0
7521,KWCIP,1.0
7522,FPIHTP,1.0
7523,HIVEKIWMYP,1.0
7524,PFWCADFHAI,1.0
7525,FTRNYD,1.0
7526,RNYCFD,1.0
7527,DVWLWLH,1.0
7528,KAHDWF,1.0
7529,RWCVFI,1.0
7530,TFIAHV,1.0
7531,CMSHNFF,1.0
7532,NMPSTY,1.0
7533,YSWYRA,1.0
7534,VEHYLKLGCY,1.0
7535,KCICNWT,1.0
7536,LNYGQWE,1.0
7537,IFCKPYCSH,1.0
7538,RYFTYE,1.0
7539,MCWWRQNTYY,1.0
7540,YYERH,1.0
7541,AKNIW,1.0
7542,QLIFY,1.0
7543,HLVTKFH,1.0
7544,VIPMSSYH,1.0
7545,YKQIW,1.0
7546,NFLPV,1.0
7547,LWLSLHA,1.0
7548,AMFKKFTWYI,1.0
7549,QILGFF,1.0
7550,PEKRSPWIYI,1.0
7551,HGYFSIF,1.0
7552,VCAFGFFR,1.0
7553,LEEFVMWSFS,1.0
7554,CHNLNVH,1.0
7555,VTNLF,1.0
7556,EMWRH,1.0
7557,DIPYWWNHIK,1.0
7558,WWNMQF,1.0
7559,PNDSYWYKI,1.0
7560,FFDKIHIC,1.0
7561,WKVFCCDWWV,1.0
7562,HWLTLM,1.0
7563,AKHMYH,1.0
7564,PVWKWQSLF,1.0
7565,LPDYKP,1.0
7566,WTHPI,1.0
7567,WIVPF,1.0
7568,SRSEVF,1.0
7569,CHSCYCWL,1.0
7570,FISNIRQWFL,1.0
7571,TWGFC,1.0
7572,RDHSF,1.0
7573,LNFVNV,1.0
7574,MFPTHYGMPW,1.0
7575,KWHPFHCIAH,1.0
7576,WPHHASQYWS,1.0
7577,FLNPTDVHLR,1.0
7578,WFCRCWSL,1.0
7579,YPVMPSCH,1.0
7580,CPSYYMFRF,1.0
7581,CILFF,1.0
7582,NILYTTQYPM,1.0
7583,NCFWRWMWKC,1.0
7584,KWTFL,1.0
7585,FFEEFSV,1.0
7586,FIYYQ,1.0
7587,GSFCFA,1.0
7588,HFTSP,1.0
7589,GQWMTFM,1.0
7590,WGMLHG,1.0
7591,WYVAQHYHHK,1.0
7592,FGKRAVGWWP,1.0
7593,NIVWY,1.0
7594,FKHSM,1.0
7595,WQYGVYHHF,1.0
7596,FYMCSQ,1.0
7597,WVYSDMMWMY,1.0
7598,MFMSCWGSF,1.0
7599,VLVWNHV,1.0
7600,WHCPSWG,1.0
7601,WWCFL,1.0
7602,ISIDHYPM,1.0
7603,PNMHH,1.0
7604,WRFWSYDWAI,1.0
7605,YMATWTVCVW,1.0
7606,YWLWN,1.0
7607,VLPRVWIYGL,1.0
7608,CMYCR,1.0
7609,SFHERTVHRF,1.0
7610,EPIKWP,1.0
7611,SYLLY,1.0
7612,HAILHW,1.0
7613,WTCPMM,1.0
7614,MSWMMLLC,1.0
7615,FHHNC,1.0
7616,REFHQW,1.0
7617,WSCYLCICHR,1.0
7618,YLQWFP,1.0
7619,VFPQDSHNF,1.0
7620,VTFSLPHI,1.0
7621,PTCWTFA,1.0
7622,LCNFF,1.0
7623,TKGDFHPW,1.0
7624,RQMTEVCFWT,1.0
7625,WCWIK,1.0
7626,AIYCWQ,1.0
7627,LFMIAS,1.0
7628,IWRTGW,1.0
7629,PNIHMNSCYM,1.0
7630,NESHYW,1.0
7631,QWRLTCFW,1.0
7632,FLTWFNTL,1.0
7633,FAVHF,1.0
7634,INDIF,1.0
7635,WFGILP,1.0
7636,GFVGLII,1.0
7637,KFLNNYF,1.0
7638,IPMWTTMCS,1.0
7639,MEPSCY,1.0
7640,PSCSIWPYTY,1.0
7641,DDKWQPYYPW,1.0
7642,PIWPTEPFRK,1.0
7643,LMELYY,1.0
7644,RSTLYW,1.0
7645,GPSWHCFC,1.0
7646,AQVVLLF,1.0
7647,FKCGYA,1.0
7648,WWPTI,1.0
7649,CGFGWVGIWL,1.0
7650,FLNMCYCTKW,1.0
7651,FCYLQWT,1.0
7652,FGWGHWFV,1.0
7653,RCPLIW,1.0
7654,SAAWWS,1.0
7655,WANGMQDFSY,1.0
7656,IYTFCYTCPN,1.0
7657,CGDWFWYWWG,1.0
7658,YHNFMN,1.0
7659,EFWGMMHTTF,1.0
7660,QMCWYV,1.0
7661,VDFSLP,1.0
7662,FDILVFCK,1.0
7663,WSKRYC,1.0
7664,HWRWP,1.0
7665,MSFVH,1.0
7666,PFGLW,1.0
7667,FQHAC,1.0
7668,RSPWIQYFVM,1.0
7669,VYPYMPSSVN,1.0
7670,WHVQYVF,1.0
7671,YHFKGM,1.0
7672,WILNFT,1.0
7673,LNVHVHMFF,1.0
7674,CSQYCQNNYW,1.0
7675,PWCCGHQY,1.0
7676,KCNHWVQHWP,1.0
7677,DYWCEYW,1.0
7678,ATNLCIIDFF,1.0
7679,HCKTMEYFIW,1.0
7680,IIGVIL,1.0
7681,WPNFINVI,1.0
7682,IAQVFYDWEY,1.0
7683,MWISA,1.0
7684,HVWFT,1.0
7685,THGLLLY,1.0
7686,RFMTT,1.0
7687,IIVYV,1.0
7688,FPLWWQQGCD,1.0
7689,SYYTLH,1.0
7690,HVAYL,1.0
7691,PFLSP,1.0
7692,SYIHKTY,1.0
7693,WIAPDHYCV,1.0
7694,WDWRY,1.0
7695,THKHFTF,1.0
7696,TYYTD,1.0
7697,EFIMK,1.0
7698,QTWWR,1.0
7699,ILIISFDHSM,1.0
7700,TPMWL,1.0
7701,AMIFCMFA,1.0
7702,VNLLY,1.0
7703,CCWIK,1.0
7704,IMHRCHS,1.0
7705,WYFIME,1.0
7706,KFTPHYF,1.0
7707,EFHFT,1.0
7708,ATTVWFMVWQ,1.0
7709,CRWWNE,1.0
7710,TAWKMP,1.0
7711,HMFET,1.0
7712,MATPMY,1.0
7713,MKQLFFSYS,1.0
7714,FFSAGPYHI,1.0
7715,LVKQYW,1.0
7716,LRHWK,1.0
7717,PWVIV,1.0
7718,LVAFWN,1.0
7719,PCVWTYVWG,1.0
7720,YWYFT,1.0
7721,WCATQDW,1.0
7722,WHHHFSTKCR,1.0
7723,VPHALW,1.0
7724,MMRPFTH,1.0
7725,FQRIE,1.0
7726,VCLYLDGFPS,1.0
7727,YSNHWTV,1.0
7728,TCLRYIYIQC,1.0
7729,YEKTS,1.0
7730,AVSSY,1.0
7731,YRHPG,1.0
7732,IYCPYMN,1.0
7733,RDCGVW,1.0
7734,KTSCF,1.0
7735,CCAWTQ,1.0
7736,FPIYECHDF,1.0
7737,WLEYH,1.0
7738,YVQQCW,1.0
7739,GLFVWHWLFG,1.0
7740,MKTTEH,1.0
7741,IYISCYN,1.0
7742,PWLIWCS,1.0
7743,YKHRHCAWFS,1.0
7744,VVMPCWHS,1.0
7745,WHPFCP,1.0
7746,SMDWPK,1.0
7747,QYFIV,1.0
7748,PFYMQ,1.0
7749,RFFRHGVW,1.0
7750,TFWVTGC,1.0
7751,TSFLWPL,1.0
7752,YIHFNLLH,1.0
7753,LWNGYTP,1.0
7754,TKWPST,1.0
7755,FTTWTWW,1.0
7756,WQKDFI,1.0
7757,FMGFREC,1.0
7758,LTQYI,1.0
7759,VWLCA,1.0
7760,YILLAVT,1.0
7761,NWKIT,1.0
7762,YPGSVPGWKI,1.0
7763,PVLCAFEF,1.0
7764,CPTYP,1.0
7765,SCLKGF,1.0
7766,MMRNWEW,1.0
7767,CWELF,1.0
7768,FNMLGFEK,1.0
7769,FFIRH,1.0
7770,MPWWEN,1.0
7771,AHIPFVHF,1.0
7772,CGLFLQHMQK,1.0
7773,HFTDY,1.0
7774,RSPWI,1.0
7775,TFTFV,1.0
7776,RSMDVY,1.0
7777,MQCHWTI,1.0
7778,VPLVI,1.0
7779,CWLYMW,1.0
7780,CFDPYDSTHK,1.0
7781,YRPVH,1.0
7782,MSQFCRMWWA,1.0
7783,SPYNHT,1.0
7784,KCWGS,1.0
7785,LNVSCDW,1.0
7786,LPYPETF,1.0
7787,WIRPT,1.0
7788,WPPGLEKRFP,1.0
7789,TSFLDHV,1.0
7790,SGYSYC,1.0
7791,FASPS,1.0
7792,CHVRYQMDYT,1.0
7793,QYFVM,1.0
7794,YICVQFD,1.0
7795,GGIWVW,1.0
7796,HLGVWQTFGL,1.0
7797,EYRMI,1.0
7798,GYWNG,1.0
7799,HVWMD,1.0
7800,CQHTW,1.0
7801,TEVPKHFF,1.0
7802,LAHPW,1.0
7803,HPVTWEL,1.0
7804,LMYYF,1.0
7805,CYTCMDHY,1.0
7806,FSYDC,1.0
7807,LYIAFD,1.0
7808,AVCATFY,1.0
7809,FSTHTYQMWI,1.0
7810,MYVWSFWWW,1.0
7811,WGMGW,1.0
7812,VTLTIPAMTY,1.0
7813,NHTWCIY,1.0
7814,YVCSVCPHTV,1.0
7815,SAPWSL,1.0
7816,HTMIN,1.0
7817,PMVEWK,1.0
7818,FIVRGYNHLP,1.0
7819,VMMNTIWH,1.0
7820,WFKKW,1.0
7821,FCRWW,1.0
7822,MCSHHHPICW,1.0
7823,ILYYQQSPLF,1.0
7824,KEYYNMMWQA,1.0
7825,FLMFFTIH,1.0
7826,VSVWMV,1.0
7827,WYNFLGL,1.0
7828,NIHTM,1.0
7829,FGQFTRKPHY,1.0
7830,SNWGFL,1.0
7831,TLVWYP,1.0
7832,WWIFHTQ,1.0
7833,WDKYSHVF,1.0
7834,HYFHKD,1.0
7835,HQFCRWTF,1.0
7836,YLFIQLDAGM,1.0
7837,NRVECFW,1.0
7838,CPEVKW,1.0
7839,IWQWN,1.0
7840,FFMTTNGIWV,1.0
7841,CQTWHNCWGV,1.0
7842,WAIDVFGW,1.0
7843,ISVMVL,1.0
7844,IIDLSHHMCL,1.0
7845,ELVPW,1.0
7846,WPDMWIYWMA,1.0
7847,AAEFINRWHY,1.0
7848,LMMPWE,1.0
7849,LGWCKHL,1.0
7850,MCPVQY,1.0
7851,GCCFCEKVRW,1.0
7852,ELFKM,1.0
7853,AVHDT,1.0
7854,LIIVW,1.0
7855,PAMTY,1.0
7856,PYREYCW,1.0
7857,KVFTA,1.0
7858,LYHGLGWYVH,1.0
7859,FWRLC,1.0
7860,TQVPW,1.0
7861,RFVFWL,1.0
7862,GNFPFL,1.0
7863,LTYKW,1.0
7864,LLWRSC,1.0
7865,KLIFDQL,1.0
7866,VLVGPFKIYC,1.0
7867,FQNVW,1.0
7868,VEFYWV,1.0
7869,MVHKF,1.0
7870,PWMMWKN,1.0
7871,CHTWWIPV,1.0
7872,PSVMTNLHCW,1.0
7873,VCVVEAWMKY,1.0
7874,IGGVNMYWLE,1.0
7875,WGLGWWGV,1.0
7876,NTIWII,1.0
7877,LICHEWH,1.0
7878,LVLYFYSTFH,1.0
7879,PHWQSPDLWW,1.0
7880,FQYHR,1.0
7881,THLLSLHGFD,1.0
7882,FTKKF,1.0
7883,WEMYGF,1.0
7884,NIFFNNGLAW,1.0
7885,FDYKVFYLAC,1.0
7886,IHFFWTP,1.0
7887,IIWPHHP,1.0
7888,SPFERFGCAL,1.0
7889,WRKYPITLVW,1.0
7890,RMFALCWNI,1.0
7891,HWMHVFS,1.0
7892,RWCLN,1.0
7893,KLFEE,1.0
7894,LYVYPYSLLF,1.0
7895,WIRCGV,1.0
7896,MSRSF,1.0
7897,GYQLF,1.0
7898,VPYFIPPIYK,1.0
7899,LCNFFSYWCY,1.0
7900,YLYRH,1.0
7901,SSMWRM,1.0
7902,FWTYKFFLGR,1.0
7903,KFWGNYFYT,1.0
7904,GNQFVW,1.0
7905,PCKSFPFWVG,1.0
7906,FGYHPRY,1.0
7907,WMNHVVWY,1.0
7908,PSGYVL,1.0
7909,VNCWD,1.0
7910,GYTRCCSYMW,1.0
7911,MSSKITADWW,1.0
7912,PLVRFRWW,1.0
7913,IFSQMRGYPF,1.0
7914,QGWHIIYFVR,1.0
7915,MEWYHW,1.0
7916,VHWCKF,1.0
7917,ESMWLWC,1.0
7918,CKTYLY,1.0
7919,TLWMQM,1.0
7920,PPWDFGHG,1.0
7921,PMWQS,1.0
7922,LMFCWEL,1.0
7923,FWANLEV,1.0
7924,RVFFGN,1.0
7925,IGWIT,1.0
7926,PWFSGQV,1.0
7927,QIYAL,1.0
7928,LFDNFGCQMW,1.0
7929,FGFKQY,1.0
7930,WQHSK,1.0
7931,YDWSGM,1.0
7932,WRNMMYC,1.0
7933,TLHDL,1.0
7934,MFQTFH,1.0
7935,PDWYA,1.0
7936,MTDYKQWYWI,1.0
7937,WGKQNYYHNC,1.0
7938,AYVWAI,1.0
7939,IYPAPMGW,1.0
7940,MSHNY,1.0
7941,VDEKHWMMFS,1.0
7942,NWWRDSH,1.0
7943,HYSFS,1.0
7944,NITYM,1.0
7945,PPHMWILTFT,1.0
7946,IHNPS,1.0
7947,GVLHC,1.0
7948,FHPLFY,1.0
7949,LLWMHIVL,1.0
7950,FWMDVDPYWH,1.0
7951,TFQHW,1.0
7952,PTISHRCIPF,1.0
7953,YSWFSPRYK,1.0
7954,PKPFYY,1.0
7955,LYYPQFTSFK,1.0
7956,YWTFQE,1.0
7957,HYFLFCLAMT,1.0
7958,MYRTWCYKGW,1.0
7959,MALIW,1.0
7960,TTIYGS,1.0
7961,WKNPYMHVPS,1.0
7962,ATKGPWWFM,1.0
7963,HTWPG,1.0
7964,MDWAIQFYRL,1.0
7965,QYFAF,1.0
7966,TWCPFA,1.0
7967,HMVCELWFR,1.0
7968,VVLYRWS,1.0
7969,FWCSG,1.0
7970,YSILV,1.0
7971,TYWDGLPW,1.0
7972,FWFWQRC,1.0
7973,TRWAV,1.0
7974,NQPIQIW,1.0
7975,TRFNSV,1.0
7976,CWNNNWM,1.0
7977,AWNTW,1.0
7978,CSWYETF,1.0
7979,PCFPDGF,1.0
7980,HVTKNF,1.0
7981,QPIGWV,1.0
7982,RSEVFP,1.0
7983,TGFYRFPDCH,1.0
7984,HFWPW,1.0
7985,SIQNPW,1.0
7986,GSICLHWS,1.0
7987,LFWYMG,1.0
7988,KYQFT,1.0
7989,DLFTY,1.0
7990,KKYFHE,1.0
7991,VCFWCFR,1.0
7992,KFFCCI,1.0
7993,WAFMNHV,1.0
7994,WHFPCQY,1.0
7995,MFWHMPLV,1.0
7996,HCVDF,1.0
7997,KFNLTH,1.0
7998,DLWVI,1.0
7999,PLIQKHFWAW,1.0
8000,GYEFCYLFLP,1.0
8001,NMHSKWWDFS,1.0
8002,CFNHW,1.0
8003,HFNYW,1.0
8004,QIVFW,1.0
8005,FHQAWY,1.0
8006,FSLLF,1.0
8007,YFEPRW,1.0
8008,HMTYF,1.0
8009,VPHTSVF,1.0
8010,SRVMQHYLF,1.0
8011,PKYWSY,1.0
8012,CSLQY,1.0
8013,LDVTWI,1.0
8014,REFMVFL,1.0
8015,EIWTT,1.0
8016,QVYSSYPWFD,1.0
8017,MFSMNFC,1.0
8018,DWRCFF,1.0
8019,IYVMMPLHIF,1.0
8020,RFHMW,1.0
8021,KSYWE,1.0
8022,ITLTIW,1.0
8023,VRFYSWYWC,1.0
8024,HWVASY,1.0
8025,YDLQPSEFIW,1.0
8026,CVRPYS,1.0
8027,YYTICQR,1.0
8028,CWGYSWMS,1.0
8029,GYQKMFFF,1.0
8030,GRWHP,1.0
8031,WIGYLNYDY,1.0
8032,RWFWHQC,1.0
8033,QHFHPL,1.0
8034,PAYFDGPIAF,1.0
8035,LFVTFWE,1.0
8036,YRWIWF,1.0
8037,VKCPFIIHH,1.0
8038,SLAFIIF,1.0
8039,WLRKDYKYHW,1.0
8040,DRDFWT,1.0
8041,SPKNWWL,1.0
8042,KNWYYKYIKD,1.0
8043,PFFIYFPVDF,1.0
8044,HPCVL,1.0
8045,VKGVGSLCWP,1.0
8046,WWQLATS,1.0
8047,FLAYKA,1.0
8048,MIFCAF,1.0
8049,WCCKC,1.0
8050,YYLMRD,1.0
8051,CFNKHM,1.0
8052,PWYNPD,1.0
8053,YRHVM,1.0
8054,IIWKPA,1.0
8055,FVFMWL,1.0
8056,FVSFHQ,1.0
8057,VPSLPLW,1.0
8058,TPYLYMSMKF,1.0
8059,YMIAHVIFYN,1.0
8060,FDTKFILL,1.0
8061,TYCIQ,1.0
8062,CSVLSMW,1.0
8063,PNMEWNW,1.0
8064,WWPNWRNIDA,1.0
8065,MTYTGSHHFY,1.0
8066,GLFHHEKWIC,1.0
8067,IYIQC,1.0
8068,EKYWIH,1.0
8069,KYHMHA,1.0
8070,CQCMTWL,1.0
8071,MSDPY,1.0
8072,TMWCF,1.0
8073,MMFVC,1.0
8074,FTIWVWSSNP,1.0
8075,PYWSVCQC,1.0
8076,FSFYHA,1.0
8077,HYCVH,1.0
8078,GFVDR,1.0
8079,LKPEWICL,1.0
8080,CKRSFVQWHF,1.0
8081,YIVWW,1.0
8082,IYQVNKAYLW,1.0
8083,KIGVWF,1.0
8084,RLWPCDF,1.0
8085,MTTMFGHLWG,1.0
8086,VHLDY,1.0
8087,YIHGI,1.0
8088,IISWRWLTEA,1.0
8089,ILFSA,1.0
8090,FFLCHH,1.0
8091,CSFWH,1.0
8092,ICPCTQANCW,1.0
8093,TYESF,1.0
8094,WCWMGTKAYY,1.0
8095,VVKGMH,1.0
8096,WTCPI,1.0
8097,YISVVQW,1.0
8098,GLCFF,1.0
8099,IWARW,1.0
8100,KDKWFNNHYN,1.0
8101,PYYFDR,1.0
8102,KRHDYS,1.0
8103,RHCLGH,1.0
8104,FSIWIHRLIY,1.0
8105,LFSVGRQW,1.0
8106,VFWKRHVI,1.0
8107,HPVNL,1.0
8108,YGKDY,1.0
8109,NIYHNALLNY,1.0
8110,IFRCDT,1.0
8111,QTFDMFF,1.0
8112,WCNIGPF,1.0
8113,MGAFWL,1.0
8114,YVTCFMEYKT,1.0
8115,ERWCC,1.0
8116,PCYPQ,1.0
8117,TRHPV,1.0
8118,FHNNS,1.0
8119,PFTMMYCAVC,1.0
8120,EVFPFML,1.0
8121,LLYIS,1.0
8122,YSMSPYSQSF,1.0
8123,KCCYH,1.0
8124,QIWVETLWRH,1.0
8125,ITGKYTW,1.0
8126,YRFIFQ,1.0
8127,IFPMVWTK,1.0
8128,CAPSY,1.0
8129,VWFGC,1.0
8130,YYSHHKFAAS,1.0
8131,WHQTEGSSWF,1.0
8132,FVFHVKL,1.0
8133,CPTHW,1.0
8134,CTKFVW,1.0
8135,LFCLWMF,1.0
8136,QYYMY,1.0
8137,CGSWES,1.0
8138,YAGSCL,1.0
8139,CIWEKFM,1.0
8140,LMYFICA,1.0
8141,KFMSFEN,1.0
8142,PITWFQ,1.0
8143,MQWHG,1.0
8144,LPWAHMP,1.0
8145,YPNGP,1.0
8146,LIASTF,1.0
8147,WHWKTLLFMH,1.0
8148,AWCYWWIN,1.0
8149,RYWSWHPD,1.0
8150,LPRHLT,1.0
8151,AYKAW,1.0
8152,HLCSM,1.0
8153,APFIWMYWVW,1.0
8154,TFWALNYPYR,1.0
8155,SKMINY,1.0
8156,FVKSVID,1.0
8157,YWPIPIKGSW,1.0
8158,EFQSF,1.0
8159,YCHHTN,1.0
8160,KGLWI,1.0
8161,LGYKNFLFS,1.0
8162,VSMYEW,1.0
8163,WSIKCW,1.0
8164,VIWWQFF,1.0
8165,RFHCFL,1.0
8166,IMRYMWV,1.0
8167,PKLHGWWC,1.0
8168,TFGFY,1.0
8169,LSKLQWWSSV,1.0
8170,MTVMWGEHML,1.0
8171,HSVWR,1.0
8172,YLFLPGYEFC,1.0
8173,YTMWPR,1.0
8174,IAYCI,1.0
8175,VEHTL,1.0
8176,WRYLTWGWCV,1.0
8177,WVIEIFV,1.0
8178,DPYWSMK,1.0
8179,GVHPWFTYHC,1.0
8180,VPQRFTI,1.0
8181,FALWGYLIWY,1.0
8182,VVSIC,1.0
8183,WASINIFWCD,1.0
8184,WILWANRMNY,1.0
8185,WWCVFWG,1.0
8186,SVVYRERFF,1.0
8187,WTVCTC,1.0
8188,GSWHTY,1.0
8189,CHPYN,1.0
8190,YPHLFVWALK,1.0
8191,HWPHLCV,1.0
8192,ISNRFMASSW,1.0
8193,VWPWYGVMSK,1.0
8194,DFFTFFIW,1.0
8195,STFIYQWFQM,1.0
8196,NTMIMW,1.0
8197,WIPLFW,1.0
8198,FCRFKECMHQ,1.0
8199,SYGMGWMLL,1.0
8200,ILMGHLL,1.0
8201,MLYFEM,1.0
8202,MWSPCS,1.0
8203,WHEVMPCYP,1.0
8204,GQPMYTYW,1.0
8205,YTERPLYYIE,1.0
8206,WQKCDGF,1.0
8207,CPTHWTREVW,1.0
8208,YSLFYMSTYA,1.0
8209,SATWC,1.0
8210,IAHIYVTYQK,1.0
8211,LWCFKIT,1.0
8212,LHPVGPS,1.0
8213,NVYLQRYEQY,1.0
8214,TTWWNSF,1.0
8215,WAIGG,1.0
8216,TKLWFNYPY,1.0
8217,AQFYSV,1.0
8218,LHIPR,1.0
8219,FFGKFLIHCR,1.0
8220,CFGAMVYM,1.0
8221,TIPIHV,1.0
8222,WHRVT,1.0
8223,GSWMF,1.0
8224,NHQVY,1.0
8225,ITCLFNMIF,1.0
8226,VNVYV,1.0
8227,STYVCPEFP,1.0
8228,TFYYKFVCH,1.0
8229,AFLEQHWWWI,1.0
8230,GEIFLMSHIY,1.0
8231,HFSFL,1.0
8232,NWDRFHS,1.0
8233,LFRTFVFS,1.0
8234,ATMHYC,1.0
8235,SHPWGEWCFY,1.0
8236,QECMIKVWRF,1.0
8237,WVIILRLMDT,1.0
8238,CIVLCSP,1.0
8239,FGSQFL,1.0
8240,DRFGNGVWWF,1.0
8241,WLFTDS,1.0
8242,AHCWFYS,1.0
8243,FYIAVHGW,1.0
8244,WGCWMVW,1.0
8245,WEKFRV,1.0
8246,KLHSN,1.0
8247,PMGRVEFYGH,1.0
8248,FRTDQQHWQW,1.0
8249,RFNYTWVLM,1.0
8250,CFPFW,1.0
8251,ADHHIYYAWG,1.0
8252,KICVWTHI,1.0
8253,CWLCIGFT,1.0
8254,MFHLLFG,1.0
8255,MVWFH,1.0
8256,TFVQFWFIP,1.0
8257,FMRVYVPFSC,1.0
8258,LFKAGANMLI,1.0
8259,GNHWH,1.0
8260,IQHEYI,1.0
8261,FTWILW,1.0
8262,VWSMQ,1.0
8263,MKYDYH,1.0
8264,WTNIHFE,1.0
8265,ILLEHLHWRP,1.0
8266,CLTFP,1.0
8267,ALFYKFI,1.0
8268,SKNHF,1.0
8269,GVWSM,1.0
8270,VFIQS,1.0
8271,VYPPWYLF,1.0
8272,LIWTVYKIH,1.0
8273,APWPY,1.0
8274,CRWYWMFCW,1.0
8275,NRWVD,1.0
8276,CPSGYAGMPW,1.0
8277,FPPIEMH,1.0
8278,FDMRVYMSSW,1.0
8279,CHPNLY,1.0
8280,QWWEY,1.0
8281,KELMWG,1.0
8282,PMFTLN,1.0
8283,IYFGIVVG,1.0
8284,HKMWWSYG,1.0
8285,VMPWFLE,1.0
8286,SCFRWW,1.0
8287,RLWAVL,1.0
8288,CWLRP,1.0
8289,MQSSCH,1.0
8290,HWPDWHNCMM,1.0
8291,LFVASCFCP,1.0
8292,IISCSLPY,1.0
8293,VTTFSFNFII,1.0
8294,EWCLVF,1.0
8295,CWSFK,1.0
8296,VWQLWTQ,1.0
8297,CPVGYAWYL,1.0
8298,LVAYM,1.0
8299,RSYMP,1.0
8300,TYPLFL,1.0
8301,WAFLQR,1.0
8302,CFWDWVC,1.0
8303,VTVDQCFWF,1.0
8304,FVMIMYMGYS,1.0
8305,WIDWHYRGSC,1.0
8306,KEMYHYWF,1.0
8307,YSTFHLVLYF,1.0
8308,MGHRMY,1.0
8309,FRFFGFR,1.0
8310,PWFPQELTFT,1.0
8311,KHFWY,1.0
8312,CEISINMFPF,1.0
8313,MLRNHF,1.0
8314,YSMSP,1.0
8315,NIVWYDNCVY,1.0
8316,YDWAI,1.0
8317,HFMVWEITWY,1.0
8318,YMTKV,1.0
8319,HIPHR,1.0
8320,WVVRVH,1.0
8321,FTPFLR,1.0
8322,IMKCNYV,1.0
8323,YQHPI,1.0
8324,HVFKACYSP,1.0
8325,MPVSVPCGYC,1.0
8326,YFQDYM,1.0
8327,CFGLLVSF,1.0
8328,VGKFE,1.0
8329,YKHFDQVYVQ,1.0
8330,HSLNWLNFMD,1.0
8331,WHIQH,1.0
8332,NFLFCAC,1.0
8333,PEHWYCA,1.0
8334,KTSYLL,1.0
8335,HGWNVWVI,1.0
8336,MSSLYRY,1.0
8337,VEIHAF,1.0
8338,IEMFK,1.0
8339,CSTMVFLH,1.0
8340,PCTPHIK,1.0
8341,FYRNY,1.0
8342,CLWNK,1.0
8343,QLYYV,1.0
8344,KCYFMY,1.0
8345,YFFVNWPWI,1.0
8346,IYLHSGSWMF,1.0
8347,WHYVI,1.0
8348,RCAFFTLWCF,1.0
8349,MNPYL,1.0
8350,CWCNSI,1.0
8351,WWEWRA,1.0
8352,FAFYVA,1.0
8353,KYSDW,1.0
8354,PHRFA,1.0
8355,CGTPYIH,1.0
8356,HVMVFFSLI,1.0
8357,CPPFWT,1.0
8358,KFLCFMA,1.0
8359,QMPDYWSPHV,1.0
8360,WLRYGC,1.0
8361,VHSKY,1.0
8362,DSFPV,1.0
8363,FHGNFVFWS,1.0
8364,CRLFWGMFE,1.0
8365,VTMKWWA,1.0
8366,MTSFTFI,1.0
8367,HFVKD,1.0
8368,WYVPWSRC,1.0
8369,HWQYN,1.0
8370,LEYKM,1.0
8371,VISHYMPF,1.0
8372,SNHMKFYW,1.0
8373,WVRTKFYAML,1.0
8374,KGINWSWTVP,1.0
8375,WHICI,1.0
8376,QWCCI,1.0
8377,FSTLR,1.0
8378,TVVYW,1.0
8379,WAYHT,1.0
8380,KYQFVF,1.0
8381,WTAIV,1.0
8382,GYEYY,1.0
8383,PCCCFCGF,1.0
8384,WMAWIKLVEL,1.0
8385,VYKPPYYDY,1.0
8386,PWQTLMEIYI,1.0
8387,RRQSWF,1.0
8388,YIVWWCIYKC,1.0
8389,NRHWN,1.0
8390,FTPAYCKF,1.0
8391,SWINVHP,1.0
8392,QDCYIKF,1.0
8393,ICHNS,1.0
8394,WLPPKYTTYT,1.0
8395,QYLKM,1.0
8396,WTMTL,1.0
8397,KFGLT,1.0
8398,LYFWRFERMV,1.0
8399,DWTCKRVYLL,1.0
8400,PITSWK,1.0
8401,VPYLRWWT,1.0
8402,LSKVAFWLG,1.0
8403,CHLICPCTY,1.0
8404,STFSAF,1.0
8405,KYFTWTEHDM,1.0
8406,CLGSWY,1.0
8407,MFTDHWLK,1.0
8408,SRTFFLE,1.0
8409,YFMDVL,1.0
8410,PWMQWTH,1.0
8411,WYPFYFQCFK,1.0
8412,RTAWCH,1.0
8413,WHRYI,1.0
8414,MPYWKPSGVP,1.0
8415,YITMTM,1.0
8416,VQYYDGFTS,1.0
8417,CVWTL,1.0
8418,KSVRNYHIAF,1.0
8419,TYVDL,1.0
8420,LPIPF,1.0
8421,SSMHM,1.0
8422,MIFVSKVH,1.0
8423,PIFKV,1.0
8424,FEFYG,1.0
8425,LYMYAI,1.0
8426,QCIGYPV,1.0
8427,WGVKLKW,1.0
8428,ICYGVNF,1.0
8429,IQCFSQAVKF,1.0
8430,SGTVPKYWYS,1.0
8431,SGCWM,1.0
8432,RHSKNFFD,1.0
8433,LFIGHCL,1.0
8434,RMYCT,1.0
8435,WECWW,1.0
8436,HDVLTMF,1.0
8437,LPYRS,1.0
8438,WLCQDYR,1.0
8439,PYATYFL,1.0
8440,DLTVYLNVSW,1.0
8441,RRTWYEQYKY,1.0
8442,ACYYHTN,1.0
8443,IIFHDIVRHT,1.0
8444,HNMVMW,1.0
8445,WIFHD,1.0
8446,FFGDFSS,1.0
8447,IFSLM,1.0
8448,FIWEMHC,1.0
8449,WYCLD,1.0
8450,NNELFSW,1.0
8451,WMHPFGQ,1.0
8452,IPSYSC,1.0
8453,RLMDTWVIIL,1.0
8454,RHYFEV,1.0
8455,PIWNQ,1.0
8456,KEEMSRFYFS,1.0
8457,HRSYMFIFMI,1.0
8458,YMLLVEYFTF,1.0
8459,YHPKL,1.0
8460,LWYNYTAC,1.0
8461,FVHCHCC,1.0
8462,CYPDNH,1.0
8463,WEIVMLRFA,1.0
8464,MVYVWV,1.0
8465,WPKLTWNMPV,1.0
8466,CWVSMTC,1.0
8467,YHYDG,1.0
8468,YKIAIDF,1.0
8469,CTPLLMFWC,1.0
8470,LLCNQFFY,1.0
8471,SLLQIIQMHF,1.0
8472,VFSFM,1.0
8473,MWVWRCMQPV,1.0
8474,GLFVW,1.0
8475,QDPHYT,1.0
8476,HPPYHP,1.0
8477,VCHINL,1.0
8478,MSFMLFE,1.0
8479,HACAFC,1.0
8480,LQHTW,1.0
8481,WKETA,1.0
8482,LWIKDF,1.0
8483,FKHIDHWCWL,1.0
8484,PVIWTNCV,1.0
8485,WECWSCM,1.0
8486,CTIHD,1.0
8487,DWSLCFWF,1.0
8488,THLNQ,1.0
8489,KIMMWWIY,1.0
8490,HPICWMCSHH,1.0
8491,MFWMDPLK,1.0
8492,DLTPW,1.0
8493,PFHFRPT,1.0
8494,RFTMVYEPHN,1.0
8495,PWFPQ,1.0
8496,ELWGMKPICY,1.0
8497,WSELS,1.0
8498,WCYLM,1.0
8499,RTPFL,1.0
8500,WLFHLR,1.0
8501,TQHYWC,1.0
8502,VWGAIW,1.0
8503,CILTM,1.0
8504,SWCYAA,1.0
8505,RSFPCCYHT,1.0
8506,FTCIA,1.0
8507,SSEWFHV,1.0
8508,YQYIIF,1.0
8509,VFRMIEHC,1.0
8510,HPFFAQF,1.0
8511,FASFVIFS,1.0
8512,MYPID,1.0
8513,IDKSFS,1.0
8514,FCWWTRE,1.0
8515,LLPWPLVG,1.0
8516,KTHSFWI,1.0
8517,DFWGM,1.0
8518,MQMFKLLYC,1.0
8519,GVGVLHF,1.0
8520,PYTFHE,1.0
8521,TKFIWEG,1.0
8522,CKFNWV,1.0
8523,KQPTWWCF,1.0
8524,CFVYM,1.0
8525,TMFVCYHFCK,1.0
8526,HYHIIW,1.0
8527,DHWHK,1.0
8528,HMFPSWYILK,1.0
8529,DPTSYYFMY,1.0
8530,PKSCVFVW,1.0
8531,YMWEF,1.0
8532,CICHRWSCYL,1.0
8533,WCNHIV,1.0
8534,AWHTPWNH,1.0
8535,IWVIMCW,1.0
8536,AYYEYS,1.0
8537,VWLNT,1.0
8538,LPQVGMVVIV,1.0
8539,WMILYSTAW,1.0
8540,NKYYM,1.0
8541,WSREAWILSC,1.0
8542,TLFII,1.0
8543,MFCLD,1.0
8544,TSLWLPF,1.0
8545,AWHQTAVWFC,1.0
8546,PSWWALWLST,1.0
8547,LSHTH,1.0
8548,VHWSL,1.0
8549,VQLHFGHY,1.0
8550,GPVSTW,1.0
8551,WHWGGL,1.0
8552,PWCYNFNFG,1.0
8553,MIVLWIDM,1.0
8554,CSWTLII,1.0
8555,CSKFLRQTWF,1.0
8556,RFVHS,1.0
8557,WWFKST,1.0
8558,AECYR,1.0
8559,VGHTP,1.0
8560,YGLHNGVKWY,1.0
8561,PYRHY,1.0
8562,LFHMITI,1.0
8563,WQKFT,1.0
8564,LLHPY,1.0
8565,WFEHC,1.0
8566,VFSKWFAFVE,1.0
8567,NICPKHWVMI,1.0
8568,FWEWIRLWPW,1.0
8569,YSSVLF,1.0
8570,GCPWLFWTIM,1.0
8571,TLPHD,1.0
8572,CLAHTV,1.0
8573,LMGNSW,1.0
8574,RPEMFG,1.0
8575,QEFKAY,1.0
8576,PKTQGCYDY,1.0
8577,TVAYKVNMVC,1.0
8578,QWPFMCRI,1.0
8579,PCGYCMPVSV,1.0
8580,LFRFN,1.0
8581,PMGAF,1.0
8582,TVDVHC,1.0
8583,QYFVMRSPWI,1.0
8584,ARFAY,1.0
8585,GREYH,1.0
8586,QHWTR,1.0
8587,VPTFG,1.0
8588,SKPFYWWE,1.0
8589,KWWVWV,1.0
8590,WMWQSSCL,1.0
8591,RCCEW,1.0
8592,RPWGWQC,1.0
8593,HWLTMG,1.0
8594,ITWTLS,1.0
8595,VTHRMD,1.0
8596,CFNWKY,1.0
8597,IVIKPNI,1.0
8598,YPPVNSYSL,1.0
8599,WCNKW,1.0
8600,QIWPM,1.0
8601,GFTISHWRWW,1.0
8602,RAYADWTL,1.0
8603,HLCNH,1.0
8604,PCSLC,1.0
8605,RIYSKLLHHP,1.0
8606,FKLLQ,1.0
8607,IMFWER,1.0
8608,EWIWN,1.0
8609,RYVLS,1.0
8610,GIVAF,1.0
8611,WADYLK,1.0
8612,LKTVHWSFEW,1.0
8613,WARFG,1.0
8614,HFPEW,1.0
8615,RCPFG,1.0
8616,SWLTE,1.0
8617,ILVWA,1.0
8618,PPVWF,1.0
8619,WQGVFQC,1.0
8620,WNHIKDIPYW,1.0
8621,ASHMMY,1.0
8622,TYIIS,1.0
8623,AIFYS,1.0
8624,IALPQF,1.0
8625,RYECF,1.0
8626,HRYYA,1.0
8627,VWQCSVHHL,1.0
8628,SLVESWLRMP,1.0
8629,HSVPYFE,1.0
8630,YWDGT,1.0
8631,YCVPQHIVGW,1.0
8632,VCNMHIIHCC,1.0
8633,SLLHF,1.0
8634,KEYYN,1.0
8635,YYEFCNLPFP,1.0
8636,MDKRSEYHMW,1.0
8637,RSMHSE,1.0
8638,KVSYV,1.0
8639,WDTPK,1.0
8640,INTHGY,1.0
8641,MPTCQFFC,1.0
8642,LSDIMFQCYI,1.0
8643,PYYQC,1.0
8644,MFAIKQLHAF,1.0
8645,FCMTVFI,1.0
8646,FFPTW,1.0
8647,WSRWHT,1.0
8648,HIYAMF,1.0
8649,YRWFALTQQM,1.0
8650,WVYQPHIE,1.0
8651,SQHFQ,1.0
8652,CRWINLWLNH,1.0
8653,QSHHR,1.0
8654,WCVCI,1.0
8655,NDWHPF,1.0
8656,WFQSDPSAPF,1.0
8657,PMFLTCANAT,1.0
8658,WWDMHRFSKL,1.0
8659,MYDIC,1.0
8660,MMGDHVKW,1.0
8661,TPFSFK,1.0
8662,HCWVPT,1.0
8663,SMHWWYYAV,1.0
8664,FRIMFY,1.0
8665,KWCMCYG,1.0
8666,WTKISLIL,1.0
8667,LHWHIWP,1.0
8668,IPWMVAMPF,1.0
8669,LPLPCLYFQ,1.0
8670,LYSHI,1.0
8671,WNEKFTQW,1.0
8672,FVVWCEPC,1.0
8673,FPITL,1.0
8674,YICIMYWARY,1.0
8675,VIDNIW,1.0
8676,WYMLDFKP,1.0
8677,RLTICVW,1.0
8678,QWWMDGGMYT,1.0
8679,GWQMM,1.0
8680,YISYFLPFT,1.0
8681,CWPRYVLV,1.0
8682,ESKCVWV,1.0
8683,FDHPHSGMRW,1.0
8684,VSHIKHNLRY,1.0
8685,RHIFTC,1.0
8686,KCIGHH,1.0
8687,TLITYF,1.0
8688,NRCMEMYHHC,1.0
8689,IIHLIC,1.0
8690,WWWHFQYYN,1.0
8691,KVEYMMW,1.0
8692,FNFRACVPHM,1.0
8693,WMVDVWV,1.0
8694,MLIFFHTN,1.0
8695,NSHST,1.0
8696,WFYFTANFRG,1.0
8697,WFWAENFQCR,1.0
8698,LFHPDW,1.0
8699,LMFQHYW,1.0
8700,FWMWGATAD,1.0
8701,WLLSYWSLLA,1.0
8702,PHMQM,1.0
8703,SHRLS,1.0
8704,EVKWC,1.0
8705,NDWSFWWDFI,1.0
8706,VCVCSS,1.0
8707,LGCHFT,1.0
8708,RDWQNW,1.0
8709,CNHYDI,1.0
8710,FPADLHPWRK,1.0
8711,KYIKDKNWYY,1.0
8712,VCFQVTF,1.0
8713,FNQFYNPMHY,1.0
8714,EFHWIV,1.0
8715,YFYFYEWIP,1.0
8716,WMNGPWNW,1.0
8717,LHHSLNCRWS,1.0
8718,ITPFG,1.0
8719,TQRCYD,1.0
8720,KCAHQFIWVM,1.0
8721,FFVGIHCPNI,1.0
8722,RVYWA,1.0
8723,YVMNLC,1.0
8724,WCYRQ,1.0
8725,FNTMF,1.0
8726,LTFFM,1.0
8727,HYHHK,1.0
8728,PIVMC,1.0
8729,EYFIW,1.0
8730,YWEHWG,1.0
8731,IYYTSYTFC,1.0
8732,LPNFWMG,1.0
8733,QKTSW,1.0
8734,FVTKWT,1.0
8735,HGSAYVSVVW,1.0
8736,QGWHI,1.0
8737,MGVWQ,1.0
8738,DFFSK,1.0
8739,LDPWPRL,1.0
8740,HEYWM,1.0
8741,WYSHLY,1.0
8742,VVCYKW,1.0
8743,CVPSMF,1.0
8744,FPVGT,1.0
8745,REWFY,1.0
8746,NMFHSHL,1.0
8747,ILCSAV,1.0
8748,FVCVWETIHG,1.0
8749,FMPHFI,1.0
8750,CGVYF,1.0
8751,PSLFYE,1.0
8752,VVWTNMVI,1.0
8753,WLAWA,1.0
8754,VPYFI,1.0
8755,DWCYSK,1.0
8756,WHYVRMWWGR,1.0
8757,HSCCKDY,1.0
8758,SLDAKF,1.0
8759,GWYCIM,1.0
8760,LFKGTYE,1.0
8761,KSCFDT,1.0
8762,WRVMVSQTFY,1.0
8763,ICCWRE,1.0
8764,RQDYYT,1.0
8765,TLPVGCRHPF,1.0
8766,PLVIV,1.0
8767,NLSIPW,1.0
8768,MVIFWR,1.0
8769,IQFIPP,1.0
8770,IKFTL,1.0
8771,WWVHWFMWDF,1.0
8772,YFYGWIKARY,1.0
8773,LHQCVWWKSW,1.0
8774,KYPVDFMRFI,1.0
8775,TDYWYP,1.0
8776,MCYGR,1.0
8777,VIMFRDM,1.0
8778,WTQWRI,1.0
8779,LGCFS,1.0
8780,FWWCWQWT,1.0
8781,WLYQPRWPMF,1.0
8782,GMFLLSVYLV,1.0
8783,LYEGY,1.0
8784,KSKFFQY,1.0
8785,LAPFH,1.0
8786,LPINTKEFWE,1.0
8787,VTVSH,1.0
8788,VFLPVNQWWM,1.0
8789,IVYWNACFQW,1.0
8790,GLTNH,1.0
8791,TMMHFHMV,1.0
8792,WRQVITLHW,1.0
8793,YMRFT,1.0
8794,KWYCQ,1.0
8795,PDWSA,1.0
8796,LLGQHSCWIH,1.0
8797,RVMQVW,1.0
8798,GLAWMFVYL,1.0
8799,WLYYQ,1.0
8800,DWQYPLVHKT,1.0
8801,THCYW,1.0
8802,LCCCT,1.0
8803,VWKID,1.0
8804,GCMLCIMH,1.0
8805,VHPCYC,1.0
8806,RKPHY,1.0
8807,KHFNS,1.0
8808,EHLVW,1.0
8809,GSQWCL,1.0
8810,GFWDIMCEPW,1.0
8811,EIKYY,1.0
8812,FYVFQWKYI,1.0
8813,IMMKPAFFC,1.0
8814,CVTPLF,1.0
8815,PIFMF,1.0
8816,FGHVN,1.0
8817,DYYMA,1.0
8818,FTKQTTFLVV,1.0
8819,IEYIC,1.0
8820,KIYYF,1.0
8821,YKWCGTVMFQ,1.0
8822,LRVWPHT,1.0
8823,WTEKT,1.0
8824,YCAHQWVYGF,1.0
8825,IWRDCL,1.0
8826,FQCPFWAVLG,1.0
8827,WKLFFQG,1.0
8828,CFSTW,1.0
8829,SSFVKPHVKF,1.0
8830,WRGCC,1.0
8831,FAVHL,1.0
8832,CGWQPY,1.0
8833,HHSYV,1.0
8834,GRIWHY,1.0
8835,HCVLD,1.0
8836,LHITVY,1.0
8837,GIWVLPW,1.0
8838,KICHD,1.0
8839,FWTSA,1.0
8840,TYGDKIWNYL,1.0
8841,PFIALDAIWL,1.0
8842,FYPSPFAST,1.0
8843,FFPQYCC,1.0
8844,WQEIF,1.0
8845,CSFNFCM,1.0
8846,PFRQMS,1.0
8847,WVQVIVY,1.0
8848,WLCDKWD,1.0
8849,SKPTYF,1.0
8850,GYVWQLVHLP,1.0
8851,PTIFFA,1.0
8852,CKWLVQ,1.0
8853,NWLFKHVW,1.0
8854,MTCFYHW,1.0
8855,LMLYI,1.0
8856,SIPLPQIHHN,1.0
8857,PPDCVKHHHP,1.0
8858,WGYWFM,1.0
8859,CSWCHTFIRT,1.0
8860,FKRWWLL,1.0
8861,LLFNNH,1.0
8862,CHRLHL,1.0
8863,FHIKMSC,1.0
8864,QMSGF,1.0
8865,FWSGF,1.0
8866,KHICLNEWLM,1.0
8867,PIVMCWRFMH,1.0
8868,LGWQMLP,1.0
8869,LYDSV,1.0
8870,YFKYSY,1.0
8871,TWKPI,1.0
8872,QWSMF,1.0
8873,MTQWAH,1.0
8874,SIAVMLSFAH,1.0
8875,YPWGSG,1.0
8876,WWFWITC,1.0
8877,SAAWA,1.0
8878,VCSLSVPPYL,1.0
8879,WHAWYMMSIG,1.0
8880,WHFVHVN,1.0
8881,RIIWDH,1.0
8882,LWTFHPV,1.0
8883,GCSWCY,1.0
8884,VMRSWVCHHI,1.0
8885,LLWSQKQYWF,1.0
8886,YWPIRI,1.0
8887,MVWCT,1.0
8888,IHFKILTF,1.0
8889,HGHMWN,1.0
8890,CVWWHE,1.0
8891,MCYYNYMHNF,1.0
8892,QFIFHS,1.0
8893,SQGWWFL,1.0
8894,WVNFFNQ,1.0
8895,SLWHLM,1.0
8896,AYTKCYQHYH,1.0
8897,LWKGDW,1.0
8898,HVKWE,1.0
8899,TQDYF,1.0
8900,VITWVMNL,1.0
8901,LYTPDYV,1.0
8902,CGQWM,1.0
8903,PTKLVHH,1.0
8904,YIWKLDI,1.0
8905,TPWFWHVSH,1.0
8906,KVVVC,1.0
8907,MMAPWPH,1.0
8908,IMHKIH,1.0
8909,EFYYNNMSWI,1.0
8910,WLRFIMWMS,1.0
8911,WYVFNYNT,1.0
8912,CYKWA,1.0
8913,PYVVYH,1.0
8914,LICVNLFDW,1.0
8915,YMKIH,1.0
8916,CGVWHLLF,1.0
8917,INTYV,1.0
8918,IFCYK,1.0
8919,MGDPYFHC,1.0
8920,MPHYWD,1.0
8921,QLWALHFSW,1.0
8922,FYYGWT,1.0
8923,SITCQQLFKF,1.0
8924,HDPWERWV,1.0
8925,HPVPWP,1.0
8926,RQHFG,1.0
8927,FCYPGLRFT,1.0
8928,WIIYALWVQ,1.0
8929,SVYYK,1.0
8930,VNYPEPY,1.0
8931,FNYLSVIY,1.0
8932,EKPWMLICYF,1.0
8933,MRLLWMFY,1.0
8934,YSINIW,1.0
8935,FCWLWI,1.0
8936,CKEHWHMFGF,1.0
8937,FFDQK,1.0
8938,KFFGPGMW,1.0
8939,PVWMRWCVCI,1.0
8940,WGWCV,1.0
8941,FCFHQ,1.0
8942,PHFFNNM,1.0
8943,KWIYYPK,1.0
8944,SQYII,1.0
8945,SFPWMKHN,1.0
8946,YPWAK,1.0
8947,VGQNRLFMHL,1.0
8948,FIYNIL,1.0
8949,SWHESWC,1.0
8950,FYLAC,1.0
8951,FNPRDIF,1.0
8952,FYKVLTLEW,1.0
8953,IWLCQCKMFH,1.0
8954,YNSMMVIC,1.0
8955,CSFFQTT,1.0
8956,GNHAW,1.0
8957,VTIIPIPIPI,1.0
8958,TYFAYLFGM,1.0
8959,LWHLDKFAKP,1.0
8960,WRDPPLH,1.0
8961,LHNMYLKLWV,1.0
8962,RGLYWGH,1.0
8963,FWKWWPFCIV,1.0
8964,LLLHSH,1.0
8965,VQDFK,1.0
8966,MDTAVHFHW,1.0
8967,VYPYM,1.0
8968,TMDYHV,1.0
8969,QTFPV,1.0
8970,GYLQFIP,1.0
8971,MKSTFWH,1.0
8972,MSYHYY,1.0
8973,HCPNIFFVGI,1.0
8974,FPRVI,1.0
8975,WCNWSYCF,1.0
8976,PMFFIADRKL,1.0
8977,PRLVYSCDY,1.0
8978,YLCYV,1.0
8979,VCLHFVW,1.0
8980,KYLAW,1.0
8981,YTTYTWLPPK,1.0
8982,HIYFSFAWHC,1.0
8983,LKHPSFCG,1.0
8984,MPLMWYALNI,1.0
8985,PFPHD,1.0
8986,YKMHFQFLHP,1.0
8987,TYWYC,1.0
8988,GWICPIPHWK,1.0
8989,TVMWK,1.0
8990,YAQWWMLRFR,1.0
8991,IQGYLI,1.0
8992,SPFGNTLSYI,1.0
8993,YTLYYGILHR,1.0
8994,FCYAT,1.0
8995,LSVFNIM,1.0
8996,IDMWVWLS,1.0
8997,VFRLFT,1.0
8998,RIMYDNLFI,1.0
8999,IYIQCTCLRY,1.0
9000,PSCWFEW,1.0
9001,GWEYI,1.0
9002,YVIVSCRTMV,1.0
9003,ITNFCP,1.0
9004,PEMWL,1.0
9005,FEVHNLW,1.0
9006,HIVGW,1.0
9007,ESVFM,1.0
9008,YLRGI,1.0
9009,LHFGFKW,1.0
9010,VPCFDF,1.0
9011,FWSGFSIIDI,1.0
9012,VCVRH,1.0
9013,KLMNFLYT,1.0
9014,HHWDIS,1.0
9015,RMYHP,1.0
9016,RIRSW,1.0
9017,LPMYD,1.0
9018,IILHFNV,1.0
9019,EPSMCKSYCC,1.0
9020,WCMWI,1.0
9021,HCWLCG,1.0
9022,IECYFI,1.0
9023,KCFHTAF,1.0
9024,WKCVMNHS,1.0
9025,TYWTF,1.0
9026,WNVCTL,1.0
9027,WHHWFT,1.0
9028,WHGFPI,1.0
9029,IVAPSKFF,1.0
9030,WTCVGWMK,1.0
9031,WGYFYSYI,1.0
9032,KTWPQ,1.0
9033,FHDVMMHW,1.0
9034,TFHGKILEYI,1.0
9035,VWMNL,1.0
9036,RVMWPMVYC,1.0
9037,WPMMWYIAIF,1.0
9038,ILFNMHRLYH,1.0
9039,YESCC,1.0
9040,PVYNL,1.0
9041,FKHID,1.0
9042,SRCEF,1.0
9043,WFDMYKS,1.0
9044,NFTIY,1.0
9045,KMVADIWQWN,1.0
9046,PLASHC,1.0
9047,APCMHFC,1.0
9048,VWHRE,1.0
9049,YFTEP,1.0
9050,DWMSIVRHFE,1.0
9051,WRMGEF,1.0
9052,FFCRYDP,1.0
9053,LLKPADRYLH,1.0
9054,FSYPIEMWQG,1.0
9055,LIICHW,1.0
9056,WAIPTGSMMV,1.0
9057,VSWEIWA,1.0
9058,MHWDELWRPC,1.0
9059,VCTVH,1.0
9060,PRFQD,1.0
9061,KDTSY,1.0
9062,RCMFNF,1.0
9063,FYPWDL,1.0
9064,WALCRWLCVV,1.0
9065,KCHCMHYL,1.0
9066,SVDSF,1.0
9067,PFPLCHL,1.0
9068,WISWFRE,1.0
9069,VPNVDIHF,1.0
9070,HPREGW,1.0
9071,RVWCQLWVM,1.0
9072,MHHLMY,1.0
9073,HHMTLCFW,1.0
9074,VMICVH,1.0
9075,HGQMFPFYT,1.0
9076,MLIATKYLPP,1.0
9077,YWPVPEWTHP,1.0
9078,NNVVYWC,1.0
9079,YLMGYDAWKY,1.0
9080,YWAHW,1.0
9081,KWLSHT,1.0
9082,FLCLTC,1.0
9083,VIMHQLFRW,1.0
9084,SQHFQLYNCM,1.0
9085,FMRHVWWKFI,1.0
9086,YFFNCKM,1.0
9087,LPLRYW,1.0
9088,IWNCDFIRW,1.0
9089,KQFDW,1.0
9090,ASMYCSSMYT,1.0
9091,NWWNWFQG,1.0
9092,WYKMSTIP,1.0
9093,IFSYC,1.0
9094,WNKEW,1.0
9095,WPPPPGVFDF,1.0
9096,YIYEMV,1.0
9097,MIFHMIPS,1.0
9098,FVPPNV,1.0
9099,LFMQGLCYPC,1.0
9100,GRTTFPF,1.0
9101,FFWQTGMWWN,1.0
9102,PRIVELWWHY,1.0
9103,WWHTG,1.0
9104,DDYWPRFALF,1.0
9105,YDLHQF,1.0
9106,WQCTI,1.0
9107,HILKD,1.0
9108,YQQVHI,1.0
9109,SVWTF,1.0
9110,PYQCWAHGIY,1.0
9111,TCWMLM,1.0
9112,WWILWDH,1.0
9113,WYWAVLN,1.0
9114,AWMVMSW,1.0
9115,GVAIHY,1.0
9116,TMWWL,1.0
9117,GCPCW,1.0
9118,CLIKVSWPQY,1.0
9119,KPITH,1.0
9120,YTFHH,1.0
9121,IHKNHPSCIF,1.0
9122,NKHTERFYPY,1.0
9123,WKHHYT,1.0
9124,FIYSVI,1.0
9125,MYFIFWL,1.0
9126,YGFPA,1.0
9127,CIKPVFTV,1.0
9128,VRLWMVEHEY,1.0
9129,YQYWCP,1.0
9130,FARWKAMVFC,1.0
9131,CSISH,1.0
9132,CNTSFWF,1.0
9133,CFKEHI,1.0
9134,CIWWTFMM,1.0
9135,FMRTH,1.0
9136,TFERASWP,1.0
9137,GFWHIP,1.0
9138,WWSKPF,1.0
9139,CQLDWMIWGY,1.0
9140,INQFQNWMKW,1.0
9141,IQLYCC,1.0
9142,GRFLFWHE,1.0
9143,KGFMYYCQEL,1.0
9144,YRCYSQW,1.0
9145,VLHHYT,1.0
9146,PNFKSIFKVY,1.0
9147,NFFFR,1.0
9148,WGPKF,1.0
9149,YWHFV,1.0
9150,EDRWLF,1.0
9151,NKYYNE,1.0
9152,VVQWCR,1.0
9153,TCRMF,1.0
9154,MHIDYFMWFA,1.0
9155,PICWGSTFF,1.0
9156,SFKWW,1.0
9157,MCIPCIRPWP,1.0
9158,FEFDWHNW,1.0
9159,WHQFK,1.0
9160,PQWFPGINTW,1.0
9161,LSFQWADKYM,1.0
9162,SWMIQSVW,1.0
9163,FMVLMVHTW,1.0
9164,VISFWADHLS,1.0
9165,FIMMK,1.0
9166,NHVHVWIRHW,1.0
9167,CFSGGWPFTY,1.0
9168,HVCLVL,1.0
9169,KLVFL,1.0
9170,NQHIYF,1.0
9171,RHWSMCV,1.0
9172,KSFWKH,1.0
9173,WDIFG,1.0
9174,IVITV,1.0
9175,WTSLI,1.0
9176,FVQWHQSPPR,1.0
9177,NVWVN,1.0
9178,KNEVWW,1.0
9179,DMSKFC,1.0
9180,PTEMVFW,1.0
9181,WTKQIFE,1.0
9182,EIIWPR,1.0
9183,HYIPGNKSSF,1.0
9184,SGWMC,1.0
9185,HIMMYMFYN,1.0
9186,YISSII,1.0
9187,FGWFTTMY,1.0
9188,QLKPWQFNWV,1.0
9189,HCLIQVFPFT,1.0
9190,WSIKLS,1.0
9191,DWWNI,1.0
9192,RTFWFWEY,1.0
9193,VRELW,1.0
9194,MFVSSM,1.0
9195,KPNCWFDV,1.0
9196,TNMDWYWL,1.0
9197,LGCHSS,1.0
9198,FIGFYIV,1.0
9199,QIMYT,1.0
9200,RFSQW,1.0
9201,ACMCF,1.0
9202,LLYFEDMVMK,1.0
9203,CTIHAPTLCS,1.0
9204,IMYNWYWIC,1.0
9205,RNHYMDKYWY,1.0
9206,MVIFMHPTFY,1.0
9207,YHCLSYNNYL,1.0
9208,HCFWWGAHKH,1.0
9209,KQTNNWWCFL,1.0
9210,YVANVAMWW,1.0
9211,GSWMFIYLHS,1.0
9212,GWCISWFH,1.0
9213,CRWYDRT,1.0
9214,PVRSFV,1.0
9215,PIRYNKFYQF,1.0
9216,CSQYC,1.0
9217,AYYWEK,1.0
9218,DYVAHFY,1.0
9219,PTIAC,1.0
9220,IITGGW,1.0
9221,EWCQK,1.0
9222,SFLFQLH,1.0
9223,RHPINY,1.0
9224,AVLYP,1.0
9225,PSVNLFKRYF,1.0
9226,WPWRTYW,1.0
9227,SEFIW,1.0
9228,ILWLDCT,1.0
9229,TFWWFAWNAH,1.0
9230,PYKFTF,1.0
9231,SFYYYAFVCP,1.0
9232,WICLSGI,1.0
9233,SAHHWKCWMR,1.0
9234,FSSFMG,1.0
9235,PCLIF,1.0
9236,VSYLH,1.0
9237,PSPWHFQ,1.0
9238,VMFHHLL,1.0
9239,LPNFVNY,1.0
9240,VPNCFK,1.0
9241,LYNCMSQHFQ,1.0
9242,PHPSVGKFI,1.0
9243,YKQYS,1.0
9244,LPRPTH,1.0
9245,YYGSG,1.0
9246,CNIHC,1.0
9247,DLKPWFI,1.0
9248,SMNWPY,1.0
9249,NTLNWWS,1.0
9250,TNWNI,1.0
9251,TYMGFCIWFV,1.0
9252,IRFWIIIC,1.0
9253,RWPWA,1.0
9254,KAFYIN,1.0
9255,KWNWHAWII,1.0
9256,WTYERYI,1.0
9257,ILWYI,1.0
9258,MNFSCC,1.0
9259,NWHLPHPHFR,1.0
9260,GMCMETHCCW,1.0
9261,PFTSSDWWF,1.0
9262,YQYMWM,1.0
9263,SVWYWHR,1.0
9264,SFYNLL,1.0
9265,WWNCGFR,1.0
9266,RFAIMMW,1.0
9267,LHYIHV,1.0
9268,QHEYFK,1.0
9269,KCYVFP,1.0
9270,KHELF,1.0
9271,SWWFSILSNN,1.0
9272,WINKT,1.0
9273,HTMQFLFF,1.0
9274,YHLQP,1.0
9275,PIITGCMMHM,1.0
9276,FWKQVE,1.0
9277,LWSAKPPEYW,1.0
9278,WRDFG,1.0
9279,PMINCW,1.0
9280,RHPVAVPLLY,1.0
9281,QISWHI,1.0
9282,DVPFTFL,1.0
9283,AQPPY,1.0
9284,MQFIYAFA,1.0
9285,LMMWLT,1.0
9286,RLPTWIEPFH,1.0
9287,LPSAKW,1.0
9288,YFPDI,1.0
9289,PWFDF,1.0
9290,KYLAWSENFN,1.0
9291,CYINWT,1.0
9292,TFWAL,1.0
9293,RRYFE,1.0
9294,CHKEL,1.0
9295,IYTCPQIW,1.0
9296,FWLRWTNPKF,1.0
9297,FWQALT,1.0
9298,PFIQDKFNFC,1.0
9299,LYMHYE,1.0
9300,LCISS,1.0
9301,WVPIA,1.0
9302,RHIWS,1.0
9303,VPPPVWI,1.0
9304,VLHKPPYE,1.0
9305,DWTFC,1.0
9306,YINQFD,1.0
9307,NPMHHP,1.0
9308,SHWPR,1.0
9309,HLWEM,1.0
9310,GHPRHSY,1.0
9311,FGYVCF,1.0
9312,PEKHS,1.0
9313,IYVLNF,1.0
9314,MWLYHH,1.0
9315,HSYPW,1.0
9316,ACYVI,1.0
9317,WYTFL,1.0
9318,MIYEFG,1.0
9319,HTWWQT,1.0
9320,PWHDGV,1.0
9321,WSFKMN,1.0
9322,TCQFRI,1.0
9323,MTCSEWR,1.0
9324,VMSHSC,1.0
9325,MTKLVH,1.0
9326,CFGYINPLW,1.0
9327,HIHYMTMTPM,1.0
9328,KHCWVNI,1.0
9329,VLCVP,1.0
9330,QYPTW,1.0
9331,RAVHLW,1.0
9332,GDYRFC,1.0
9333,FWMDG,1.0
9334,QKILW,1.0
9335,GLWYD,1.0
9336,IACGFFKT,1.0
9337,STMVV,1.0
9338,YCWDIMFV,1.0
9339,VTSYF,1.0
9340,VFHICV,1.0
9341,PITKVWS,1.0
9342,SLYMK,1.0
9343,HGFYD,1.0
9344,SEIHYSWRYI,1.0
9345,FMHCVTP,1.0
9346,IVSLWYI,1.0
9347,NIVITFHDWK,1.0
9348,WMDIYSFL,1.0
9349,FMPNWHCMWK,1.0
9350,HTRHT,1.0
9351,PYYNGLPLF,1.0
9352,NYFLQ,1.0
9353,FIFHHGYFGV,1.0
9354,HMYRG,1.0
9355,GCHGW,1.0
9356,MFFTSCP,1.0
9357,ALPLQIDYFC,1.0
9358,CFIQL,1.0
9359,GWFWFSCMCN,1.0
9360,HRFPV,1.0
9361,FIPLFD,1.0
9362,GCWQWLWPH,1.0
9363,ACFQWIVYWN,1.0
9364,YLLWPD,1.0
9365,MWGEMCGIF,1.0
9366,TWTLNI,1.0
9367,TKIFFLF,1.0
9368,RCNDHS,1.0
9369,LYQMYGDCKY,1.0
9370,PNWYEL,1.0
9371,FERWNYKVYL,1.0
9372,NWYRTY,1.0
9373,MTNFLT,1.0
9374,MGFASF,1.0
9375,FTSHNSW,1.0
9376,YLRGIAMFLE,1.0
9377,YILYDM,1.0
9378,FEWWN,1.0
9379,LTWLYWNRYD,1.0
9380,CPTIQWL,1.0
9381,EWFSY,1.0
9382,WKFYSSYLNR,1.0
9383,YRSYG,1.0
9384,WNDLK,1.0
9385,CTVTKCCDFY,1.0
9386,YAMFN,1.0
9387,KPFFSTEMEP,1.0
9388,RHFVYNNFHM,1.0
9389,FSPIRYVYDI,1.0
9390,WKWIWWNEH,1.0
9391,GLCFFCFPFW,1.0
9392,KIYYFIVWSG,1.0
9393,GPKPVCIWMW,1.0
9394,VSVVW,1.0
9395,MIGMHYVPHF,1.0
9396,IIICF,1.0
9397,MTHHRW,1.0
9398,VAMFMPML,1.0
9399,FACIRFYIAP,1.0
9400,FMSWS,1.0
9401,LWNIT,1.0
9402,ILIMHPQPF,1.0
9403,QYCMI,1.0
9404,WWKKSYYTM,1.0
9405,YLLMT,1.0
9406,YFFSME,1.0
9407,WTPLNY,1.0
9408,CYNMLYWI,1.0
9409,TPFTVFM,1.0
9410,FMFMLM,1.0
9411,YPWMGWKPIY,1.0
9412,SPPPTGY,1.0
9413,FWDPL,1.0
9414,ICLFA,1.0
9415,FNYEGRCHPF,1.0
9416,YWWIH,1.0
9417,WGCWN,1.0
9418,SIHNIVPVHN,1.0
9419,HMPMWI,1.0
9420,FWCYYDRS,1.0
9421,SNPCPY,1.0
9422,VLWTSW,1.0
9423,HMHHNVV,1.0
9424,YQWAYEVYRH,1.0
9425,VFIPD,1.0
9426,WPICHRP,1.0
9427,FYFKE,1.0
9428,IIIHF,1.0
9429,PFWRYAVNSP,1.0
9430,HQPWFWN,1.0
9431,HFPKWVWVH,1.0
9432,WIPFCQGF,1.0
9433,CEMAWI,1.0
9434,GMVWR,1.0
9435,WVWHKIC,1.0
9436,IKTWH,1.0
9437,RFCMYPEEVI,1.0
9438,YHCIPC,1.0
9439,IDYFC,1.0
9440,TWYIMN,1.0
9441,LRHISW,1.0
9442,CHMFGFPH,1.0
9443,IHCWEPL,1.0
9444,WRIKETMWWL,1.0
9445,IWGGTC,1.0
9446,SVWTE,1.0
9447,YWMGDMRDHF,1.0
9448,YCDFI,1.0
9449,LDYHMGYQLF,1.0
9450,CQRWC,1.0
9451,FWPPG,1.0
9452,IIMCISVLCL,1.0
9453,IMTSFD,1.0
9454,FCHMTKYIFW,1.0
9455,VEHLK,1.0
9456,KHFYH,1.0
9457,VHMLHCFWDI,1.0
9458,LEFLHT,1.0
9459,CYEVL,1.0
9460,CVCSY,1.0
9461,KCFKMPHTD,1.0
9462,KFDPL,1.0
9463,KAIYVN,1.0
9464,FKHWSDAKRI,1.0
9465,VKYVPCWLRS,1.0
9466,INLYP,1.0
9467,LVWEVK,1.0
9468,WMWKK,1.0
9469,LFHCI,1.0
9470,PWLWPE,1.0
9471,ATLYAY,1.0
9472,MGTHYP,1.0
9473,FWTIGVII,1.0
9474,TRWWWGQ,1.0
9475,VMQWM,1.0
9476,MYTFTDQYMW,1.0
9477,LVPHD,1.0
9478,KHIWT,1.0
9479,CSMVYH,1.0
9480,LNKSF,1.0
9481,WCRMEIW,1.0
9482,HVCWLRCLSI,1.0
9483,LEGHIYVLVF,1.0
9484,FVTRYYCFFM,1.0
9485,CREWN,1.0
9486,VQTLMFWK,1.0
9487,NCAFFFGLHS,1.0
9488,WMWSWNWTSS,1.0
9489,MFRSCDQHCY,1.0
9490,YNQYS,1.0
9491,FYPIHD,1.0
9492,IFSKEYH,1.0
9493,CPYWFTSI,1.0
9494,SPWVCL,1.0
9495,KPYVYKWW,1.0
9496,FTQHC,1.0
9497,VQLYFK,1.0
9498,YCWEKP,1.0
9499,FKHSFFLYN,1.0
9500,VCDFANWLVY,1.0
9501,FGIRTPPY,1.0
9502,WVSNSFVHHK,1.0
9503,SFCTI,1.0
9504,PQVWGLFP,1.0
9505,FFQTPPW,1.0
9506,KQHFHC,1.0
9507,PDQQMLKWMY,1.0
9508,FIPVMFW,1.0
9509,VTFCFC,1.0
9510,PWPTV,1.0
9511,YQKMSGNHFW,1.0
9512,QPSKLLWNMH,1.0
9513,VVVWG,1.0
9514,KHCQWD,1.0
9515,FQCYI,1.0
9516,ELCPFY,1.0
9517,LCGCMSC,1.0
9518,YIRFCSQAWP,1.0
9519,KKWHWYD,1.0
9520,LAIWQS,1.0
9521,SHWRPC,1.0
9522,GYKWI,1.0
9523,MWSHQWNKEW,1.0
9524,AHYVI,1.0
9525,FFIHGRV,1.0
9526,RPDSCYLMTY,1.0
9527,FSIIKAHY,1.0
9528,WHMQY,1.0
9529,DYLCRWL,1.0
9530,WYCPH,1.0
9531,MCQTFVW,1.0
9532,NIPTTH,1.0
9533,PPSSIDYWL,1.0
9534,SVPHN,1.0
9535,SLPYD,1.0
9536,LFHVKA,1.0
9537,EIHNGYFILK,1.0
9538,KPMQF,1.0
9539,MGFQLRW,1.0
9540,WEERW,1.0
9541,WPSTII,1.0
9542,SRSFPI,1.0
9543,DKYKD,1.0
9544,KYYWY,1.0
9545,MLCPLDLFKL,1.0
9546,TCWCVLYC,1.0
9547,PRCSYYKFLS,1.0
9548,SIKWYN,1.0
9549,AWFHPTKLYV,1.0
9550,LILPMAFI,1.0
9551,AFQVW,1.0
9552,KMWQYYFRD,1.0
9553,IMVGMAHHIC,1.0
9554,IVWLNT,1.0
9555,ISSVP,1.0
9556,VWRELI,1.0
9557,AFFSHFMI,1.0
9558,FPHYHNMREF,1.0
9559,MCFNT,1.0
9560,LPVVI,1.0
9561,FRHMPIWGW,1.0
9562,YQMWI,1.0
9563,VWWLKWFFTR,1.0
9564,HSFNR,1.0
9565,FGPHQ,1.0
9566,RIWITAMSY,1.0
9567,FVYAVWFGYG,1.0
9568,WQKIWV,1.0
9569,PYPPHFMFMM,1.0
9570,WFMSQI,1.0
9571,YYLWS,1.0
9572,DNMWLCY,1.0
9573,KACPPY,1.0
9574,HWSWNNFWT,1.0
9575,YHFNQW,1.0
9576,NCWVICNHMI,1.0
9577,IGFCFHLL,1.0
9578,HYFHV,1.0
9579,QVTVTIWY,1.0
9580,IVWKI,1.0
9581,KWTKFFYIM,1.0
9582,PWYAINMQMI,1.0
9583,SIMLLDH,1.0
9584,NAYYCV,1.0
9585,GHVLPF,1.0
9586,EKHMW,1.0
9587,SKAAY,1.0
9588,DYWPW,1.0
9589,HSVGNW,1.0
9590,MCTGW,1.0
9591,DFWRCQIWAI,1.0
9592,QFLYSW,1.0
9593,WFPLNVM,1.0
9594,PAYWMPTGW,1.0
9595,NFFMCV,1.0
9596,LIYLF,1.0
9597,MFPFFCWS,1.0
9598,KFEMWCV,1.0
9599,FYAKAF,1.0
9600,QPPWLFF,1.0
9601,GWFLFQW,1.0
9602,QLWTMIATGY,1.0
9603,FTSCV,1.0
9604,PWQTL,1.0
9605,FPWWK,1.0
9606,ACDWAW,1.0
9607,MRISWL,1.0
9608,WDSKS,1.0
9609,ENWFPF,1.0
9610,QSYGP,1.0
9611,YRMYIW,1.0
9612,TTVWI,1.0
9613,QFCIH,1.0
9614,VYETMLHH,1.0
9615,TTMVCTLW,1.0
9616,IWYWIEPDPP,1.0
9617,WMHVDKM,1.0
9618,WLHMKI,1.0
9619,LIWFN,1.0
9620,WYHCKMFWVS,1.0
9621,ATYWK,1.0
9622,KHMKTFHV,1.0
9623,FGNCH,1.0
9624,FSQYNI,1.0
9625,PWKMW,1.0
9626,TDFFK,1.0
9627,VNLLYSLMHY,1.0
9628,NWCCLWSVWH,1.0
9629,GVHMGF,1.0
9630,KFETGWFL,1.0
9631,PVMFG,1.0
9632,VGKHFA,1.0
9633,WDLEYHWL,1.0
9634,CTRSFWVMMN,1.0
9635,IWMYP,1.0
9636,FKIWMCIPSI,1.0
9637,FFHKFPL,1.0
9638,IGFVHRWI,1.0
9639,YWYEILI,1.0
9640,PIFDK,1.0
9641,LSGLYSCQMP,1.0
9642,RDCIVFHHIP,1.0
9643,TYACYF,1.0
9644,LAFLPG,1.0
9645,FQVQIYTF,1.0
9646,CKCVMCL,1.0
9647,YMFLGVIFT,1.0
9648,FSPVH,1.0
9649,NCQCWHW,1.0
9650,EPNIFF,1.0
9651,YWCNANAWVY,1.0
9652,CCWNDFYLG,1.0
9653,EMRTWH,1.0
9654,IVIWFG,1.0
9655,NMREFFPHYH,1.0
9656,QYWYFLWEPP,1.0
9657,INMLYQMW,1.0
9658,NHMAMY,1.0
9659,CMYVQGYQCL,1.0
9660,VFKLWQGSYF,1.0
9661,PHVNFLK,1.0
9662,MHWGW,1.0
9663,SKHAICYYF,1.0
9664,WFYLWDQC,1.0
9665,CCYPC,1.0
9666,RPSHIW,1.0
9667,VFVKWS,1.0
9668,TNWWA,1.0
9669,LWDKM,1.0
9670,FGCSNY,1.0
9671,EDYWWIWLF,1.0
9672,TPWPH,1.0
9673,MWHKQF,1.0
9674,WIHGD,1.0
9675,YFFQK,1.0
9676,CPQHYK,1.0
9677,SGHYSFSLPI,1.0
9678,PHGFC,1.0
9679,IYVMRW,1.0
9680,KYYWYWMRHV,1.0
9681,EYKWPC,1.0
9682,IFKNDFGDCL,1.0
9683,MIGFSKYI,1.0
9684,QPKVNWWL,1.0
9685,YPRIKFH,1.0
9686,FMIVA,1.0
9687,LCMFTNHM,1.0
9688,VMLTH,1.0
9689,YWARYYICIM,1.0
9690,VQIPFIL,1.0
9691,DMWHLV,1.0
9692,TWWAHSNMWF,1.0
9693,PMLQF,1.0
9694,LVWDSSF,1.0
9695,TKIQH,1.0
9696,PLIETWYP,1.0
9697,MTPSMFW,1.0
9698,PKLWCPSY,1.0
9699,DYPWLVWHRP,1.0
9700,FYYQVYNWKR,1.0
9701,HPYVMSTSMS,1.0
9702,LRPFSWCNMM,1.0
9703,FRVVHMC,1.0
9704,FHIEN,1.0
9705,KLFVD,1.0
9706,WFYPGL,1.0
9707,FNFVR,1.0
9708,EQMLFIF,1.0
9709,PKEMYVS,1.0
9710,VYAWA,1.0
9711,VFHEFSW,1.0
9712,VNIHGI,1.0
9713,VNFVEYV,1.0
9714,NYFWHQIT,1.0
9715,CNFKWM,1.0
9716,KWVTLTMYEY,1.0
9717,WSMTYLP,1.0
9718,MPNFWLT,1.0
9719,EYFWSR,1.0
9720,YRVEFHDKWY,1.0
9721,PVLYDKH,1.0
9722,FNGFY,1.0
9723,YQLWA,1.0
9724,WRACF,1.0
9725,YVWTM,1.0
9726,LIMVHKM,1.0
9727,SFSGCH,1.0
9728,GWWQQ,1.0
9729,FMVVY,1.0
9730,IFFEHP,1.0
9731,SNWLET,1.0
9732,MFEPSCAFWV,1.0
9733,SYRFPWSLIC,1.0
9734,LGVYS,1.0
9735,RYYIM,1.0
9736,YMDFFFKVMG,1.0
9737,NLGFWWK,1.0
9738,QDGWLFH,1.0
9739,HIWDWMMP,1.0
9740,WYWHC,1.0
9741,WPPEY,1.0
9742,YMFPRS,1.0
9743,EPHRF,1.0
9744,PHGMWAYTY,1.0
9745,RLEHS,1.0
9746,LFAHNW,1.0
9747,WMDWFGG,1.0
9748,KMIMCDCF,1.0
9749,GMFMMP,1.0
9750,FPTSP,1.0
9751,HWWRVASFTT,1.0
9752,TLYDW,1.0
9753,TLFDV,1.0
9754,AQPWGYF,1.0
9755,NLCYY,1.0
9756,MIHGYG,1.0
9757,SMPDTHW,1.0
9758,AFQIHS,1.0
9759,KDGPPHWW,1.0
9760,WMLEM,1.0
9761,RASFW,1.0
9762,PPLGWFCY,1.0
9763,VALIEETKWF,1.0
9764,VDYLR,1.0
9765,MQWDYP,1.0
9766,AWSLMV,1.0
9767,AKLDY,1.0
9768,LAYTHL,1.0
9769,TQLLW,1.0
9770,IIWEHHLHVM,1.0
9771,PCYNDSHKVY,1.0
9772,PVSAI,1.0
9773,IPYVC,1.0
9774,CYSFSWC,1.0
9775,SDPVFTEWFE,1.0
9776,WVIMWP,1.0
9777,ELYFYN,1.0
9778,KFDPDF,1.0
9779,TCLVFCHIFN,1.0
9780,FSMLWDW,1.0
9781,LWFWDFE,1.0
9782,CCRTHLIYLF,1.0
9783,WIPPHVEHTL,1.0
9784,WQYQQV,1.0
9785,QCGWVIF,1.0
9786,IGKHHNYSYR,1.0
9787,LLITWG,1.0
9788,MIHQY,1.0
9789,FGKHD,1.0
9790,NWWTPC,1.0
9791,DWMGHCV,1.0
9792,EGKWLY,1.0
9793,FWMCPKW,1.0
9794,HMTIWIEAMV,1.0
9795,LYPNNF,1.0
9796,EFYLH,1.0
9797,CMHVGY,1.0
9798,FQFKYYFI,1.0
9799,TLFDVTYAMW,1.0
9800,NNMTLHY,1.0
9801,PCIDLW,1.0
9802,YMIVM,1.0
9803,CTDYI,1.0
9804,GVFGLWLT,1.0
9805,YGPYRPFFPM,1.0
9806,SRHGWI,1.0
9807,FPPLY,1.0
9808,YPCGTQDYF,1.0
9809,PVWHVR,1.0
9810,PQGWH,1.0
9811,YPEFYSWG,1.0
9812,MFSNVYS,1.0
9813,FFRFGM,1.0
9814,WDTFY,1.0
9815,SPGQWTYAHT,1.0
9816,LMYYAG,1.0
9817,DHFII,1.0
9818,WGQIK,1.0
9819,FICSS,1.0
9820,NHKSL,1.0
9821,FFLMTV,1.0
9822,KHRMHHHLWW,1.0
9823,IFMIY,1.0
9824,FWQIFLK,1.0
9825,WWLSSWT,1.0
9826,LIFIHD,1.0
9827,YVLLKDSYAI,1.0
9828,TRSMIWI,1.0
9829,WNYPM,1.0
9830,CLLLVVYF,1.0
9831,SSHFWKTLQY,1.0
9832,QYFLMM,1.0
9833,DFCLI,1.0
9834,HTLLQY,1.0
9835,PRHPWS,1.0
9836,SHTHGLWCCI,1.0
9837,DRFFFLF,1.0
9838,WTKFS,1.0
9839,PWLMMF,1.0
9840,HNYPMVIHSW,1.0
9841,WFEAI,1.0
9842,IFVIIPDWNC,1.0
9843,IVIFL,1.0
9844,HLPTTFKW,1.0
9845,FVCVW,1.0
9846,MYDHWMW,1.0
9847,YYYAQ,1.0
9848,PFEYDF,1.0
9849,WPLQFNNYG,1.0
9850,YLEPWR,1.0
9851,ATFKLFVC,1.0
9852,VSSWRGYCQW,1.0
9853,CAMFIAVNLY,1.0
9854,WAVITI,1.0
9855,HWLINVQPIL,1.0
9856,LLDDRHYSFS,1.0
9857,LMWHRPV,1.0
9858,WHKMQ,1.0
9859,ICHHSPNRWE,1.0
9860,IALWTCWPAL,1.0
9861,THFLSI,1.0
9862,YHVYFQQMHK,1.0
9863,MRIWY,1.0
9864,VVPFHNQMWS,1.0
9865,YMTKVYWDGT,1.0
9866,YPTDY,1.0
9867,WFKWDA,1.0
9868,WWKVK,1.0
9869,FLTWWH,1.0
9870,MDVLGFR,1.0
9871,VWFLEMVTDY,1.0
9872,FYNFG,1.0
9873,PPLFVVS,1.0
9874,MIKRW,1.0
9875,FTRLSWEHFE,1.0
9876,KPAAHW,1.0
9877,WYRWIY,1.0
9878,PVGKWW,1.0
9879,LNHHE,1.0
9880,FAFVE,1.0
9881,SMSVL,1.0
9882,IVLYPHYST,1.0
9883,GWLGICVPHT,1.0
9884,WMWCCKS,1.0
9885,EFFFWM,1.0
9886,WKPDDW,1.0
9887,FLYLFIMMVF,1.0
9888,HDTWK,1.0
9889,THVIHHP,1.0
9890,WLTEWHV,1.0
9891,NIYLW,1.0
9892,TLWCF,1.0
9893,VVDRHLYTKY,1.0
9894,RMTHCE,1.0
9895,SHHFY,1.0
9896,IDAMWLR,1.0
9897,ILYVGNSFMM,1.0
9898,AWTIYW,1.0
9899,SKLLFTHDNW,1.0
9900,WHMWRTD,1.0
9901,WCSAVSYHVV,1.0
9902,WIFHV,1.0
9903,CAFFE,1.0
9904,LQMAFM,1.0
9905,SLYPTVCVRH,1.0
9906,IHMDFY,1.0
9907,KWYCP,1.0
9908,SCWSNW,1.0
9909,KPPFFK,1.0
9910,PEWHS,1.0
9911,QAFWLKIFM,1.0
9912,SVCHYW,1.0
9913,CKMFHIWLCQ,1.0
9914,VNFKDIWDWC,1.0
9915,MMCFYHG,1.0
9916,YCFKKY,1.0
9917,LWSQMVHWY,1.0
9918,WRPFGQTLWL,1.0
9919,ALPFW,1.0
9920,HYAVFWFY,1.0
9921,DIWYA,1.0
9922,FHQWMSPKW,1.0
9923,YKCPY,1.0
9924,VSTLWIY,1.0
9925,NFWYE,1.0
9926,PWAVWQ,1.0
9927,FGNPHFF,1.0
9928,PHFSQV,1.0
9929,SMTPHF,1.0
9930,IFAQWNPDVF,1.0
9931,CDWWVWKVFC,1.0
9932,LYVVYWGHHN,1.0
9933,HVPTCWY,1.0
9934,MWMFISMW,1.0
9935,MVWAP,1.0
9936,IHWVGEY,1.0
9937,HVNWWL,1.0
9938,WCYHAY,1.0
9939,DIYIRHTYPW,1.0
9940,WVHATMLSTC,1.0
9941,HPANWCS,1.0
9942,KRYWAV,1.0
9943,THMWLTP,1.0
9944,CPVYMYS,1.0
9945,TWYYL,1.0
9946,IWWQHP,1.0
9947,ETLYW,1.0
9948,QIVNHSMPFW,1.0
9949,CCFVY,1.0
9950,KPSMWHACSL,1.0
9951,NTMHQF,1.0
9952,FLPFS,1.0
9953,LAWAAYNFDW,1.0
9954,QVSIFL,1.0
9955,FRITYW,1.0
9956,AWVIN,1.0
9957,LGCFE,1.0
9958,WNCFN,1.0
9959,WPWQF,1.0
9960,STGFC,1.0
9961,VNNVW,1.0
9962,LNFVEFWNSC,1.0
9963,VCQLTVFL,1.0
9964,CGMFFHS,1.0
9965,HFFNPPLYT,1.0
9966,IRLECTW,1.0
9967,SMCVCLWTRF,1.0
9968,FVCIPGIWM,1.0
9969,SRLYF,1.0
9970,VNFVWVV,1.0
9971,CHHSC,1.0
9972,YTYLPIFYR,1.0
9973,FLRMFLPFLQ,1.0
9974,CAWLVP,1.0
9975,YMPKEMIYYM,1.0
9976,CIDFYM,1.0
9977,WMKVDP,1.0
9978,FVVMWK,1.0
9979,RMTWYTIVGP,1.0
9980,PTCVVPFGLW,1.0
9981,ERYCLH,1.0
9982,STYCLN,1.0
9983,HLHTCC,1.0
9984,CAGSW,1.0
9985,HSKMPYV,1.0
9986,GLPMW,1.0
9987,FLRYQH,1.0
9988,FIVSN,1.0
9989,WCMRET,1.0
9990,YAIAVY,1.0
9991,NIHKS,1.0
9992,VCFMVGTGW,1.0
9993,PFYVQ,1.0
9994,YAFYNHIFF,1.0
9995,FMSWSLKFLF,1.0
9996,NWICWYWPNL,1.0
9997,WMAFFTWPNS,1.0
9998,SVYAIMFMYC,1.0
9999,TVPWM,1.0
10000,RLKEF,1.0
10001,VLAHW,1.0
10002,VFTWNWF,1.0
10003,PWPHAIVIKF,1.0
10004,WAVETW,1.0
10005,LMRWCMIAWH,1.0
10006,TSLSW,1.0
10007,TKMYTTHMFK,1.0
10008,IIYFD,1.0
10009,VVVHH,1.0
10010,NCWVKWH,1.0
10011,IQTYMMVIYR,1.0
10012,CHKPVVH,1.0
10013,YYNFPTKCCL,1.0
10014,WTVFSC,1.0
10015,FMTWTMD,1.0
10016,PQIICRYW,1.0
10017,QYPQY,1.0
10018,FKWENP,1.0
10019,CTCMWS,1.0
10020,WFFKIYW,1.0
10021,EMKFI,1.0
10022,CWPALIALWT,1.0
10023,CNPGFF,1.0
10024,HLYMP,1.0
10025,LYYWYHRYY,1.0
10026,PFVFEWFT,1.0
10027,FINMM,1.0
10028,GYNFY,1.0
10029,FFSTD,1.0
10030,WHEIVV,1.0
10031,HTWMY,1.0
10032,WCVLFTQ,1.0
10033,VVPML,1.0
10034,QYFMGH,1.0
10035,VTWHRLKFWQ,1.0
10036,GCGWV,1.0
10037,ISLLFW,1.0
10038,LGHMHV,1.0
10039,WMHFG,1.0
10040,ISWWDC,1.0
10041,WMEFK,1.0
10042,HFGVW,1.0
10043,IKQGHYYDCN,1.0
10044,MLCDVTCRFH,1.0
10045,VRDWLK,1.0
10046,AKFWDLWD,1.0
10047,GGWHIIWPWT,1.0
10048,FSINGHLIFR,1.0
10049,YCFAE,1.0
10050,TGYFK,1.0
10051,PKFYV,1.0
10052,CEVVWYDAWW,1.0
10053,HLFWLE,1.0
10054,DIKMYLW,1.0
10055,IFIYAYYNG,1.0
10056,FNRFT,1.0
10057,YQCWVV,1.0
10058,FYQPC,1.0
10059,VVIFPWASLH,1.0
10060,PHNFNFC,1.0
10061,WLVHYE,1.0
10062,IMDIEFW,1.0
10063,SIKGHEMWRH,1.0
10064,WMIPGYA,1.0
10065,PYAAPMFVLC,1.0
10066,AMYFIG,1.0
10067,YHWFYY,1.0
10068,FDVYN,1.0
10069,YYTFKCW,1.0
10070,WACVH,1.0
10071,FSYNNWSMCA,1.0
10072,WHCFS,1.0
10073,CHWWR,1.0
10074,VMKIWLP,1.0
10075,SWCTMNFF,1.0
10076,TTLSW,1.0
10077,GCYQH,1.0
10078,QRHLW,1.0
10079,WTLYHR,1.0
10080,YFVYFPQWL,1.0
10081,LILYWA,1.0
10082,DWHERSMRSY,1.0
10083,ILVFPA,1.0
10084,FYLACFDYKV,1.0
10085,WSVFCCMCWC,1.0
10086,WAWSV,1.0
10087,GFGMF,1.0
10088,PLHWYTK,1.0
10089,RPCGW,1.0
10090,GFYCGFLI,1.0
10091,PWWIHRS,1.0
10092,PQRDCLVVFW,1.0
10093,IMDCKPYCMC,1.0
10094,IQHYS,1.0
10095,WLVWN,1.0
10096,YRDYYA,1.0
10097,SYWYV,1.0
10098,VLHIP,1.0
10099,QCMGLFY,1.0
10100,LYYPDF,1.0
10101,WHWVEKY,1.0
10102,NKEMWPGHYM,1.0
10103,CRHWRWV,1.0
10104,MAGVLWASYN,1.0
10105,VWHRP,1.0
10106,ILHFPDL,1.0
10107,MLGVCFYQ,1.0
10108,NWVSHMI,1.0
10109,CAFKTISITY,1.0
10110,LCSLW,1.0
10111,VKYIIMH,1.0
10112,TCSCM,1.0
10113,PWVIQT,1.0
10114,WGDFFCLM,1.0
10115,FCHVCG,1.0
10116,LQFASW,1.0
10117,PDYIRW,1.0
10118,SHFSPHFE,1.0
10119,RCFFAA,1.0
10120,FMWPR,1.0
10121,HMNWAHWHDL,1.0
10122,NLNYY,1.0
10123,PIWDQIWWM,1.0
10124,PNSTIMH,1.0
10125,RVGSMYFMCP,1.0
10126,CFMFNCHTT,1.0
10127,QFSALY,1.0
10128,WVFHN,1.0
10129,YCCWNYLVV,1.0
10130,YNWWNFYC,1.0
10131,MWFYE,1.0
10132,HFFWDYPYL,1.0
10133,QDYYC,1.0
10134,KTEHS,1.0
10135,YTFETGSFFA,1.0
10136,YSHRT,1.0
10137,WPPIEA,1.0
10138,ALCWVQ,1.0
10139,HCFFL,1.0
10140,SWFYS,1.0
10141,WQMSQDWAIY,1.0
10142,LWEWTHS,1.0
10143,YINLLTPDWK,1.0
10144,VDYYI,1.0
10145,TYAMW,1.0
10146,LAWCHR,1.0
10147,KQTFEM,1.0
10148,PYPFTYCWSQ,1.0
10149,WRYLT,1.0
10150,TDRFY,1.0
10151,TKFVS,1.0
10152,LISEWFGAWD,1.0
10153,HYVQGCI,1.0
10154,SNFWRS,1.0
10155,DLTAPMKHLF,1.0
10156,KWDIKYNMLG,1.0
10157,CLHPVC,1.0
10158,WTLFFQW,1.0
10159,DIFMY,1.0
10160,MFICWNVAM,1.0
10161,FHRRSYY,1.0
10162,MSMYIYK,1.0
10163,WQTQACMHFF,1.0
10164,TWVMA,1.0
10165,YWYFTMEFHD,1.0
10166,FYLILVFTVR,1.0
10167,CRFPHH,1.0
10168,WFPYMT,1.0
10169,FQWCFSMSQW,1.0
10170,MPWLQ,1.0
10171,FWNAYY,1.0
10172,WPADY,1.0
10173,IPNFM,1.0
10174,ECWWTS,1.0
10175,FFTDW,1.0
10176,WKYCSHPWYK,1.0
10177,GCPYGHHTFY,1.0
10178,TMHCQPRWQL,1.0
10179,VSHER,1.0
10180,INYFMCM,1.0
10181,RHYWVRYPNP,1.0
10182,CRWDC,1.0
10183,LVAYMWAWSV,1.0
10184,MSYID,1.0
10185,VMVCSFRW,1.0
10186,LPFRHRY,1.0
10187,MACPW,1.0
10188,VQKTHYALWH,1.0
10189,LPLWHYQ,1.0
10190,VHNHFG,1.0
10191,HFWMFT,1.0
10192,KEYFTFMVVY,1.0
10193,LISGLYCLYH,1.0
10194,FHFTHCH,1.0
10195,FMCSH,1.0
10196,MVFCA,1.0
10197,HMKYIY,1.0
10198,SMLQIH,1.0
10199,AKMISHIWH,1.0
10200,THPLYY,1.0
10201,CLVQWCWL,1.0
10202,KGFNC,1.0
10203,DIIQLMRIWY,1.0
10204,WVVVQVI,1.0
10205,YRMHVI,1.0
10206,ETFRNF,1.0
10207,GFFGCLS,1.0
10208,VPYWLG,1.0
10209,KHESVLY,1.0
10210,TGAVHT,1.0
10211,PLLIPSFY,1.0
10212,SLFSR,1.0
10213,YTQNVY,1.0
10214,QHSVSSWW,1.0
10215,HPCMYF,1.0
10216,YCVEVWWCY,1.0
10217,WSLNQWHICI,1.0
10218,VPPYAEFG,1.0
10219,TVVTYS,1.0
10220,LQVQYLCPYW,1.0
10221,LASFA,1.0
10222,HLPSY,1.0
10223,QLYYVLTSIF,1.0
10224,EWTKL,1.0
10225,CWSLAWE,1.0
10226,FMRFI,1.0
10227,HHWWHWI,1.0
10228,IEFRYWWE,1.0
10229,VANRDLMLHF,1.0
10230,IFLHLSIWN,1.0
10231,GILTV,1.0
10232,CFSGG,1.0
10233,VIMDH,1.0
10234,AGIMF,1.0
10235,SSVWWE,1.0
10236,PYYMEQWFLL,1.0
10237,THGPICEHRW,1.0
10238,CYCYGIKFCV,1.0
10239,MSRPMLVWY,1.0
10240,PPKYH,1.0
10241,HWRGLCI,1.0
10242,WWNKF,1.0
10243,LYPHHA,1.0
10244,WFNASFSG,1.0
10245,WVQVWVQQRY,1.0
10246,PMIYPSG,1.0
10247,KYFDLWQRHM,1.0
10248,CQHWILPH,1.0
10249,YHYFK,1.0
10250,FGLAP,1.0
10251,HMIRHMWGVS,1.0
10252,WCQVTCS,1.0
10253,CFCLKW,1.0
10254,MKFLG,1.0
10255,IIPQLH,1.0
10256,SEPYTKWL,1.0
10257,WVCECQWWNC,1.0
10258,AWREW,1.0
10259,TPYTVM,1.0
10260,GWFEDIYHKW,1.0
10261,CPSCLSIPWF,1.0
10262,CCFFLA,1.0
10263,WCNYD,1.0
10264,CFPACTRLCV,1.0
10265,FRSVI,1.0
10266,PFCLGIQL,1.0
10267,ITVWKQW,1.0
10268,IINPCF,1.0
10269,MGSWRL,1.0
10270,GNFVT,1.0
10271,LITWWVKMFL,1.0
10272,KHWKHHLC,1.0
10273,FPIPSVFL,1.0
10274,LPYADH,1.0
10275,RCWQNHHGYC,1.0
10276,SAFYE,1.0
10277,IGWPIFQ,1.0
10278,YFAMVFYFRF,1.0
10279,CCPTIL,1.0
10280,VVSPIYMT,1.0
10281,QGHWPM,1.0
10282,HTIWP,1.0
10283,PNQVFFCY,1.0
10284,KVCQY,1.0
10285,VLKLFVFKCD,1.0
10286,HSLNW,1.0
10287,MCALLKWIH,1.0
10288,VLQHVIFP,1.0
10289,ALFYIKCTY,1.0
10290,FIWIA,1.0
10291,WVVFSA,1.0
10292,VGCGFMFL,1.0
10293,SFIIWCLG,1.0
10294,PLRYMGLY,1.0
10295,IIWVVLC,1.0
10296,WDVLK,1.0
10297,SHTHG,1.0
10298,NHWCECRMYD,1.0
10299,IIPSGW,1.0
10300,YMSNFWWELA,1.0
10301,CMYLSYS,1.0
10302,MMDMRFPKYI,1.0
10303,CTNVFKCHY,1.0
10304,FTIGWQGHYF,1.0
10305,MCHLSGFIC,1.0
10306,SWKPLW,1.0
10307,VVTNMWT,1.0
10308,HSNHV,1.0
10309,TMCDAHLIWI,1.0
10310,KTFCN,1.0
10311,GGYMF,1.0
10312,IGFTH,1.0
10313,FSLPI,1.0
10314,WWWKN,1.0
10315,YPREV,1.0
10316,EMRVY,1.0
10317,WWDFINDWSF,1.0
10318,WLWCWYTG,1.0
10319,GFYRE,1.0
10320,QNVWW,1.0
10321,MLMQF,1.0
10322,WCCDM,1.0
10323,PELVW,1.0
10324,CQYTD,1.0
10325,KFWHHE,1.0
10326,CCCGYF,1.0
10327,LNAFFYVFSL,1.0
10328,AWVHKT,1.0
10329,YLAGYQCYM,1.0
10330,YLFATGQAFK,1.0
10331,LYPSVRY,1.0
10332,CKCPVSHHKS,1.0
10333,PVPSL,1.0
10334,TNLWDH,1.0
10335,HIHLL,1.0
10336,PKYHLT,1.0
10337,YKTHAYSL,1.0
10338,VFFFMK,1.0
10339,VRFSMLYM,1.0
10340,YYLDLNWLV,1.0
10341,CYPEAVFYL,1.0
10342,WLYIPWPFH,1.0
10343,KPCFFWWR,1.0
10344,NMFLFIWM,1.0
10345,FHWRMHWCIW,1.0
10346,PFWCA,1.0
10347,IWWTSNCSKP,1.0
10348,HPICHSWI,1.0
10349,WLRHINVSWM,1.0
10350,KFWPLE,1.0
10351,YKYNH,1.0
10352,SFMSM,1.0
10353,LWLST,1.0
10354,CWNWE,1.0
10355,NGVFWC,1.0
10356,KRFFNPFVIT,1.0
10357,NMCRW,1.0
10358,DFCKPWT,1.0
10359,SVRGY,1.0
10360,KFECRF,1.0
10361,CFSGLCFT,1.0
10362,MMQHWT,1.0
10363,QQHVF,1.0
10364,RGYPF,1.0
10365,RFMILWNVRV,1.0
10366,YTYEA,1.0
10367,NVFLYPFYP,1.0
10368,DGWKWWFN,1.0
10369,VWVCR,1.0
10370,CLYMAKSDDF,1.0
10371,WEWKCNT,1.0
10372,CTRSF,1.0
10373,IWFMSQ,1.0
10374,VDIWFIP,1.0
10375,LMGAHF,1.0
10376,YILAW,1.0
10377,DMFGGDSHMF,1.0
10378,FRFQEL,1.0
10379,FYKVR,1.0
10380,HNLYQWFLIV,1.0
10381,RMHNT,1.0
10382,MFEYI,1.0
10383,VWDFCQW,1.0
10384,VRTNEVMYHC,1.0
10385,CIFWC,1.0
10386,MPVSV,1.0
10387,KHISF,1.0
10388,TEWVR,1.0
10389,FKRYF,1.0
10390,PKWIAPTW,1.0
10391,KMYLWKISKH,1.0
10392,YCGHWHQYMN,1.0
10393,YYWREFC,1.0
10394,CSHPKNNWMP,1.0
10395,WQVVFQV,1.0
10396,FTPCWP,1.0
10397,MKMTH,1.0
10398,CRHPF,1.0
10399,CPSASWF,1.0
10400,VITWKAI,1.0
10401,HEWQFTWYCT,1.0
10402,TRWGYS,1.0
10403,DFIIHWMI,1.0
10404,SWEVMGY,1.0
10405,DQCRSHWHHC,1.0
10406,WYYCPWMLHH,1.0
10407,CVMYV,1.0
10408,LLCFWWCPA,1.0
10409,MYNWAL,1.0
10410,WWGEDGWCVY,1.0
10411,VSKSQHF,1.0
10412,SIWHHAMF,1.0
10413,SSGSWP,1.0
10414,MTIKEALINW,1.0
10415,WCWHPWIWIW,1.0
10416,TALCNYTWFK,1.0
10417,SIPCC,1.0
10418,RGTYWC,1.0
10419,NFMVW,1.0
10420,RIQCY,1.0
10421,FFMLVFNSLK,1.0
10422,HYKNNYMIF,1.0
10423,ACDRW,1.0
10424,PWCKH,1.0
10425,TYYNFPYWFW,1.0
10426,PFGTWNC,1.0
10427,FMAFNNLHSR,1.0
10428,MSNYH,1.0
10429,IAYMFI,1.0
10430,LFWCKCC,1.0
10431,WTIVL,1.0
10432,GHDIIFHQVW,1.0
10433,YIIHKTMGCS,1.0
10434,NIFYRKHFWI,1.0
10435,LVFHQPHI,1.0
10436,LNHVHV,1.0
10437,QLCGW,1.0
10438,SPMSC,1.0
10439,IINHQF,1.0
10440,PDKNH,1.0
10441,WGHNY,1.0
10442,IRWDFT,1.0
10443,WFFNGNCF,1.0
10444,KESCYPFTVC,1.0
10445,CAFIH,1.0
10446,YQPYIS,1.0
10447,AQFFDF,1.0
10448,HWGHLWEP,1.0
10449,KMCLW,1.0
10450,FPKYI,1.0
10451,FCPQFPTSRH,1.0
10452,LWWETF,1.0
10453,WYDTI,1.0
10454,TWPLEHMW,1.0
10455,SPPNAY,1.0
10456,KWYEGF,1.0
10457,YFHIVE,1.0
10458,FFICTQM,1.0
10459,IWTIQW,1.0
10460,NYVLYHIDWK,1.0
10461,DPTGLFW,1.0
10462,WPNMCYWNL,1.0
10463,ITDWRCHF,1.0
10464,IWCFSS,1.0
10465,VITFV,1.0
10466,HWYPSV,1.0
10467,LLYHFM,1.0
10468,LITLLM,1.0
10469,WWNWHRMK,1.0
10470,SVCLS,1.0
10471,CMVNFVY,1.0
10472,YHCGCFIYHD,1.0
10473,WCTYVA,1.0
10474,WFKDVSHAFR,1.0
10475,NHVYPSWGT,1.0
10476,IYDNR,1.0
10477,WKCEPCCTHI,1.0
10478,ICCSWKIW,1.0
10479,DRPYL,1.0
10480,WYQYAGSWWS,1.0
10481,FYFMPN,1.0
10482,ALWIVCV,1.0
10483,WDWEWF,1.0
10484,TKLILDIWGV,1.0
10485,LDWPQHVF,1.0
10486,YYYDHI,1.0
10487,WHQQMY,1.0
10488,WALWH,1.0
10489,ICVWF,1.0
10490,PKDFKMPHAP,1.0
10491,FYAFLG,1.0
10492,CQCWR,1.0
10493,TICFGL,1.0
10494,CCYHYRCM,1.0
10495,YCWWRFHFGV,1.0
10496,NLIWS,1.0
10497,LQYSCFLWFP,1.0
10498,GKLCWHD,1.0
10499,TPSFMFQ,1.0
10500,KYIKD,1.0
10501,YGMFL,1.0
10502,MVMWHPC,1.0
10503,WTHRW,1.0
10504,KCMCAFVPTH,1.0
10505,KCYSWHS,1.0
10506,SHRMLQYFCM,1.0
10507,QLSTYP,1.0
10508,PHIMWSPK,1.0
10509,MCDVKWWI,1.0
10510,WPCLPWEW,1.0
10511,GGYFK,1.0
10512,FIRTWGL,1.0
10513,MKYGCW,1.0
10514,DIWIPW,1.0
10515,FVKVMDLSHF,1.0
10516,VPHNWMSF,1.0
10517,ERWYT,1.0
10518,WECEMWKFHM,1.0
10519,WWVQCEGY,1.0
10520,CQWGFN,1.0
10521,FSAHTCF,1.0
10522,VCLNF,1.0
10523,NPCFI,1.0
10524,VTCCWW,1.0
10525,NMIVF,1.0
10526,ITLPL,1.0
10527,HLFYDA,1.0
10528,WTFFQE,1.0
10529,HMGFSRC,1.0
10530,VCCYT,1.0
10531,LPFHHMH,1.0
10532,YETFWS,1.0
10533,YWCNA,1.0
10534,FPFEHIIDHI,1.0
10535,IIRDDKYF,1.0
10536,QMCFGPPY,1.0
10537,WTMNWVCLS,1.0
10538,HPWMHSH,1.0
10539,INIRHPWYW,1.0
10540,TTNACLWYVH,1.0
10541,ITPHYT,1.0
10542,QLWIS,1.0
10543,YMHYH,1.0
10544,IHSWWVGF,1.0
10545,ITQLFYAF,1.0
10546,RPYIDHPAFH,1.0
10547,VCHTN,1.0
10548,CPWPMKLQWI,1.0
10549,LTLKIFC,1.0
10550,RIPWLLI,1.0
10551,HRYCN,1.0
10552,WDMEIFYLMW,1.0
10553,YQYVK,1.0
10554,YKLWTG,1.0
10555,SPWMN,1.0
10556,IYTWQ,1.0
10557,WPRPM,1.0
10558,CHEWFG,1.0
10559,FFNFM,1.0
10560,GISKMW,1.0
10561,RFMKDKWIF,1.0
10562,FFAWHSVWD,1.0
10563,VNYAY,1.0
10564,VPDTTW,1.0
10565,SKVLSVYYGI,1.0
10566,SLVVIC,1.0
10567,SCGKHYNWFT,1.0
10568,RFTIYE,1.0
10569,YSEPW,1.0
10570,TYMNYSN,1.0
10571,FCNKWYD,1.0
10572,PTDALWTYHV,1.0
10573,NIIFQWP,1.0
10574,ACFQW,1.0
10575,NWWVL,1.0
10576,MIVHQWP,1.0
10577,GKNNWWF,1.0
10578,RYEQY,1.0
10579,MTREH,1.0
10580,QMDKINFIHY,1.0
10581,AIKWMH,1.0
10582,RCYID,1.0
10583,SWYAYKCM,1.0
10584,RYDAC,1.0
10585,WGSMQFCF,1.0
10586,CFGWFWNMK,1.0
10587,FLLPKLTP,1.0
10588,NVFII,1.0
10589,KPICYELWGM,1.0
10590,FDWMWKINRT,1.0
10591,CVVQVW,1.0
10592,IKQVWTV,1.0
10593,AWTAS,1.0
10594,YNEFT,1.0
10595,KWWKL,1.0
10596,PKPHL,1.0
10597,FVVPRFIL,1.0
10598,FMVTH,1.0
10599,LWCCI,1.0
10600,IRCYAF,1.0
10601,CWDVLV,1.0
10602,WALTH,1.0
10603,FFIDCKTYEL,1.0
10604,PDLTWNC,1.0
10605,ALNWTW,1.0
10606,RHEIFI,1.0
10607,LVTTWPMYC,1.0
10608,HYFHL,1.0
10609,GYVFPK,1.0
10610,ECRPPWCPHC,1.0
10611,FMREP,1.0
10612,HQWVTWHY,1.0
10613,TYQYWE,1.0
10614,TYAHT,1.0
10615,TWSPYV,1.0
10616,HYIGCYS,1.0
10617,CDSWM,1.0
10618,SETLPLWFF,1.0
10619,YVCGF,1.0
10620,VSIRAWMWLN,1.0
10621,KPFAIWT,1.0
10622,YTLNC,1.0
10623,WTIWS,1.0
10624,EKHFVLW,1.0
10625,PYFMCS,1.0
10626,TYNTM,1.0
10627,IKMFHY,1.0
10628,KPLPH,1.0
10629,WQYVPNMDAW,1.0
10630,HPCGFFVLPM,1.0
10631,RHFNT,1.0
10632,TRWPI,1.0
10633,YLMFDPYPR,1.0
10634,HSYYK,1.0
10635,NTPWDYHRY,1.0
10636,RMEMFY,1.0
10637,SVVQIVFMWN,1.0
10638,PWINRYWWDH,1.0
10639,PYWNP,1.0
10640,PVKCWWI,1.0
10641,TPWRG,1.0
10642,YANKFPKHWN,1.0
10643,FSWYDV,1.0
10644,EQVRW,1.0
10645,NQCKSPFLWC,1.0
10646,SMYLC,1.0
10647,HILPWW,1.0
10648,NCAYMT,1.0
10649,ANTYSYHYFK,1.0
10650,CLPYTL,1.0
10651,YLQFMFVGS,1.0
10652,NWHDFWI,1.0
10653,HMCQW,1.0
10654,TCFAMYIYFC,1.0
10655,FCWIVPLG,1.0
10656,HMHNF,1.0
10657,FKVAD,1.0
10658,CHCQVWHG,1.0
10659,VIHWCVGTI,1.0
10660,YYDNPESMWY,1.0
10661,IIKFQCCF,1.0
10662,THPCL,1.0
10663,ALNCWLFMCS,1.0
10664,FFFIKQ,1.0
10665,IVWIWVA,1.0
10666,FNFIIVTTFS,1.0
10667,FQGFSFRSFD,1.0
10668,WWSSVLSKLQ,1.0
10669,FNQFVIWMW,1.0
10670,WWADKL,1.0
10671,WNHYN,1.0
10672,SRMAQYHH,1.0
10673,CYTVAWEW,1.0
10674,HYYWLVV,1.0
10675,LIWVGHW,1.0
10676,VIYWWVVNI,1.0
10677,QIMYTFWIGS,1.0
10678,VTKKYF,1.0
10679,SKTYF,1.0
10680,PAHMYPYEKF,1.0
10681,YWSVC,1.0
10682,PRVDWVFQ,1.0
10683,GGWVT,1.0
10684,FCWKEP,1.0
10685,LLPFG,1.0
10686,YKLGEHCVFC,1.0
10687,FWWKFLVPVA,1.0
10688,HYWHK,1.0
10689,HEMPNGMCWH,1.0
10690,YRSLLIT,1.0
10691,WIFTHFR,1.0
10692,HHRIWL,1.0
10693,KLTVWFDM,1.0
10694,IYFWVSMV,1.0
10695,LMSWHHICMN,1.0
10696,PHANMF,1.0
10697,SHCNFY,1.0
10698,IYWGVW,1.0
10699,MFGGY,1.0
10700,MHHEFC,1.0
10701,WFPFDQKALF,1.0
10702,GLWMFYQWNI,1.0
10703,DPWAY,1.0
10704,YHNVIA,1.0
10705,HVPYA,1.0
10706,SLFAI,1.0
10707,CPWWPWNIYT,1.0
10708,GCEFWW,1.0
10709,TEYPNFWR,1.0
10710,FERGYVL,1.0
10711,SISWNLG,1.0
10712,KAYNIS,1.0
10713,LWIPFLS,1.0
10714,YSPQPL,1.0
10715,GNNSWCMPWW,1.0
10716,PFYMQGTAEF,1.0
10717,MAVTRFIMIF,1.0
10718,DMHFL,1.0
10719,CALWPLYL,1.0
10720,SHFDCAKMII,1.0
10721,WLKMPII,1.0
10722,VTHLH,1.0
10723,FWYKESNMYH,1.0
10724,KTYEFC,1.0
10725,VEWWFEW,1.0
10726,SFFSM,1.0
10727,MEWHP,1.0
10728,NRWVDFWVSL,1.0
10729,FIHEC,1.0
10730,EYFFFLFWY,1.0
10731,RHWWPMQY,1.0
10732,MLGWFKC,1.0
10733,KHFWINIFYR,1.0
10734,TNPYTL,1.0
10735,MHFSNWD,1.0
10736,ALVRSCWV,1.0
10737,HVAIMI,1.0
10738,TIDWW,1.0
10739,YVYQMYLFG,1.0
10740,GAHWYR,1.0
10741,WNHCFPF,1.0
10742,WIHSL,1.0
10743,TFRAMYE,1.0
10744,PYWYL,1.0
10745,HPYVCVT,1.0
10746,VPHRH,1.0
10747,LPWLKRYNCI,1.0
10748,EHYRWH,1.0
10749,MFYRPVP,1.0
10750,YHNLWCP,1.0
10751,CIMRHWCHDW,1.0
10752,YWCWMGDL,1.0
10753,HYAVY,1.0
10754,DLRVH,1.0
10755,LPHPLCS,1.0
10756,RCPLPAYWYY,1.0
10757,CEHRW,1.0
10758,KGWLPF,1.0
10759,VWRPG,1.0
10760,IKFDDVW,1.0
10761,GWKFH,1.0
10762,MSLTT,1.0
10763,MAFTL,1.0
10764,GPLSWRNWMH,1.0
10765,WITTDW,1.0
10766,LDWWMFPQ,1.0
10767,FYIYALWFPQ,1.0
10768,YPFCMF,1.0
10769,WMTYHLMGG,1.0
10770,YHMMHGYVKV,1.0
10771,WCTLFFKNIF,1.0
10772,TDSICKYVWV,1.0
10773,WIYQCCIGWC,1.0
10774,CRPVVWV,1.0
10775,FAWFR,1.0
10776,CTVWFGP,1.0
10777,VLCLCHCIW,1.0
10778,VNWRYE,1.0
10779,YQLFSPYH,1.0
10780,PYTWYENQWA,1.0
10781,KMFAS,1.0
10782,LDKSTW,1.0
10783,TWARSVWL,1.0
10784,LQFLCWY,1.0
10785,CWSGH,1.0
10786,GNWNW,1.0
10787,IFCPNSWEMM,1.0
10788,YWLPHWMRLM,1.0
10789,FRCHN,1.0
10790,WWPSQKCWP,1.0
10791,VTHLDC,1.0
10792,PTAHYKPQFH,1.0
10793,PWFVC,1.0
10794,TCHSCHI,1.0
10795,HWFQCTIM,1.0
10796,HWLFG,1.0
10797,SHCKTMHGVW,1.0
10798,SYMGDFP,1.0
10799,LQFLCYM,1.0
10800,EWVYHTT,1.0
10801,DRCMAW,1.0
10802,EKLYF,1.0
10803,AYVTC,1.0
10804,VVTQAW,1.0
10805,NSTWS,1.0
10806,PQGMLFS,1.0
10807,AFYMA,1.0
10808,STWHLSM,1.0
10809,QVYFAKL,1.0
10810,TVTWMHA,1.0
10811,MLIYS,1.0
10812,WFWNWSCK,1.0
10813,LPRSWIA,1.0
10814,CMNSVW,1.0
10815,LTHFMFIL,1.0
10816,FSKNH,1.0
10817,HDFCR,1.0
10818,APPTY,1.0
10819,GTWYEFWCMK,1.0
10820,INDWCDFQLY,1.0
10821,LCIYYK,1.0
10822,AYVHN,1.0
10823,WWRRNFW,1.0
10824,RPYVI,1.0
10825,FQIKPWF,1.0
10826,KILLEW,1.0
10827,FESWQFS,1.0
10828,WHECA,1.0
10829,WAFQGFECWT,1.0
10830,WDRHT,1.0
10831,MPDMFH,1.0
10832,QMMEHKW,1.0
10833,IANFI,1.0
10834,FTFGEY,1.0
10835,YGFMQV,1.0
10836,WVMHYP,1.0
10837,HCTAYV,1.0
10838,EQFKP,1.0
10839,SEIHY,1.0
10840,DWYHSHVGHS,1.0
10841,WWVYKYTILI,1.0
10842,FCVNT,1.0
10843,YSIPD,1.0
10844,SYVWNQV,1.0
10845,QKFFQ,1.0
10846,FMGWRAWVLH,1.0
10847,IFNYFLE,1.0
10848,VFFIVQHVW,1.0
10849,PLHIFIYVMM,1.0
10850,CGWRMLPF,1.0
10851,MCSHH,1.0
10852,HMYAVFYEMC,1.0
10853,IIFWCGPDDH,1.0
10854,TPPCY,1.0
10855,QRWMC,1.0
10856,LFQFMEMMHH,1.0
10857,TLDTGHCCYY,1.0
10858,LMHFCYCPR,1.0
10859,AYVEASMIWW,1.0
10860,WIYMYDAKYG,1.0
10861,ERRYF,1.0
10862,TWNPHS,1.0
10863,HKQSGLHWGY,1.0
10864,CTHTV,1.0
10865,GKNMWLW,1.0
10866,TMGLSYM,1.0
10867,WVLCKQHIVM,1.0
10868,CLHDM,1.0
10869,WSRSP,1.0
10870,CRWCI,1.0
10871,ILKHTY,1.0
10872,IHPHCWYSR,1.0
10873,SALWSH,1.0
10874,EFRFP,1.0
10875,SRHLHIDYY,1.0
10876,EVYSK,1.0
10877,YSQSF,1.0
10878,WACVHPP,1.0
10879,YINLL,1.0
10880,SWKMGW,1.0
10881,PKFDIFR,1.0
10882,ERSWI,1.0
10883,QYYRI,1.0
10884,VGWDVYQVTF,1.0
10885,YMFPAKFQI,1.0
10886,ILNGHW,1.0
10887,LMFPD,1.0
10888,DFVWLV,1.0
10889,YPHPFHNL,1.0
10890,WRKVFGF,1.0
10891,YIYECI,1.0
10892,WHWKW,1.0
10893,MFAISYAGTF,1.0
10894,SSMVM,1.0
10895,KPDCW,1.0
10896,NCYCY,1.0
10897,VFGMWNVYHN,1.0
10898,FQPRW,1.0
10899,VMHLW,1.0
10900,HYYRY,1.0
10901,FDHMRFLI,1.0
10902,FWHKEW,1.0
10903,CFVYMYKNAF,1.0
10904,CFDAHHV,1.0
10905,YELCRM,1.0
10906,SIFHRD,1.0
10907,FYFGYW,1.0
10908,TFRVL,1.0
10909,WYKRL,1.0
10910,FKLSAYTYFR,1.0
10911,WVTPR,1.0
10912,AYWYY,1.0
10913,EWYVM,1.0
10914,IYYPK,1.0
10915,NFIHWLCCCM,1.0
10916,FMNGW,1.0
10917,KCLFSYELI,1.0
10918,YYFLSFAEK,1.0
10919,VQKFWH,1.0
10920,MNWFAFY,1.0
10921,WLSVIFL,1.0
10922,YYHEG,1.0
10923,HCVYWV,1.0
10924,YIIWLQG,1.0
10925,MWCDHT,1.0
10926,KYCFPIRMCV,1.0
10927,CPMTL,1.0
10928,LVVNV,1.0
10929,LLPFN,1.0
10930,SVWWYVHHE,1.0
10931,MRFWEWIS,1.0
10932,TKAYD,1.0
10933,TFFMGSFYN,1.0
10934,FTDHM,1.0
10935,TQAFCWG,1.0
10936,WSPDR,1.0
10937,YMSQMCMWYK,1.0
10938,VFVWL,1.0
10939,MQFHQ,1.0
10940,LSKYN,1.0
10941,LHQLW,1.0
10942,TFYFGMLSY,1.0
10943,FERYH,1.0
10944,MGWCYGYEVH,1.0
10945,IYFYIRD,1.0
10946,LLAQTHWF,1.0
10947,MFKDS,1.0
10948,FIFMFLQG,1.0
10949,LDRKY,1.0
10950,KWMPEST,1.0
10951,PVRLATIYFD,1.0
10952,YCAVCPFTMM,1.0
10953,CVWSTAWR,1.0
10954,FHDWVHIF,1.0
10955,MKCWEWS,1.0
10956,CCTWWIWIRK,1.0
10957,WKCEP,1.0
10958,FIECCRDHY,1.0
10959,IMWIQ,1.0
10960,WVFYICKIGP,1.0
10961,IYMSCHLSF,1.0
10962,PGWWNMGYML,1.0
10963,PICWNWHG,1.0
10964,WMPRI,1.0
10965,YPCFIQVKWW,1.0
10966,WMLPVVN,1.0
10967,AIYHM,1.0
10968,QNFLH,1.0
10969,SFWCAPFC,1.0
10970,ITLQLRW,1.0
10971,LCIYR,1.0
10972,TLSVYSVKF,1.0
10973,CLVVAH,1.0
10974,YCRYSACVFY,1.0
10975,AVMFMC,1.0
10976,VLWYSSA,1.0
10977,SSFKD,1.0
10978,CPVPWWLGW,1.0
10979,YHRELW,1.0
10980,GNFFS,1.0
10981,NIQQWYI,1.0
10982,FAHWKGEVCW,1.0
10983,KFVGG,1.0
10984,MVWCTNWRYV,1.0
10985,MQIRIW,1.0
10986,FTVTYHPCVL,1.0
10987,LFYQEKFL,1.0
10988,ALYMYMIPH,1.0
10989,CHQAYHDSWW,1.0
10990,PYYAL,1.0
10991,NHHVC,1.0
10992,PHDWFY,1.0
10993,LWHMNL,1.0
10994,IIANWVL,1.0
10995,CSWVHQWVNY,1.0
10996,SPYKYC,1.0
10997,YTKCS,1.0
10998,HVIQY,1.0
10999,FIHMVM,1.0
11000,VVWCWMSTLW,1.0
11001,VCFET,1.0
11002,GWYVE,1.0
11003,LPYFPTR,1.0
11004,LDFYRIHI,1.0
11005,NTKYHM,1.0
11006,LLIDGTWWNF,1.0
11007,RYFFFIPLPD,1.0
11008,EIFHHFFWW,1.0
11009,WKCHD,1.0
11010,PIASSW,1.0
11011,DKYIAW,1.0
11012,WCSHF,1.0
11013,PFWDCWMT,1.0
11014,KWPSFHTC,1.0
11015,YKFDTHPPWC,1.0
11016,APSWK,1.0
11017,WKTTW,1.0
11018,CWWSWCHPA,1.0
11019,VKVYRWWW,1.0
11020,MMSIGWHAWY,1.0
11021,SPECVF,1.0
11022,NFLLTMV,1.0
11023,MCVIWCIV,1.0
11024,LTPVHWNH,1.0
11025,LWNMHQPSKL,1.0
11026,WRHHVML,1.0
11027,FDWWQKW,1.0
11028,MHPVAH,1.0
11029,WPCPFW,1.0
11030,NRFLPWWIC,1.0
11031,LCTYH,1.0
11032,VFANS,1.0
11033,YWVDISHW,1.0
11034,WFKAS,1.0
11035,YWMRVS,1.0
11036,IFYQKV,1.0
11037,HVYHW,1.0
11038,HAAYV,1.0
11039,SPWYTQT,1.0
11040,PKSYTTGLLF,1.0
11041,CHPTMGNFTF,1.0
11042,QVFCTD,1.0
11043,WHQFKEAIYS,1.0
11044,WRIAGSSHPY,1.0
11045,YSCMYW,1.0
11046,LFLLQCELIH,1.0
11047,FICWSW,1.0
11048,KYVTLILF,1.0
11049,MYLWDS,1.0
11050,YIIAVIMI,1.0
11051,DKTWWQ,1.0
11052,QFRHMHW,1.0
11053,SHIVGWF,1.0
11054,STMGYWRWF,1.0
11055,EGWNW,1.0
11056,VTTCIFV,1.0
11057,CGFEK,1.0
11058,RQSWQ,1.0
11059,VRPISQPDWM,1.0
11060,WSWSVQQSEW,1.0
11061,FWKWW,1.0
11062,GWLFHSLFFT,1.0
11063,CIRCVVGVTF,1.0
11064,LKDAH,1.0
11065,CPVWKV,1.0
11066,EWCMM,1.0
11067,VYFSS,1.0
11068,SRFLDFFMCP,1.0
11069,PLMCV,1.0
11070,QKQMFPFW,1.0
11071,WVMMNCTRSF,1.0
11072,KFHCQ,1.0
11073,GFVVC,1.0
11074,WGVCIHDWI,1.0
11075,RIGHSFMYMH,1.0
11076,HIPIG,1.0
11077,SVTEFI,1.0
11078,YSWIQLWKFN,1.0
11079,NMFYE,1.0
11080,FIYGP,1.0
11081,HCVPLTC,1.0
11082,LMVYK,1.0
11083,WYHMCLRWNG,1.0
11084,SPPFINSLMF,1.0
11085,SMIWIVFWL,1.0
11086,WQDYF,1.0
11087,HFHPD,1.0
11088,WRLCSL,1.0
11089,APCLWAYAWC,1.0
11090,KLYDVLIWFN,1.0
11091,FVYIKQWC,1.0
11092,FLPNCNYKHC,1.0
11093,LFVFVDYIA,1.0
11094,MYDVDPPTWH,1.0
11095,WWIYKHA,1.0
11096,KWWCR,1.0
11097,NSWFFKY,1.0
11098,SVEYCY,1.0
11099,SPYIIT,1.0
11100,SSNKIFWHNI,1.0
11101,FDIRYT,1.0
11102,CFSWQFLV,1.0
11103,CNKYT,1.0
11104,GFTPLYKT,1.0
11105,LGGWWWKWE,1.0
11106,WRHALWKF,1.0
11107,WYHAIDSMQW,1.0
11108,FKPSCLS,1.0
11109,WWWFEWSSM,1.0
11110,TTPLYA,1.0
11111,TTYWRVSRGW,1.0
11112,FPNVNVH,1.0
11113,YMERI,1.0
11114,MTARDY,1.0
11115,QRWHWV,1.0
11116,FDFWY,1.0
11117,VCIMP,1.0
11118,HGRIY,1.0
11119,VMCWA,1.0
11120,WPWVCSSWRT,1.0
11121,SGMRW,1.0
11122,SWPLVG,1.0
11123,TNYFA,1.0
11124,ILFHR,1.0
11125,WMHNYKP,1.0
11126,MYWRGWL,1.0
11127,MYKPHM,1.0
11128,PGRWM,1.0
11129,WYIFYYWWTI,1.0
11130,YYCGVRYCY,1.0
11131,SIFYE,1.0
11132,WHLCG,1.0
11133,QLLVDF,1.0
11134,PHSIS,1.0
11135,WWPEHTFAGF,1.0
11136,VMTYHK,1.0
11137,YYNHWK,1.0
11138,MWQTYYNYTL,1.0
11139,IPKCPDFPS,1.0
11140,YAMATW,1.0
11141,YVCMDFSVW,1.0
11142,QYWFCFEVVP,1.0
11143,KTWYHFGMSW,1.0
11144,FRKWYFNHE,1.0
11145,IHYYFIMFKL,1.0
11146,FLCAG,1.0
11147,VNHHM,1.0
11148,EMWIGWWK,1.0
11149,RFPIFW,1.0
11150,AKWLYW,1.0
11151,KMPCWVMQWM,1.0
11152,YVFLP,1.0
11153,EVLWFIK,1.0
11154,IWYFFKPYCR,1.0
11155,LLHMDY,1.0
11156,VCIGFF,1.0
11157,WDYCI,1.0
11158,VCTTMHKW,1.0
11159,VKPCPHTF,1.0
11160,LKFLFFMSWS,1.0
11161,VDIRWWC,1.0
11162,PHMYMV,1.0
11163,HAMVF,1.0
11164,GELFW,1.0
11165,HWRLA,1.0
11166,NPDFNDWWHC,1.0
11167,DPWYAKTWYR,1.0
11168,WMRHVKYYWY,1.0
11169,ISVEHPNFCC,1.0
11170,TNSHS,1.0
11171,MTYSPP,1.0
11172,YICIM,1.0
11173,PNYKYI,1.0
11174,TIGVTESWLC,1.0
11175,LVTGTIKWPI,1.0
11176,FRPHAC,1.0
11177,ICLCSV,1.0
11178,PPYNLVFYPQ,1.0
11179,IMAYLI,1.0
11180,CPAVIH,1.0
11181,WFVKSI,1.0
11182,GKFWM,1.0
11183,YYGHE,1.0
11184,RVQDWWH,1.0
11185,CFKIKFECPD,1.0
11186,DWPNKH,1.0
11187,PESYSL,1.0
11188,WTMWLCAWLS,1.0
11189,PWSLLF,1.0
11190,WYGGA,1.0
11191,CKWCF,1.0
11192,NVSHP,1.0
11193,WYVKGQWPLP,1.0
11194,FPSCCTIT,1.0
11195,AKYVT,1.0
11196,TRDYW,1.0
11197,NHVYSCSIQY,1.0
11198,MIVQMFYD,1.0
11199,MWTRCKFPY,1.0
11200,KHEVTW,1.0
11201,WIFCSES,1.0
11202,DMYIGF,1.0
11203,PWPPWDHYSI,1.0
11204,KRPGTYW,1.0
11205,YEITWCYVQC,1.0
11206,DHSIMIHNHW,1.0
11207,HWKCHIW,1.0
11208,FLHTHEGHRI,1.0
11209,HPREYPNHFD,1.0
11210,LKQPEMVFV,1.0
11211,AEWWN,1.0
11212,KIDWFDLYEW,1.0
11213,IPPDTHKMY,1.0
11214,SCCCDHFTDY,1.0
11215,GPFKFYLS,1.0
11216,HPWVLQYDAP,1.0
11217,AFTFP,1.0
11218,IPVPKTSFPV,1.0
11219,HKLLTLW,1.0
11220,IWFAA,1.0
11221,ANWHT,1.0
11222,VFMRL,1.0
11223,SWPYLPAHFK,1.0
11224,PWCMYE,1.0
11225,IWAMG,1.0
11226,WAWRFN,1.0
11227,YCYYQANVGH,1.0
11228,TTVRLY,1.0
11229,WFIVIHNH,1.0
11230,VLYAFI,1.0
11231,MRVQHW,1.0
11232,CAPIWHMH,1.0
11233,PKYIGF,1.0
11234,WWVYNI,1.0
11235,HVPYAWWHTI,1.0
11236,LPHPLVF,1.0
11237,HWMEIHI,1.0
11238,CWFVD,1.0
11239,WVYGE,1.0
11240,FDGMVDWYHY,1.0
11241,PYWIIGKDKM,1.0
11242,ASTNEPLHWY,1.0
11243,TMRMLDF,1.0
11244,WWQEY,1.0
11245,MDWWVM,1.0
11246,VYMHD,1.0
11247,AKFWIAW,1.0
11248,VMILIP,1.0
11249,NVFGY,1.0
11250,IHLMA,1.0
11251,VSAYVL,1.0
11252,LQPFS,1.0
11253,AWRWKFC,1.0
11254,PFWTWC,1.0
11255,CFGGIFSQW,1.0
11256,GWKCLVCQLF,1.0
11257,FASKIF,1.0
11258,YVIIQTLCFV,1.0
11259,CELWFMP,1.0
11260,QIRRCCVSHY,1.0
11261,TCHLW,1.0
11262,NCWVLAC,1.0
11263,MTWGVGS,1.0
11264,STMYP,1.0
11265,ADMRWWFF,1.0
11266,VYNIS,1.0
11267,INDYRI,1.0
11268,YNKVKTQFYC,1.0
11269,PSNHWWNEMH,1.0
11270,VKCMWWYP,1.0
11271,AWLMFCGMFD,1.0
11272,GLPFH,1.0
11273,FCYPMIIKTW,1.0
11274,SMIWW,1.0
11275,FQDLYP,1.0
11276,IWIWVI,1.0
11277,DYMTFM,1.0
11278,CNIWET,1.0
11279,FDKWLH,1.0
11280,SFLHHVHT,1.0
11281,IQHYSAFTFP,1.0
11282,LPKIGFP,1.0
11283,IYVLKKFFYS,1.0
11284,DIWWWP,1.0
11285,WLWGRPYYG,1.0
11286,PHRFALCKFM,1.0
11287,TYYTH,1.0
11288,QVFGHPFP,1.0
11289,EMIYY,1.0
11290,CKLWTFLI,1.0
11291,VVVNEPW,1.0
11292,VCFKV,1.0
11293,HAIAVY,1.0
11294,GQFSY,1.0
11295,RMFWMPL,1.0
11296,SPTVWS,1.0
11297,VYWCMC,1.0
11298,MWKNIWFLT,1.0
11299,HCFRY,1.0
11300,FKLFS,1.0
11301,WNIMICWHF,1.0
11302,VCADTFPMW,1.0
11303,YLTIK,1.0
11304,CITYFYNATV,1.0
11305,YGIIVI,1.0
11306,WFVMQFEV,1.0
11307,YGTFLH,1.0
11308,SLVWFWC,1.0
11309,FCNCCHC,1.0
11310,YGWIVNWV,1.0
11311,DIMGYIYWLV,1.0
11312,RKFWP,1.0
11313,YTFNHFY,1.0
11314,MDFPLY,1.0
11315,FWVSL,1.0
11316,MCYCLIFCY,1.0
11317,VWFQMSIEW,1.0
11318,WHVFV,1.0
11319,IWLVTE,1.0
11320,TKKHCPF,1.0
11321,WFFHHFLEGC,1.0
11322,WVQFMYIF,1.0
11323,CIQWG,1.0
11324,NLPYV,1.0
11325,DWYHY,1.0
11326,YTCWWS,1.0
11327,WYCPHKMQEW,1.0
11328,QYWQL,1.0
11329,YAPPI,1.0
11330,YGVLWT,1.0
11331,FSFLATTIYC,1.0
11332,QKFSDI,1.0
11333,AGWCGS,1.0
11334,KFDFS,1.0
11335,NFFHNC,1.0
11336,RFESVLY,1.0
11337,ITVPFKM,1.0
11338,CPILYPSIVI,1.0
11339,ICMFIWHR,1.0
11340,PTGVVWL,1.0
11341,MIVFEI,1.0
11342,LSCCH,1.0
11343,NMREFWFYHH,1.0
11344,PTMWCIQ,1.0
11345,RHCNFLI,1.0
11346,SNRHD,1.0
11347,ICETWR,1.0
11348,LDYWR,1.0
11349,RNFTVLF,1.0
11350,MWMFW,1.0
11351,FFPVA,1.0
11352,QYIMTFP,1.0
11353,PYVRY,1.0
11354,IKSPCYPQFP,1.0
11355,FHCISKYAAW,1.0
11356,FTVPQF,1.0
11357,GCTLFFCV,1.0
11358,AWFHP,1.0
11359,CNMCSWC,1.0
11360,IWWDKQSYYL,1.0
11361,TVHRF,1.0
11362,ATFLHWRIFR,1.0
11363,FHWKY,1.0
11364,DNYAYSFIHW,1.0
11365,MPALW,1.0
11366,SKIFQESERF,1.0
11367,IPIMWNK,1.0
11368,WSFLF,1.0
11369,HRHIFFS,1.0
11370,IYDYYG,1.0
11371,HFFKWLEM,1.0
11372,PLTFGS,1.0
11373,RPWVT,1.0
11374,MQPCPW,1.0
11375,FTTIM,1.0
11376,LFHWSFE,1.0
11377,PHIFDYR,1.0
11378,VQFRHW,1.0
11379,LIYLFCCRTH,1.0
11380,RMVVF,1.0
11381,HFMMYE,1.0
11382,LTSMQGYNFY,1.0
11383,CWPAL,1.0
11384,RSHPMWNLY,1.0
11385,ITWWK,1.0
11386,HPRVD,1.0
11387,FMAFN,1.0
11388,VKEWHIEWSR,1.0
11389,IVTEQFF,1.0
11390,LLMWDML,1.0
11391,MPSWFC,1.0
11392,IMSYKNYLAW,1.0
11393,HWNFA,1.0
11394,MYNQIYSF,1.0
11395,QAHFTWMLCW,1.0
11396,MLQTH,1.0
11397,SWAWRM,1.0
11398,HMQGSYRWFK,1.0
11399,PLGMKLW,1.0
11400,YLFKQWWLYH,1.0
11401,FFTGTIT,1.0
11402,HFGLSV,1.0
11403,FEFTL,1.0
11404,QLMVF,1.0
11405,WLHFSRS,1.0
11406,NLPIY,1.0
11407,LNLWM,1.0
11408,YYWDQI,1.0
11409,HYSIDCAFGW,1.0
11410,CHVYPWWHFH,1.0
11411,LHMEIYM,1.0
11412,PCILCL,1.0
11413,TTHKL,1.0
11414,VANFDI,1.0
11415,PKWPM,1.0
11416,PPVFC,1.0
11417,WVYTSIWHMG,1.0
11418,RPFMFQIMF,1.0
11419,LFVLHCKC,1.0
11420,HVIYSN,1.0
11421,VHFPDHMK,1.0
11422,TCFGH,1.0
11423,TIIFRD,1.0
11424,VASHM,1.0
11425,SRVNW,1.0
11426,WHSSK,1.0
11427,RWNFG,1.0
11428,SFSIRMHWYQ,1.0
11429,WWGMEMF,1.0
11430,CEDFHCPYFQ,1.0
11431,SKTPWGF,1.0
11432,IHSCF,1.0
11433,VIDNFWFC,1.0
11434,HCIFYDHI,1.0
11435,TCYPP,1.0
11436,YVVNWDSW,1.0
11437,TWHNMM,1.0
11438,LHRPCCVF,1.0
11439,SFWPFQR,1.0
11440,PYFMVKQYCT,1.0
11441,PWSQY,1.0
11442,IKTWHFYNFG,1.0
11443,VHQCV,1.0
11444,CVLAHN,1.0
11445,MYSHI,1.0
11446,IFDVYFG,1.0
11447,WHWKNNEMLF,1.0
11448,AVFYQ,1.0
11449,CSEWYTK,1.0
11450,YFGLWYCVL,1.0
11451,TIVCVHWCMH,1.0
11452,HTCMFPVHGS,1.0
11453,KLIDRFNY,1.0
11454,YHHPAVMIW,1.0
11455,YNATVCITYF,1.0
11456,LHGWP,1.0
11457,MYMITM,1.0
11458,FWMQYDPNPI,1.0
11459,FHMMPDRTQH,1.0
11460,EYFIC,1.0
11461,WYLEPMWT,1.0
11462,NLPFP,1.0
11463,YKWEV,1.0
11464,DCRHYY,1.0
11465,FELFPTC,1.0
11466,CIYKCYIVWW,1.0
11467,VLMVILHY,1.0
11468,FFPRMSNS,1.0
11469,MHEHIPFV,1.0
11470,NGWHR,1.0
11471,YATTWWAHW,1.0
11472,VETLHF,1.0
11473,EPWKLWH,1.0
11474,THCHITEIYR,1.0
11475,NDYIYLYYER,1.0
11476,YFVKDTF,1.0
11477,KHIWTINDHH,1.0
11478,YLVTC,1.0
11479,TPWKFHPHH,1.0
11480,WTYYADMI,1.0
11481,HWLIN,1.0
11482,VMQSWA,1.0
11483,SKLLF,1.0
11484,NQWFQ,1.0
11485,SNYIHQCT,1.0
11486,IIMPWTPHM,1.0
11487,HKTYI,1.0
11488,EVSIFFMW,1.0
11489,WSDIC,1.0
11490,EWKCM,1.0
11491,MEFHDYWYFT,1.0
11492,WQTMCWTC,1.0
11493,AWHQG,1.0
11494,HAMYH,1.0
11495,HRESSW,1.0
11496,FQWTPELYIT,1.0
11497,VYETHV,1.0
11498,RWLTRY,1.0
11499,LFQLHFF,1.0
11500,MVHKIC,1.0
11501,HWWPWWTW,1.0
11502,GCFMH,1.0
11503,WDFMTT,1.0
11504,WAFDR,1.0
11505,FFPIGLN,1.0
11506,WCHWL,1.0
11507,WLYQE,1.0
11508,EYPCVHHM,1.0
11509,KAWNQVWCLY,1.0
11510,CWLTIHSC,1.0
11511,CNYMIY,1.0
11512,PYQVEVF,1.0
11513,EVFWPWWTCP,1.0
11514,YQWNIGLWMF,1.0
11515,LHHLY,1.0
11516,WVQDYF,1.0
11517,WQFKYS,1.0
11518,MDWKNVIVHS,1.0
11519,FYVRIC,1.0
11520,PCFWC,1.0
11521,YFLWR,1.0
11522,HIYGNDF,1.0
11523,WVGIG,1.0
11524,LVWWGYYPP,1.0
11525,WDLCWKD,1.0
11526,TSNCH,1.0
11527,RWCEEFFWP,1.0
11528,YDRFWQHW,1.0
11529,FIAIKH,1.0
11530,VWTPSCFC,1.0
11531,HVILYWRWKD,1.0
11532,LNAWCYVHGY,1.0
11533,LGHQLYYGF,1.0
11534,MIHFYC,1.0
11535,YIITLN,1.0
11536,QYYPIC,1.0
11537,HFVNM,1.0
11538,GGFLIWY,1.0
11539,PPKTH,1.0
11540,VHCWEWC,1.0
11541,MWCWDFQ,1.0
11542,KIRCNCTIWF,1.0
11543,PSWWA,1.0
11544,RIFWDTLM,1.0
11545,TRWAFFG,1.0
11546,MPCTWDM,1.0
11547,MYPRDW,1.0
11548,CTHCDCRVAW,1.0
11549,DFQKWS,1.0
11550,PPIIRDYWHC,1.0
11551,NPPYP,1.0
11552,RCHPF,1.0
11553,TWWNFLLIDG,1.0
11554,NVFFVLHGYI,1.0
11555,YYLDQ,1.0
11556,WYKKP,1.0
11557,WHTYQFMDNF,1.0
11558,NIWKG,1.0
11559,MPLAWWG,1.0
11560,VVYMETL,1.0
11561,WHADIFF,1.0
11562,NHWQWY,1.0
11563,WDKFPY,1.0
11564,YVGYW,1.0
11565,FCTIFY,1.0
11566,GTILV,1.0
11567,YCTMM,1.0
11568,NTMEGFW,1.0
11569,YGMFLMSYID,1.0
11570,LKWTF,1.0
11571,GKFHFF,1.0
11572,IRILMWH,1.0
11573,MMQHV,1.0
11574,TDRFYNCCYK,1.0
11575,TFAASAVLYY,1.0
11576,CSCTLVNYAY,1.0
11577,YPYIQI,1.0
11578,PRTMF,1.0
11579,QYIKE,1.0
11580,PNHGLW,1.0
11581,DIHCYF,1.0
11582,PHWWR,1.0
11583,WRMNHLPHLM,1.0
11584,FHRSVTF,1.0
11585,DCTSLWMHKY,1.0
11586,NLIGWF,1.0
11587,HMKAPF,1.0
11588,PAYVAMGLWW,1.0
11589,TGYTTLPWTM,1.0
11590,DVFRMIY,1.0
11591,NLNWC,1.0
11592,MGIQQWW,1.0
11593,QQFWMQV,1.0
11594,DTIMFGYWLM,1.0
11595,PHAYV,1.0
11596,IWNLT,1.0
11597,TYLWEAWREW,1.0
11598,VNHMHFH,1.0
11599,FMTGL,1.0
11600,CCSYI,1.0
11601,ITCFHEY,1.0
11602,YYSSWLLLCM,1.0
11603,NCISHS,1.0
11604,MPQWQEF,1.0
11605,WHILPIWK,1.0
11606,VWEYCPWEMS,1.0
11607,IPWCE,1.0
11608,PDFFRQI,1.0
11609,NIWCGT,1.0
11610,WKIELFHT,1.0
11611,KDQWP,1.0
11612,IVFQKH,1.0
11613,HMYLKL,1.0
11614,KHLPIH,1.0
11615,SPSFLCFDMY,1.0
11616,FWNYWA,1.0
11617,ALMSL,1.0
11618,LLTWDPW,1.0
11619,RYFQCAYCHM,1.0
11620,FFFWWFPV,1.0
11621,WVPTKFHI,1.0
11622,VYSRWG,1.0
11623,WYPISWIF,1.0
11624,PYLKYP,1.0
11625,AMFLE,1.0
11626,IISFPRTW,1.0
11627,SWETIYHM,1.0
11628,WSCYFL,1.0
11629,CFQSFTH,1.0
11630,SSLVLWLI,1.0
11631,KQPEFGWF,1.0
11632,LKDHW,1.0
11633,WSGWPGPIYW,1.0
11634,VPFEY,1.0
11635,VWWTLQ,1.0
11636,PYLWTYKNMF,1.0
11637,WFPVDY,1.0
11638,MTPSYCDF,1.0
11639,CKMFH,1.0
11640,TGNWFYL,1.0
11641,PPIYHK,1.0
11642,GNFIHL,1.0
11643,RDTYIPVW,1.0
11644,SAWKCVHLY,1.0
11645,LSWCE,1.0
11646,YVVPW,1.0
11647,IIWQDL,1.0
11648,CDCSF,1.0
11649,SIWVALVLL,1.0
11650,EHIHVYPKFM,1.0
11651,PYKEYY,1.0
11652,IMISYW,1.0
11653,VFSDMH,1.0
11654,HWCWLFKHID,1.0
11655,IMHKV,1.0
11656,CQPTSKWAEF,1.0
11657,HLVRH,1.0
11658,ASFCL,1.0
11659,HMYFPDEGIW,1.0
11660,FMGMNAWPNY,1.0
11661,EYPRI,1.0
11662,MPSKWHGYSY,1.0
11663,KTVWQ,1.0
11664,TTVVDW,1.0
11665,AHYPA,1.0
11666,WMVFFCP,1.0
11667,WEISWNC,1.0
11668,QYYLF,1.0
11669,YQGIFY,1.0
11670,LKCYFELAW,1.0
11671,TSWCN,1.0
11672,PVWMR,1.0
11673,EWIFLG,1.0
11674,KSGIDWW,1.0
11675,WDQYT,1.0
11676,HVAWVE,1.0
11677,TVHHILF,1.0
11678,GQFVV,1.0
11679,PYLPFGKPFV,1.0
11680,SKIPFW,1.0
11681,TWKKLMY,1.0
11682,VSKFAFC,1.0
11683,CYLYTS,1.0
11684,TFMTYM,1.0
11685,NFHAWM,1.0
11686,RPSMESWL,1.0
11687,VQMWM,1.0
11688,FAFYNW,1.0
11689,FLMCG,1.0
11690,WLIMTSC,1.0
11691,PAELF,1.0
11692,CYMFPLMC,1.0
11693,VPWHALLC,1.0
11694,CGYVWV,1.0
11695,NYPYRTFWAL,1.0
11696,IYHKGLV,1.0
11697,GYIQF,1.0
11698,TWHRD,1.0
11699,TQCYHHM,1.0
11700,VQFMEYW,1.0
11701,FPSPSR,1.0
11702,EYYPTF,1.0
11703,QPAVYAWP,1.0
11704,FYQPCCFVFT,1.0
11705,CLTKD,1.0
11706,EFSLR,1.0
11707,TLKYQANCLY,1.0
11708,PSICHL,1.0
11709,FAYFQM,1.0
11710,QTHPEWCI,1.0
11711,KFYSICHSYT,1.0
11712,WWREYI,1.0
11713,SGFWDIW,1.0
11714,AITKWI,1.0
11715,HWCYY,1.0
11716,CLHFLS,1.0
11717,KYWFTLM,1.0
11718,WHTIHFYDKV,1.0
11719,EGWCY,1.0
11720,CMFCFEAMWL,1.0
11721,MFPDWACS,1.0
11722,SYVDS,1.0
11723,DWAWMW,1.0
11724,RDHFHMM,1.0
11725,KMKWHLT,1.0
11726,SWSALWC,1.0
11727,YSMVMC,1.0
11728,RYVLNFIQHW,1.0
11729,PYIFDKFW,1.0
11730,RHFCW,1.0
11731,VYWPHYECII,1.0
11732,PQMRMDHWM,1.0
11733,CHTIA,1.0
11734,RLIFW,1.0
11735,RVHWIE,1.0
11736,MFWSD,1.0
11737,YTEMMFL,1.0
11738,PFPLYLVW,1.0
11739,YGEIF,1.0
11740,MEWHPPMFYK,1.0
11741,FFQVLEW,1.0
11742,QKQDFWLVIY,1.0
11743,PVMVFGCLMY,1.0
11744,IQMSVLWWEP,1.0
11745,KMQEWWYCPH,1.0
11746,GVMHSP,1.0
11747,FEFVCSSCYL,1.0
11748,WGFTI,1.0
11749,WVADWYK,1.0
11750,HMYKS,1.0
11751,NDCYF,1.0
11752,SRHCASWYES,1.0
11753,NEYKSVFFLW,1.0
11754,TYCYGI,1.0
11755,IPCTICI,1.0
11756,HWWNYSFRHA,1.0
11757,TYGWQ,1.0
11758,YQFILAMWLH,1.0
11759,RTMANYYWYH,1.0
11760,DHCMFWP,1.0
11761,CQRTVYALCW,1.0
11762,RMFNPFVY,1.0
11763,QWDPRCIGWL,1.0
11764,WARWLG,1.0
11765,GTFTWFK,1.0
11766,TQWHD,1.0
11767,WKARSYW,1.0
11768,PIVHT,1.0
11769,YTAFTRY,1.0
11770,LPWFFQPV,1.0
11771,SCCISVMMYI,1.0
11772,VTLWLW,1.0
11773,SEIMVFH,1.0
11774,RSLAGPEYY,1.0
11775,PVNDWC,1.0
11776,YGKSI,1.0
11778,LVLYF,1.0
11779,HAYGRGYMTY,1.0
11780,FSTAFHKP,1.0
11781,DKWVVY,1.0
11782,CLKHGYAYYF,1.0
11783,TFLCDW,1.0
11784,TYMCS,1.0
11785,FMWHGS,1.0
11786,PICIS,1.0
11787,MMVEFY,1.0
11788,CGTLFIVW,1.0
11789,KYTTYS,1.0
11790,FGIHYLWW,1.0
11791,PILWWINM,1.0
11792,EVVFR,1.0
11793,CVIALY,1.0
11794,MQLYT,1.0
11795,MYTNNCCRFH,1.0
11796,MFCFNIV,1.0
11797,DTYCY,1.0
11798,DLCTYFY,1.0
11799,HCHQL,1.0
11800,MFPERWDI,1.0
11801,TLYNM,1.0
11802,CQYLM,1.0
11803,KMPYWWII,1.0
11804,GWFLKFDNY,1.0
11805,YHLIAC,1.0
11806,IVVPYTEVYI,1.0
11807,CHIWYDY,1.0
11808,IIYWKV,1.0
11809,TEGHVCYYHM,1.0
11810,FIDWWK,1.0
11811,TVCVW,1.0
11812,RICYL,1.0
11813,FDHCNIW,1.0
11814,MWHMFVF,1.0
11815,ATVMHTWYYL,1.0
11816,LYAFTN,1.0
11817,DKCSW,1.0
11818,MQNYWWG,1.0
11819,FNWDG,1.0
11820,YHPEH,1.0
11821,MSYPS,1.0
11822,IISKH,1.0
11823,GWYSWV,1.0
11824,DWQYP,1.0
11825,FEKWVF,1.0
11826,WHIMIV,1.0
11827,SEYRN,1.0
11828,KWCPQ,1.0
11829,VVVHHTGYFK,1.0
11830,WAWIKH,1.0
11831,VCEYP,1.0
11832,ETFVL,1.0
11833,TRIHP,1.0
11834,ILHID,1.0
11835,FWEPYLAWNW,1.0
11836,YLPALC,1.0
11837,PYVSKIS,1.0
11838,IPIPI,1.0
11839,VWWQDS,1.0
11840,WDYCIHPCHS,1.0
11841,LFKYHG,1.0
11842,EKWFCHV,1.0
11843,QFYTI,1.0
11844,ITHTNLTCWI,1.0
11845,LVPSWYYRLM,1.0
11846,FPHCWQL,1.0
11847,ACKFFSGDHW,1.0
11848,CSMMF,1.0
11849,KPMECVW,1.0
11850,PWMYH,1.0
11851,CNLDLF,1.0
11852,VHWVY,1.0
11853,WWPSDF,1.0
11854,PYMFSP,1.0
11855,TIHWFPF,1.0
11856,GLCLVF,1.0
11857,RTIQF,1.0
11858,ANYWAV,1.0
11859,FLKWYD,1.0
11860,NHHPCFPF,1.0
11861,CFWDIVHMLH,1.0
11862,IMSHD,1.0
11863,HWINTWC,1.0
11864,SNHKF,1.0
11865,CTWCWWKG,1.0
11866,SRYTPTNHMW,1.0
11867,WPSLR,1.0
11868,PSLFG,1.0
11869,YMREEVWY,1.0
11870,DTFWHCFIQL,1.0
11871,VWMIIKF,1.0
11872,WWCDMLWQ,1.0
11873,DFSHGY,1.0
11874,FLMVRFCECF,1.0
11875,HYIKID,1.0
11876,KDSIF,1.0
11877,WAVWI,1.0
11878,EWFNFK,1.0
11879,VAMGWG,1.0
11880,FIYVG,1.0
11881,FFLGR,1.0
11882,PYYGFML,1.0
11883,WACSF,1.0
11884,PHRMMW,1.0
11885,LYVAN,1.0
11886,PPWMKFEDHP,1.0
11887,FADLFWY,1.0
11888,DYGPYKPW,1.0
11889,PSYWPH,1.0
11890,CVKIRFMW,1.0
11891,YWSVCG,1.0
11892,AHHIC,1.0
11893,SQHSP,1.0
11894,VWYNWWS,1.0
11895,WMHCFGN,1.0
11896,WSHTSF,1.0
11897,HILMFF,1.0
11898,DIPYW,1.0
11899,VNHWME,1.0
11900,IEWFG,1.0
11901,NWHWSWY,1.0
11902,DCWRTGLVIW,1.0
11903,PYVWHM,1.0
11904,NNHYN,1.0
11905,DWSVV,1.0
11906,YCSVVF,1.0
11907,VQVYLI,1.0
11908,MKYIH,1.0
11909,YLWIE,1.0
11910,TVAKFD,1.0
11911,YPNVQKW,1.0
11912,LQSICSANFF,1.0
11913,PTAWL,1.0
11914,ITIPWHLR,1.0
11915,IKELWLSVF,1.0
11916,KFFWPSITWV,1.0
11917,MVILH,1.0
11918,ILYEMSWQNF,1.0
11919,ICEKF,1.0
11920,HNPYCS,1.0
11921,CSHFV,1.0
11922,SSHFTV,1.0
11923,EPFQWW,1.0
11924,MIHLV,1.0
11925,RHFVMVPHRH,1.0
11926,QMCHVVF,1.0
11927,WVSEFMRS,1.0
11928,VWRMVMI,1.0
11929,FTRDFMFNFC,1.0
11930,WRIWNIWV,1.0
11931,YYHDLK,1.0
11932,FFSNSWG,1.0
11933,TFWMWVMRQV,1.0
11934,CMWII,1.0
11935,WPHHA,1.0
11936,WWNTFGW,1.0
11937,WSSQCAW,1.0
11938,QHHFI,1.0
11939,SPGKWC,1.0
11940,VHMLH,1.0
11941,EMWMLS,1.0
11942,FYTRMSS,1.0
11943,CVIICW,1.0
11944,APRWM,1.0
11945,MKYHNF,1.0
11946,CNCFF,1.0
11947,SFMNERFFDF,1.0
11948,HLYQPHIHF,1.0
11949,KEYYK,1.0
11950,CNFHCI,1.0
11951,HKFFQTFQW,1.0
11952,LVGLHSMYVS,1.0
11953,MHILAHRW,1.0
11954,TCHTK,1.0
11955,IPNFMQNVWW,1.0
11956,VRPRFVVFW,1.0
11957,VQTFH,1.0
11958,EICFR,1.0
11959,MIGIKCFLWM,1.0
11960,IKEKEYHMGI,1.0
11961,KWIIGDL,1.0
11962,LVLIP,1.0
11963,YCFWA,1.0
11964,LMEHY,1.0
11965,CWPIY,1.0
11966,GIIWD,1.0
11967,FAQHY,1.0
11968,QNMTW,1.0
11969,WVWCSSHK,1.0
11970,VRHYEII,1.0
11971,FWWEMWFQ,1.0
11972,GIYHVW,1.0
11973,ENYVW,1.0
11974,TTFYT,1.0
11975,VLQWLVFC,1.0
11976,IAHQVW,1.0
11977,SVWVFH,1.0
11978,FPYIFSPLTP,1.0
11979,WWMETK,1.0
11980,YEMWLF,1.0
11981,LCTIHL,1.0
11982,CHPCA,1.0
11983,WGEWHILCCY,1.0
11984,FYNFGIKTWH,1.0
11985,VDKHS,1.0
11986,ELFKMVIHYS,1.0
11987,VKIYDNWYV,1.0
11988,LDHSY,1.0
11989,FTGFCIDRYC,1.0
11990,VWFCSLFW,1.0
11991,WQSLWI,1.0
11992,PPSIAFWKMT,1.0
11993,QFHHYP,1.0
11994,LWTPFF,1.0
11995,SCYWCRYMFR,1.0
11996,NYGCCY,1.0
11997,FYFFHRTH,1.0
11998,GPWAC,1.0
11999,KCWAKDHMAM,1.0
12000,PCLAWCH,1.0
12001,FFNPCYQH,1.0
12002,PSSHI,1.0
12003,VMMSEIYATW,1.0
12004,CDPTRVTWVH,1.0
12005,NWLFRH,1.0
12006,KRYSH,1.0
12007,YAIMVMFMVM,1.0
12008,GHYFW,1.0
12009,KACWW,1.0
12010,HFAEYAVQYY,1.0
12011,TYPPVFIHW,1.0
12012,LWYMAA,1.0
12013,RFRYFY,1.0
12014,KFHSMCEPYS,1.0
12015,IPYVCMGVFE,1.0
12016,MGWQT,1.0
12017,HTYRA,1.0
12018,IWCWWKSG,1.0
12019,ICFICNC,1.0
12020,DPSCYPF,1.0
12021,TWVIQCWN,1.0
12022,QWVNYCSWVH,1.0
12023,KFGVHCP,1.0
12024,RHETW,1.0
12025,FLVMTVA,1.0
12026,YPHFDHYVFK,1.0
12027,TFHMKYV,1.0
12028,HQYCV,1.0
12029,AWMSPP,1.0
12030,FQLMT,1.0
12031,CIHNH,1.0
12032,MLIWRTN,1.0
12033,VHGIVTF,1.0
12034,CHWDH,1.0
12035,CYTLN,1.0
12036,MLKVHT,1.0
12037,LYWDEI,1.0
12038,KTHIC,1.0
12039,GVPWFF,1.0
12040,QYHWP,1.0
12041,CDHVF,1.0
12042,TYIPLNRAWL,1.0
12043,WHCTHKI,1.0
12044,SYMEY,1.0
12045,ISYAAHI,1.0
12046,AVNFW,1.0
12047,QTFFIA,1.0
12048,MWDAMVLWC,1.0
12049,SSFDH,1.0
12050,FQFVST,1.0
12051,PSFLIQ,1.0
12052,GHTFFGI,1.0
12053,KWMMI,1.0
12054,WWLQN,1.0
12055,IVILCL,1.0
12056,AWIPP,1.0
12057,AMVFC,1.0
12058,SWMTCWC,1.0
12059,PPYLWC,1.0
12060,QYFIVEYFIC,1.0
12061,WMVAT,1.0
12062,WPFWPNR,1.0
12063,KCMHFSWE,1.0
12064,PWNLSACYCE,1.0
12065,CWVAE,1.0
12066,TTLSWHIHLL,1.0
12067,MWRNAIQPWW,1.0
12068,HLFYYW,1.0
12069,MGCKWFL,1.0
12070,VWMIHWG,1.0
12071,HWPEHV,1.0
12072,PCFSHLK,1.0
12073,WRTCAICFFH,1.0
12074,WFHMGE,1.0
12075,FWTSAVENGW,1.0
12076,TWWVVHV,1.0
12077,YWVHWN,1.0
12078,DIWGV,1.0
12079,LFWYD,1.0
12080,SILPHPYYT,1.0
12081,YCQKWGVNYI,1.0
12082,AWACGF,1.0
12083,WWVMAYLWE,1.0
12084,EIYKWT,1.0
12085,SILIP,1.0
12086,HTYPW,1.0
12087,PPPWEAMYFC,1.0
12088,SSWPI,1.0
12089,WHLGM,1.0
12090,HLWSSIR,1.0
12091,AHGIYPYQCW,1.0
12092,YGCKGDTWPW,1.0
12093,TWKWPF,1.0
12094,RMWCIVI,1.0
12095,QWLPRFGIFC,1.0
12096,HGRYD,1.0
12097,SFNSPSLWWL,1.0
12098,TYSTNHIC,1.0
12099,MIHCHPV,1.0
12100,VFPEGTFDWY,1.0
12101,IYGSHY,1.0
12102,GRHLW,1.0
12103,AILVICCTFV,1.0
12104,VHTMTF,1.0
12105,YPPWQ,1.0
12106,PYYALEFTNV,1.0
12107,HEWCT,1.0
12108,LLMVNCYQY,1.0
12109,MSFVKSHSWF,1.0
12110,IGHYS,1.0
12111,FRGSF,1.0
12112,FKDSYWF,1.0
12113,QWHQNSIW,1.0
12114,FWIDM,1.0
12115,LTVWTVFWHG,1.0
12116,FWNQW,1.0
12117,MISIWFA,1.0
12118,HYYKT,1.0
12119,SVIYSM,1.0
12120,WIMQFNRFW,1.0
12121,CSTKDY,1.0
12122,FHINPDKMVW,1.0
12123,RLYICL,1.0
12124,MTIWTMWDFV,1.0
12125,YHWLV,1.0
12126,PQFKLY,1.0
12127,SWPTT,1.0
12128,AHHICIMVGM,1.0
12129,WRMFNGFS,1.0
12130,WTQGRFH,1.0
12131,MWNSY,1.0
12132,PWAVNWYDH,1.0
12133,KWCCA,1.0
12134,KTWTTW,1.0
12135,IMSQYHPDW,1.0
12136,HWDIT,1.0
12137,FHKPF,1.0
12138,QSFCVSF,1.0
12139,CAVIRIHTVW,1.0
12140,MIHLCL,1.0
12141,NITFV,1.0
12142,MVPKF,1.0
12143,FEYMR,1.0
12144,IRPFV,1.0
12145,SYHMKHL,1.0
12146,GLYHTH,1.0
12147,WIEHSMC,1.0
12148,FLGWM,1.0
12149,CCFLH,1.0
12150,WVLSDCLHNW,1.0
12151,SPYITT,1.0
12152,TQPNLFF,1.0
12153,WPSWQC,1.0
12154,WYQNLH,1.0
12155,MRVNMQMMTW,1.0
12156,IMYDTWWE,1.0
12157,IMARQWH,1.0
12158,FIVVTSL,1.0
12159,GGLYM,1.0
12160,FQSPSTWSTH,1.0
12161,YVRWH,1.0
12162,IYPYNQTW,1.0
12163,RFLYFCVDP,1.0
12164,FWMFNV,1.0
12165,HWIMAC,1.0
12166,QTLWFV,1.0
12167,LTSIF,1.0
12168,KWCNM,1.0
12169,LRDTFNDYW,1.0
12170,FCPWTQSW,1.0
12171,PFGLWPTCVV,1.0
12172,NARYIW,1.0
12173,LAYPY,1.0
12174,FRDFTG,1.0
12175,YALGNGYCMF,1.0
12176,FCMQMM,1.0
12177,YALWH,1.0
12178,FDYHYY,1.0
12179,TWQFNHF,1.0
12180,KWHCH,1.0
12181,VSEFY,1.0
12182,GQWSIF,1.0
12183,MGFYWHCAIT,1.0
12184,VMVMWY,1.0
12185,FTTFAWTYNL,1.0
12186,WIHTYL,1.0
12187,PKLWEYQWMY,1.0
12188,ATWFCKIF,1.0
12189,FWCYL,1.0
12190,PYGIHKYKFG,1.0
12191,ICWRSW,1.0
12192,CICPWGI,1.0
12193,QFNLYKF,1.0
12194,SHTWY,1.0
12195,WHICIWSLNQ,1.0
12196,IQFID,1.0
12197,CFENW,1.0
12198,LKYLFWAD,1.0
12199,VIFLG,1.0
12200,YLHYN,1.0
12201,MFGIV,1.0
12202,SWWPKFFEGW,1.0
12203,HWYWID,1.0
12204,APWPSW,1.0
12205,FEWNG,1.0
12206,SFCAYV,1.0
12207,WGHRW,1.0
12208,WCCTNH,1.0
12209,WTRDWMAL,1.0
12210,VKIDS,1.0
12211,ASPFI,1.0
12212,MARLVWC,1.0
12213,DKFMCM,1.0
12214,WIMMSL,1.0
12215,TVIEIATFFW,1.0
12216,MIDMWEWIRW,1.0
12217,QRYFIW,1.0
12218,LPTWLNFKCC,1.0
12219,TWHQW,1.0
12220,WTTPHLP,1.0
12221,NTSINLFYLH,1.0
12222,WKKADWYFPP,1.0
12223,TEWMHI,1.0
12224,WTSMII,1.0
12225,WNNSHY,1.0
12226,YEWRPI,1.0
12227,QFLRHD,1.0
12228,GIYWQS,1.0
12229,IFGGWW,1.0
12230,FMQFHH,1.0
12231,AHPCPTKFWP,1.0
12232,TGPIH,1.0
12233,NAWVY,1.0
12234,CNWQFW,1.0
12235,WFVRTC,1.0
12236,MWMMTFS,1.0
12237,EKCWEHYQAW,1.0
12238,NMYFILY,1.0
12239,SWYQM,1.0
12240,AWHWPP,1.0
12241,TAYFP,1.0
12242,VMFCKIT,1.0
12243,KPQFH,1.0
12244,WFSSG,1.0
12245,GHVWN,1.0
12246,EPYKNPHLLW,1.0
12247,NYQFF,1.0
12248,QVPFFYPM,1.0
12249,RYWQWVVIMV,1.0
12250,HFIDVWMH,1.0
12251,CQWIF,1.0
12252,IDIFPW,1.0
12253,RCTFVWHHEW,1.0
12254,HWFRPC,1.0
12255,MHWTL,1.0
12256,MIVCRWNHYN,1.0
12257,WFFVYLGSRP,1.0
12258,HYLFTTC,1.0
12259,FNHMYF,1.0
12260,SWWPCHYFE,1.0
12261,WEERFSIW,1.0
12262,WDVVG,1.0
12263,IACMSNWEHW,1.0
12264,SMLGPHHIIF,1.0
12265,QMWWE,1.0
12266,LWKVWDI,1.0
12267,MSWWNYWLN,1.0
12268,IKFCVCYCYG,1.0
12269,FTGWMY,1.0
12270,WFRLTHPF,1.0
12271,FFFCFRTW,1.0
12272,WSGWYM,1.0
12273,DYVYLS,1.0
12274,IICSW,1.0
12275,GYFGVFIFHH,1.0
12276,SIKWCH,1.0
12277,WGWCVWRYLT,1.0
12278,LGLMWD,1.0
12279,IVTVI,1.0
12280,RVNWM,1.0
12281,WLMEFMC,1.0
12282,IYFVR,1.0
12283,QQGCDFPLWW,1.0
12284,HQLHTF,1.0
12285,LNFVE,1.0
12286,CDVWG,1.0
12287,WFFLD,1.0
12288,MQMWWTFYPQ,1.0
12289,ILSANIPTMW,1.0
12290,YKQKFLHCFP,1.0
12291,DFCRFPIH,1.0
12292,WMGNWIS,1.0
12293,PWMGWTR,1.0
12294,LWGWNDLMNF,1.0
12295,LHWVAWGR,1.0
12296,VWYNMHLELI,1.0
12297,SPIYFSIWGA,1.0
12298,LCCYG,1.0
12299,QVFDHV,1.0
12300,WWMYIFSHGH,1.0
12301,WQAVFCC,1.0
12302,STPFFHSP,1.0
12303,FYWDL,1.0
12304,STWMDLC,1.0
12305,VHYNRTITIC,1.0
12306,DRFSTIWM,1.0
12307,SWMFEIN,1.0
12308,QWYLFN,1.0
12309,NWRYRTWVY,1.0
12310,WWKAAI,1.0
12311,MWIFEYSKRA,1.0
12312,TWMIWI,1.0
12313,EPFHLQFR,1.0
12314,HLSHYH,1.0
12315,QCYSMGCWY,1.0
12316,YIVGL,1.0
12317,LMFIC,1.0
12318,KRYYF,1.0
12319,PYQIYWKYV,1.0
12320,SFYQWMVFIA,1.0
12321,SWWPK,1.0
12322,MSPYRS,1.0
12323,WLPLF,1.0
12324,CFMNWVNFFA,1.0
12325,MTQWF,1.0
12326,VIAPHT,1.0
12327,WVTVINV,1.0
12328,TWSHFWW,1.0
12329,PILYPQ,1.0
12330,IVVMI,1.0
12331,YGCYIF,1.0
12332,VYGQSV,1.0
12333,LHKHW,1.0
12334,TPCVP,1.0
12335,MIQWYSSRMS,1.0
12336,FRPIM,1.0
12337,FNAIT,1.0
12338,WQFKFRYHDY,1.0
12339,PSSNY,1.0
12340,VTPAWFDK,1.0
12341,WDWLRMVTVG,1.0
12342,LPWFCLRG,1.0
12343,SSWNG,1.0
12344,ISPHDW,1.0
12345,CISDCF,1.0
12346,IWCWR,1.0
12347,CKMPSW,1.0
12348,CTIRF,1.0
12349,IFRFFK,1.0
12350,AAIKKTQYHY,1.0
12351,SIYIG,1.0
12352,RGFFTTFWW,1.0
12353,STSSLHDYGW,1.0
12354,QYHDTFW,1.0
12355,VFFHDG,1.0
12356,WHNGWTHGYP,1.0
12357,RYPEWCDY,1.0
12358,TVLHWPIFWH,1.0
12359,LISLWP,1.0
12360,PVTFCII,1.0
12361,WKNARLNPYW,1.0
12362,KFFWP,1.0
12363,IIMGFTLF,1.0
12364,GVLHCEGFFH,1.0
12365,HDLDHTRYWK,1.0
12366,MGFFYRWVDR,1.0
12367,VFFWF,1.0
12368,FVCHVH,1.0
12369,NKHFWMF,1.0
12370,WSIQVH,1.0
12371,HWIYAWPQK,1.0
12372,PNPITF,1.0
12373,CGWATI,1.0
12374,WANSMYHGHW,1.0
12375,DGGLWGQLFF,1.0
12376,FAWWPDKI,1.0
12377,RSVTC,1.0
12378,VMWDWI,1.0
12379,HFLCE,1.0
12380,VLQCVDF,1.0
12381,FNWNMK,1.0
12382,IWQQFC,1.0
12383,PFIFHP,1.0
12384,VIFGYWRIYM,1.0
12385,CPFVLCNIWV,1.0
12386,IGFFPLV,1.0
12387,MPLNT,1.0
12388,VCNNHIS,1.0
12389,FVSFI,1.0
12390,FQHMI,1.0
12391,YHVLVDHVPI,1.0
12392,CHFQAN,1.0
12393,HEYVFYR,1.0
12394,LNCPHYGFYC,1.0
12395,PFQMF,1.0
12396,IHRWQW,1.0
12397,TVTHS,1.0
12398,MIVVQPW,1.0
12399,MGHYNFP,1.0
12400,SYTIS,1.0
12401,NTWVIRYATF,1.0
12402,AHCSMFFY,1.0
12403,TWYVGQL,1.0
12404,AYCNP,1.0
12405,FFYNCGVF,1.0
12406,KHPHPYECWL,1.0
12407,PMSRNYHEHF,1.0
12408,CVHWSS,1.0
12409,YWHVLGW,1.0
12410,IEHHR,1.0
12411,WAGFW,1.0
12412,YGWRTWHT,1.0
12413,RWMSCW,1.0
12414,IVESCLNWFI,1.0
12415,GYGLL,1.0
12416,RWNTP,1.0
12417,SMKPSWTF,1.0
12418,VWATIS,1.0
12419,GYHVEAY,1.0
12420,YTCPNIYTFC,1.0
12421,SLHVYTV,1.0
12422,NLWWAL,1.0
12423,DKIFFWHI,1.0
12424,FKDRHVHWWQ,1.0
12425,HFNVADTYIS,1.0
12426,MHWCFFV,1.0
12427,WLYSN,1.0
12428,GCKPFEIHWI,1.0
12429,MDVDKFRIFH,1.0
12430,VHWHQYFS,1.0
12431,VLSHLQGFMT,1.0
12432,IFPMGFW,1.0
12433,INFFKH,1.0
12434,IGHWE,1.0
12435,WYIFTW,1.0
12436,FMHGPY,1.0
12437,LYFMKD,1.0
12438,WLAWAQQWKW,1.0
12439,CAMADHCFCK,1.0
12440,PSVNL,1.0
12441,YLWIMEM,1.0
12442,HYLIN,1.0
12443,THGCD,1.0
12444,WTQCY,1.0
12445,APWPIRCH,1.0
12446,ICQSMH,1.0
12447,PRHHYA,1.0
12448,HPHRQ,1.0
12449,WTMRE,1.0
12450,PRGDCCF,1.0
12451,DVDKSFSNYF,1.0
12452,QGCITY,1.0
12453,WHYKR,1.0
12454,PVISR,1.0
12455,VLWRI,1.0
12456,KHDHMCF,1.0
12457,KFEDLWH,1.0
12458,GPAYMINYHL,1.0
12459,ASCYYLYCHT,1.0
12460,PQMLQSWW,1.0
12461,HFNIGMLMC,1.0
12462,CACFH,1.0
12463,CIPFA,1.0
12464,MRFINPFI,1.0
12465,VWGWSHEF,1.0
12466,GKPMFLS,1.0
12467,PPWMK,1.0
12468,CPHPWR,1.0
12469,DCFYWFLWRG,1.0
12470,PNCLY,1.0
12471,NWECKHFW,1.0
12472,MHNKIW,1.0
12473,KLWQH,1.0
12474,LVIVHFLCKP,1.0
12475,GGMHY,1.0
12476,PVMHE,1.0
12477,AYDMATFWWG,1.0
12478,WWINFCD,1.0
12479,NFFFRRMCYY,1.0
12480,WAHRVW,1.0
12481,KNPYCC,1.0
12482,AFRHT,1.0
12483,PWVWHFQWMS,1.0
12484,KHICL,1.0
12485,FRRYHEFF,1.0
12486,FTWQLK,1.0
12487,PKFPMV,1.0
12488,EFLLDLF,1.0
12489,AVWSIP,1.0
12490,LDYWQ,1.0
12491,VIQYSCNYTM,1.0
12492,AQTWPC,1.0
12493,KKPMFWTMTL,1.0
12494,FPPQRMEHHA,1.0
12495,HYVYPP,1.0
12496,RHTPYE,1.0
12497,FWVSLNRWVD,1.0
12498,FCWSVIK,1.0
12499,RWPWAVMDCW,1.0
12500,SYVEKT,1.0
12501,VPVWQ,1.0
12502,CCIIL,1.0
12503,YFMHDAPIMI,1.0
12504,VAYQV,1.0
12505,PWVHP,1.0
12506,MRVCSIYS,1.0
12507,QILHYVCCFV,1.0
12508,GDCRY,1.0
12509,CFHSP,1.0
12510,GRIWMI,1.0
12511,ELMIRYLW,1.0
12512,HTLRC,1.0
12513,TVEPHYFL,1.0
12514,WMGPEMHW,1.0
12515,GVHWSRHASY,1.0
12516,IYAIC,1.0
12517,SCSQF,1.0
12518,YHIAF,1.0
12519,TEVYI,1.0
12520,HMPCD,1.0
12521,LGYHTN,1.0
12522,YNHPTF,1.0
12523,MQGFY,1.0
12524,KKYFQ,1.0
12525,ISLYFE,1.0
12526,GWMFGWWMQA,1.0
12527,WVKQDFP,1.0
12528,STEFWK,1.0
12529,SYAIMPWFLN,1.0
12530,GSPTYKHFMC,1.0
12531,VMDCW,1.0
12532,GTITFW,1.0
12533,HVIMKMEF,1.0
12534,KMPCF,1.0
12535,VFCYW,1.0
12536,CWEWQYAH,1.0
12537,DTCKWWYL,1.0
12538,NGFSL,1.0
12539,KVQWFT,1.0
12540,EVWTWMQF,1.0
12541,ELTLMY,1.0
12542,FHLVWMYLP,1.0
12543,WVCRLMS,1.0
12544,WFQCIMG,1.0
12545,WANQYITWS,1.0
12546,CYPIISC,1.0
12547,NQFIHF,1.0
12548,LAFYYGC,1.0
12549,RCHVD,1.0
12550,YILWLVK,1.0
12551,CHFPQCHR,1.0
12552,RYESH,1.0
12553,FDWAR,1.0
12554,CHFLTGL,1.0
12555,HWPSMMPFG,1.0
12556,WRPFG,1.0
12557,HFIVPRWGQL,1.0
12558,LCKNFS,1.0
12559,FYQFQALDFI,1.0
12560,VLRFWP,1.0
12561,CNMWA,1.0
12562,YCGWIIFIAS,1.0
12563,KWASLHS,1.0
12564,RANPWF,1.0
12565,FCEKWYMF,1.0
12566,TVHRFSFHER,1.0
12567,YWQLEKYR,1.0
12568,CPPGCHWYR,1.0
12569,IRNHH,1.0
12570,YVHRWTWMLE,1.0
12571,IRWVT,1.0
12572,GSEWF,1.0
12573,YNQWV,1.0
12574,TYMEM,1.0
12575,CHAFH,1.0
12576,LYVANTVMWE,1.0
12577,MCFWI,1.0
12578,TTCFAHWALY,1.0
12579,MKHQY,1.0
12580,WSYHG,1.0
12581,IRGPWVMFSG,1.0
12582,IMQHM,1.0
12583,TTHLHPPI,1.0
12584,CSMFP,1.0
12585,TFRYKD,1.0
12586,FLHTH,1.0
12587,FLKRFSHWG,1.0
12588,SNGRFFP,1.0
12589,ICEFSWWGN,1.0
12590,VLWCD,1.0
12591,WKHDMMG,1.0
12592,KHYIN,1.0
12593,WLTLIKEC,1.0
12594,WEKTHM,1.0
12595,PIVSH,1.0
12596,MPFLGSM,1.0
12597,WIWYGE,1.0
12598,YFSNKW,1.0
12599,GGMYW,1.0
12600,NHHTW,1.0
12601,NPFDLVYNH,1.0
12602,RVFVGIYAF,1.0
12603,IQIACGCFII,1.0
12604,YVSCIFINM,1.0
12605,EQWLC,1.0
12606,NWECIMF,1.0
12607,TGVFL,1.0
12608,LHHQTTPAQY,1.0
12609,VMLQIWN,1.0
12610,QSFHNTW,1.0
12611,KHDECGCTYL,1.0
12612,FYDECY,1.0
12613,CNWTFTW,1.0
12614,WVNHFN,1.0
12615,PTAQWVW,1.0
12616,YPVEWMFR,1.0
12617,SLIRRMPGYW,1.0
12618,HSFHHM,1.0
12619,CTSWD,1.0
12620,ILYGH,1.0
12621,EKFKSYFIC,1.0
12622,GWHLPCYAW,1.0
12623,KWMMS,1.0
12624,QKKSDQHFYT,1.0
12625,YLAWNFKLML,1.0
12626,MCKSY,1.0
12627,FAWWWQL,1.0
12628,IDDWHYL,1.0
12629,PPSGYDC,1.0
12630,PPWCPMCM,1.0
12631,MWDKWHTMSD,1.0
12632,CSVRFLGLW,1.0
12633,WVDWFDVKV,1.0
12634,CDFHH,1.0
12635,FPAFWSGY,1.0
12636,HCKPFSWLF,1.0
12637,IWVPL,1.0
12638,YCLFQKT,1.0
12639,RWSLYCCTP,1.0
12640,HNMCPL,1.0
12641,DISYK,1.0
12642,YFPLR,1.0
12643,KIMHVV,1.0
12644,QWVNY,1.0
12645,VEYVM,1.0
12646,IYGLNYRHV,1.0
12647,KGFNIW,1.0
12648,FLWATTMNL,1.0
12649,NNYWK,1.0
12650,VTCIL,1.0
12651,MLVCG,1.0
12652,MMGNCDMFYW,1.0
12653,QEWKRMCYSH,1.0
12654,FSGRHP,1.0
12655,CFSHCCMFMQ,1.0
12656,FLLCSCW,1.0
12657,HKSIV,1.0
12658,DVWCVKY,1.0
12659,NVMWGKGQYS,1.0
12660,KQECFF,1.0
12661,YSYRVYGMIM,1.0
12662,YWAAF,1.0
12663,WPQYH,1.0
12664,KFSHIFEMIL,1.0
12665,FFFCMCT,1.0
12666,SCVDHR,1.0
12667,VHESLWL,1.0
12668,YSLLWR,1.0
12669,DYWVPH,1.0
12670,MLYRN,1.0
12671,TWSTH,1.0
12672,YYNYIY,1.0
12673,IHWLQHV,1.0
12674,WIPMQNGSHT,1.0
12675,FMFMCWGMGW,1.0
12676,PWTMHGCDF,1.0
12677,HCSNY,1.0
12678,VMLWEPLDWF,1.0
12679,RWINKLYEGY,1.0
12680,EGRWY,1.0
12681,DLPWGFK,1.0
12682,FWRMPCW,1.0
12683,YFWAAC,1.0
12684,VQMYTG,1.0
12685,WFAPTEDSMF,1.0
12686,MMLCPFP,1.0
12687,VYNIRYVW,1.0
12688,FWFRP,1.0
12689,VCMDHSHHTT,1.0
12690,VRMFF,1.0
12691,FATTQY,1.0
12692,HTCLSFR,1.0
12693,AHFPSV,1.0
12694,VYKYVALTFS,1.0
12695,EWWRN,1.0
12696,HERALF,1.0
12697,KALPHYDL,1.0
12698,YAREFP,1.0
12699,WMQHSY,1.0
12700,YWLKIG,1.0
12701,MLPKIWIQ,1.0
12702,YWSTHYESRI,1.0
12703,KHFEDL,1.0
12704,DYWKLY,1.0
12705,FWCPTHAVY,1.0
12706,KNVLFLEWIE,1.0
12707,HASRCW,1.0
12708,INVVYD,1.0
12709,KWIECM,1.0
12710,AKIYV,1.0
12711,VLHSLWG,1.0
12712,ALETCFYFP,1.0
12713,YIFQEWY,1.0
12714,MSMKF,1.0
12715,LNFGPKWYLG,1.0
12716,LEMKKIIWDW,1.0
12717,SGNGFWC,1.0
12718,PGMYY,1.0
12719,ILEVFMYIM,1.0
12720,WVSFTNMMSI,1.0
12721,WWIQFYC,1.0
12722,FKRPWEVETC,1.0
12723,SPPSH,1.0
12724,VSWPLMLH,1.0
12725,LFYIPW,1.0
12726,VNWYY,1.0
12727,YCIPTFQYNF,1.0
12728,RLPPYF,1.0
12729,PFSQAVWCP,1.0
12730,FIMPDWLKF,1.0
12731,IWTMVLS,1.0
12732,PFDNWK,1.0
12733,FVEPV,1.0
12734,IYCVQMFSYP,1.0
12735,CVHRIMYWQD,1.0
12736,HFCMWGM,1.0
12737,VYKEMLHFS,1.0
12738,CCLSWMW,1.0
12739,ALIYWNIWLT,1.0
12740,KHFWYWFKKW,1.0
12741,ISQKFNF,1.0
12742,HHMKC,1.0
12743,HINAMY,1.0
12744,PFPQCMPW,1.0
12745,RLFHKY,1.0
12746,TVYPIVI,1.0
12747,WVWYV,1.0
12748,YSNFLA,1.0
12749,VIPCMRLH,1.0
12750,ITDKFP,1.0
12751,IYVMM,1.0
12752,QLQWY,1.0
12753,MIWHVYG,1.0
12754,MKMEQWFL,1.0
12755,QWPQIWT,1.0
12756,MTMWLS,1.0
12757,VKHLDMS,1.0
12758,YMINC,1.0
12759,YLYID,1.0
12760,CYAYL,1.0
12761,EFCYLKLLYI,1.0
12762,WFYFMKHG,1.0
12763,PCHEM,1.0
12764,WSMFW,1.0
12765,MFPHPNDVAH,1.0
12766,CQICWDTIQW,1.0
12767,DFCVF,1.0
12768,EIHMFVC,1.0
12769,TWYWSIRNTY,1.0
12770,RFHEW,1.0
12771,WLCRSSF,1.0
12772,PKVLV,1.0
12773,RIFDM,1.0
12774,CIDLWDF,1.0
12775,FNPQYF,1.0
12776,VDGHLLW,1.0
12777,CFPPVGMV,1.0
12778,LYVLFSQF,1.0
12779,HWRKWTF,1.0
12780,SQHLYD,1.0
12781,PEKPY,1.0
12782,IWDPHP,1.0
12783,FSYKEYNHCP,1.0
12784,PYPWWW,1.0
12785,HVYLPFDCRY,1.0
12786,FHHML,1.0
12787,VMMAYS,1.0
12788,CHVHTHM,1.0
12789,WRTCA,1.0
12790,KGYWY,1.0
12791,CCSFMTTMMY,1.0
12792,LFSQILL,1.0
12793,FSWIVHW,1.0
12794,LDCVEYVRWH,1.0
12795,FYREYWMEKG,1.0
12796,SCFNRHYFP,1.0
12797,KVHVIWEP,1.0
12798,VRVEFNL,1.0
12799,SPNLMAW,1.0
12800,PMFYK,1.0
12801,PTLHWVQHCR,1.0
12802,VHFKVVNC,1.0
12803,FRFIL,1.0
12804,YEIYN,1.0
12805,EVCWAW,1.0
12806,NIWCWVAALH,1.0
12807,IRYHKL,1.0
12808,HIIHWE,1.0
12809,FKCGDVIYAI,1.0
12810,VQHQF,1.0
12811,NFNSVCMMYF,1.0
12812,FRNLWWEF,1.0
12813,PSFPVFT,1.0
12814,LMCKDVFA,1.0
12815,LPHNV,1.0
12816,CFPNCWS,1.0
12817,QTTHERHFCW,1.0
12818,IWLCQ,1.0
12819,SCHVFT,1.0
12820,CGQPIGYWNG,1.0
12821,WCMHEKW,1.0
12822,LYHFN,1.0
12823,FHFKWLC,1.0
12824,KDNWTDF,1.0
12825,IFKSHC,1.0
12826,YGMWSRW,1.0
12827,PWSYGS,1.0
12828,KMFNCHGNWL,1.0
12829,WLPWWHAN,1.0
12830,RVGLAWHF,1.0
12831,GNIDW,1.0
12832,KTHLIFHK,1.0
12833,YRYYR,1.0
12834,QGFHI,1.0
12835,SFCWEFA,1.0
12836,WIPPH,1.0
12837,VYFQRT,1.0
12838,SWSIYC,1.0
12839,DICYR,1.0
12840,NCLGW,1.0
12841,HYNKYV,1.0
12842,CKNEWEGHVL,1.0
12843,RVWAEW,1.0
12844,KAWSYY,1.0
12845,LLKFHCVV,1.0
12846,THVEWA,1.0
12847,AQMMWW,1.0
12848,SRHCA,1.0
12849,WLYNL,1.0
12850,RYPWF,1.0
12851,PVHNV,1.0
12852,WINWS,1.0
12853,GVLILT,1.0
12854,SRNSNWW,1.0
12855,TYESFQTWPG,1.0
12856,KCHREWT,1.0
12857,AGHHF,1.0
12858,TYFKIIWHIR,1.0
12859,ICPRKPWFVP,1.0
12860,PHWSFLE,1.0
12861,SYVAGPFYLK,1.0
12862,LYGIM,1.0
12863,YIIPSLM,1.0
12864,TMFGPPC,1.0
12865,LCKFM,1.0
12866,KFKWCT,1.0
12867,WITWRH,1.0
12868,VLQWWASHVT,1.0
12869,RVPDRCGWQY,1.0
12870,HEVFHKP,1.0
12871,HFNPVHDF,1.0
12872,LKFWQVTWHR,1.0
12873,STAIWPTHPF,1.0
12874,TAVFFD,1.0
12875,QIILWT,1.0
12876,FNWWL,1.0
12877,YILDYT,1.0
12878,FHLIF,1.0
12879,REIVRHHW,1.0
12880,WYSCFWVMIL,1.0
12881,WQLLHDQHTV,1.0
12882,MACTMW,1.0
12883,HIQMWWHLIT,1.0
12884,LLIDFWPMF,1.0
12885,NMWAQH,1.0
12886,RAFWC,1.0
12887,NIHFQ,1.0
12888,HVCMSDFFF,1.0
12889,CMNFPYH,1.0
12890,HRWCN,1.0
12891,PVFILEW,1.0
12892,VYFMALGEY,1.0
12893,WHRPGP,1.0
12894,INSSWFDHHN,1.0
12895,RWESAL,1.0
12896,CHGQW,1.0
12897,FLKTSYQNCP,1.0
12898,SNFNWLV,1.0
12899,SFCNRFCRCF,1.0
12900,IQLWDC,1.0
12901,PWVWH,1.0
12902,SLYFGL,1.0
12903,ITGVMFC,1.0
12904,PFEWMC,1.0
12905,DRHIM,1.0
12906,TTPPIFD,1.0
12907,HTAPSTYRIW,1.0
12908,SHPCF,1.0
12909,ITPPI,1.0
12910,SDWPRCL,1.0
12911,KNVTF,1.0
12912,GYMHAFYA,1.0
12913,TPLFQS,1.0
12914,TATGLWTFYP,1.0
12915,NYMCWQTWW,1.0
12916,IVMWCSDL,1.0
12917,QWQNWFN,1.0
12918,CTVEQFAPWH,1.0
12919,LWMHVVLL,1.0
12920,HERYLLKCFV,1.0
12921,EYFQL,1.0
12922,TLIWCSV,1.0
12923,FTGCVCWLNH,1.0
12924,FWMDGYHHRW,1.0
12925,FDLMK,1.0
12926,LTWRTS,1.0
12927,HIFHYE,1.0
12928,ILNCYH,1.0
12929,HYGWFKIEWS,1.0
12930,FGRWYNDY,1.0
12931,KPHNI,1.0
12932,DLKWWYYC,1.0
12933,VWVPADKYV,1.0
12934,CHCHSI,1.0
12935,PMYLEN,1.0
12936,MHNWCI,1.0
12937,MRAWEL,1.0
12938,WNMCFDEF,1.0
12939,MVEYK,1.0
12940,TSFRF,1.0
12941,CWKLD,1.0
12942,CCRHY,1.0
12943,IFGKMWPF,1.0
12944,MFTIEIAYQY,1.0
12945,VGVAKCYYL,1.0
12946,HKEQW,1.0
12947,TNFMM,1.0
12948,TWWTKFATI,1.0
12949,LTYFKR,1.0
12950,IFIFFCNAMW,1.0
12951,EHVQKLFMNW,1.0
12952,LFDLSCSFW,1.0
12953,FYHYDS,1.0
12954,IYHAPWSSLQ,1.0
12955,RDGAWLTWY,1.0
12956,FATDKWC,1.0
12957,LQSPWLCI,1.0
12958,RCPQSFI,1.0
12959,ANFNY,1.0
12960,DHQKW,1.0
12961,LNSFIAGAVW,1.0
12962,GVWWF,1.0
12963,RWPETPTHFI,1.0
12964,TRLFTPWT,1.0
12965,ISNAH,1.0
12966,YTHFNIFH,1.0
12967,VFMHCWYRKM,1.0
12968,QDLLW,1.0
12969,NMCSFT,1.0
12970,SDWCQF,1.0
12971,NIFYR,1.0
12972,GYQLFLDYHM,1.0
12973,CPWCTA,1.0
12974,LTSKW,1.0
12975,YKWHCD,1.0
12976,VYRAI,1.0
12977,KMIAVVWI,1.0
12978,YEKWD,1.0
12979,GCPCWWRDHC,1.0
12980,WHYHPW,1.0
12981,PFSDT,1.0
12982,YLHVD,1.0
12983,WVANA,1.0
12984,YITSGYHHDY,1.0
12985,PIFKI,1.0
12986,LEYYF,1.0
12987,QLNIFWLVHQ,1.0
12988,MGAHY,1.0
12989,HTPSVNI,1.0
12990,QEKHIGFWKC,1.0
12991,IHHEVFWVSK,1.0
12992,LPHLM,1.0
12993,NPPWCC,1.0
12994,YHVFSFF,1.0
12995,SHRFILEDWC,1.0
12996,PIRHE,1.0
12997,YRHMHH,1.0
12998,RMWWSD,1.0
12999,SHSVT,1.0
13000,WGGHT,1.0
13001,SFNCV,1.0
13002,FCRCFSFCNR,1.0
13003,LPHLWE,1.0
13004,GVRMVTCCHY,1.0
13005,LQFMSDSSYW,1.0
13006,HCRMS,1.0
13007,CWWAQTVMKI,1.0
13008,TILFRTW,1.0
13009,WDFAKG,1.0
13010,AIFNYW,1.0
13011,SCPCTIYIL,1.0
13012,RCEYLIVVFR,1.0
13013,YCIPM,1.0
13014,LFYYTYGFM,1.0
13015,YMHEY,1.0
13016,TTMFHQWSNN,1.0
13017,WNCYFH,1.0
13018,KEFPSWR,1.0
13019,ERVGLTFPHH,1.0
13020,FRNAEFYWHK,1.0
13021,PSHVWC,1.0
13022,GFIAPFTKLY,1.0
13023,HVPVIY,1.0
13024,PVCRLHL,1.0
13025,QWWEYFPCAS,1.0
13026,HRRSLWFEHC,1.0
13027,MDWKN,1.0
13028,KVVLSTH,1.0
13029,GTKYYCIM,1.0
13030,MGFFY,1.0
13031,MFPVMVPT,1.0
13032,PFLHFY,1.0
13033,KQPWF,1.0
13034,YHLTYT,1.0
13035,YVHCNA,1.0
13036,PFDNFCFS,1.0
13037,WSLWQNCSRC,1.0
13038,TNSDWF,1.0
13039,LEWFYL,1.0
13040,KFFRPFWST,1.0
13041,TDARDYYCLY,1.0
13042,KFYTSFQ,1.0
13043,KWCPQCWELF,1.0
13044,TLDYVI,1.0
13045,SFFWDE,1.0
13046,FLRCFPSD,1.0
13047,FQSYQNW,1.0
13048,AAVFS,1.0
13049,VMIHGH,1.0
13050,CKRWSILEWH,1.0
13051,HFTHFY,1.0
13052,LTHVCSFWT,1.0
13053,VHNITMPHRF,1.0
13054,IYDCQWG,1.0
13055,MWDWK,1.0
13056,KFHTTALE,1.0
13057,HIKNYY,1.0
13058,LHFITK,1.0
13059,YWARY,1.0
13060,WVHTWQS,1.0
13061,VTDPTLYFS,1.0
13062,ADVKF,1.0
13063,TTSWR,1.0
13064,VQNWYY,1.0
13065,WIITGTCRLH,1.0
13066,FLSLWTVV,1.0
13067,FPHDKC,1.0
13068,TNWWDIVH,1.0
13069,FEKTV,1.0
13070,YSKYLD,1.0
13071,HGWHEF,1.0
13072,TCFVNIMWG,1.0
13073,WTPGQHTHEM,1.0
13074,MDHFCC,1.0
13075,DKCFWV,1.0
13076,MWCMVRVVYE,1.0
13077,NKCWYNH,1.0
13078,YNATV,1.0
13079,QIQIFWF,1.0
13080,CPPLQWHPC,1.0
13081,WSHFQ,1.0
13082,NERHH,1.0
13083,FLYHWKFYQS,1.0
13084,SEVWG,1.0
13085,YHEWWM,1.0
13086,IVHLTGWCPN,1.0
13087,IFTRI,1.0
13088,CLWMLEH,1.0
13089,PFSPGIHFCY,1.0
13090,KTFAP,1.0
13091,MLSQPFQWY,1.0
13092,LTMVY,1.0
13093,SWPQYCLIKV,1.0
13094,NTWCV,1.0
13095,SFSTPMHV,1.0
13096,VDKVIH,1.0
13097,MLHRY,1.0
13098,LEYQFLWM,1.0
13099,RLWMV,1.0
13100,ETTMFWWK,1.0
13101,VCYVSE,1.0
13102,HAFREHPWAI,1.0
13103,VLALTIA,1.0
13104,TGYFKVVVHH,1.0
13105,SPSKWT,1.0
13106,FMTEMWV,1.0
13107,SKMWN,1.0
13108,PKTFRFW,1.0
13109,CHPCALGGMC,1.0
13110,IGSVALYS,1.0
13111,WVADTWLLK,1.0
13112,YYDRKKIWCL,1.0
13113,WAFDVHF,1.0
13114,FSFNM,1.0
13115,EMHHS,1.0
13116,FITPESWS,1.0
13117,ESFPKLYFM,1.0
13118,LHHTM,1.0
13119,VITFIA,1.0
13120,TREVW,1.0
13121,YSLSTTEVRW,1.0
13122,CCFDL,1.0
13123,GWHFLDCYGS,1.0
13124,SPYFQVYFE,1.0
13125,WCYIWW,1.0
13126,WSFQGC,1.0
13127,KPLGLW,1.0
13128,SECEWLMRWW,1.0
13129,CEQSLVW,1.0
13130,NAVYIYWWDT,1.0
13131,PWGFYE,1.0
13132,YCRPWHDC,1.0
13133,VTTLG,1.0
13134,MKIYKWI,1.0
13135,TKMWNMMW,1.0
13136,DYFQS,1.0
13137,AIPHFNLVFQ,1.0
13138,MKEKYFYMC,1.0
13139,FMLPV,1.0
13140,HTLFFHCL,1.0
13141,VGCLVM,1.0
13142,VDKTHWL,1.0
13143,ITWMY,1.0
13144,VTLYA,1.0
13145,WWCYDLFFDK,1.0
13146,CIMQWP,1.0
13147,CRDLYC,1.0
13148,KIWQQVWSIC,1.0
13149,LCYSCLI,1.0
13150,GWTKF,1.0
13151,QHRFLFSP,1.0
13152,FLWSQY,1.0
13153,GYVIFYHHVN,1.0
13154,FHFVVHMT,1.0
13155,HLVHWVF,1.0
13156,NWIFA,1.0
13157,FHDTR,1.0
13158,DGWYLRCYKF,1.0
13159,FNHHWLR,1.0
13160,WKVFFWKY,1.0
13161,CPYDCCNYCH,1.0
13162,WAHDRMWANW,1.0
13163,FTHHLA,1.0
13164,SSVFV,1.0
13165,IEWFVKHG,1.0
13166,EHPLYFYWDK,1.0
13167,FGKFM,1.0
13168,LTHMLYFLFE,1.0
13169,PYCMC,1.0
13170,GSMNTF,1.0
13171,DIMHFWPVC,1.0
13172,CLSTS,1.0
13173,SPPGYL,1.0
13174,RMVWMLY,1.0
13175,KCMDWML,1.0
13176,KYGFW,1.0
13177,WPFHMD,1.0
13178,WRRMQDWQSV,1.0
13179,CHWSVNTSGF,1.0
13180,NQFFCYHT,1.0
13181,MCSHCYIL,1.0
13182,FPVQFEVQYL,1.0
13183,VYFASV,1.0
13184,WCFTK,1.0
13185,PYHWWGGYA,1.0
13186,KLYDV,1.0
13187,CQMCRFFFDW,1.0
13188,MHHFNNSSCW,1.0
13189,YNAWMPWS,1.0
13190,KHCLT,1.0
13191,FVHAQ,1.0
13192,KAHHQ,1.0
13193,YVSAH,1.0
13194,FILCMLQ,1.0
13195,VSIFMQW,1.0
13196,LCPYIFFQ,1.0
13197,QKHDRYCDFI,1.0
13198,TQNNH,1.0
13199,WPHAH,1.0
13200,LWVHL,1.0
13201,GYCQW,1.0
13202,AWFCGDWS,1.0
13203,GMYND,1.0
13204,LWGREFIV,1.0
13205,HWFWMS,1.0
13206,VVPPP,1.0
13207,CGFSWVHVWP,1.0
13208,TTMTYC,1.0
13209,IWRCLD,1.0
13210,WGPQCFM,1.0
13211,IVWHH,1.0
13212,WQHACS,1.0
13213,MYFRLVLCP,1.0
13214,CFVQL,1.0
13215,CFLPWWH,1.0
13216,FYDWPGKHRV,1.0
13217,FRRYVMDSHM,1.0
13218,FVNPWE,1.0
13219,YTEHHC,1.0
13220,VFMDYVG,1.0
13221,FRMWMLYG,1.0
13222,DMCFFS,1.0
13223,PYICN,1.0
13224,PSVWVYLRQS,1.0
13225,CWRDQVLHIP,1.0
13226,MFFCVDYV,1.0
13227,HAWIPWKII,1.0
13228,KMPLHFAWM,1.0
13229,FFFINHGL,1.0
13230,SGVIP,1.0
13231,LFVFF,1.0
13232,WVLQMI,1.0
13233,NYVGYW,1.0
13234,FLCKPLVIVH,1.0
13235,SMLWY,1.0
13236,NACFH,1.0
13237,FHALMVGF,1.0
13238,CIGMWPF,1.0
13239,WYDMCM,1.0
13240,HTYPWDIYIR,1.0
13241,QIQFHVIF,1.0
13242,FCRCF,1.0
13243,HDYGW,1.0
13244,PMTAY,1.0
13245,YICNSM,1.0
13246,LVLSAHVM,1.0
13247,FDHPH,1.0
13248,KWDQPYI,1.0
13249,WDWMQG,1.0
13250,TRYNS,1.0
13251,LHFSM,1.0
13252,VLPLNP,1.0
13253,EHRIIHT,1.0
13254,EFHKNYYWLD,1.0
13255,MDYFSEVRPI,1.0
13256,QWIDP,1.0
13257,MMKAKHHIVS,1.0
13258,IEHHRGQFVV,1.0
13259,FKRYFPSVNL,1.0
13260,LWIVDKTVIP,1.0
13261,NFQVW,1.0
13262,IMGCPSAWW,1.0
13263,QWARYYIHPT,1.0
13264,HPTVHVVGYL,1.0
13265,CLPWKDY,1.0
13266,VWCMMFKHFE,1.0
13267,MWWKWPV,1.0
13268,HRSYE,1.0
13269,FKHQWEKYTS,1.0
13270,HYRIVPYLEY,1.0
13271,SHYFMD,1.0
13272,IWLWWW,1.0
13273,IILITH,1.0
13274,VQVMYC,1.0
13275,HYIHFY,1.0
13276,VIVFLI,1.0
13277,YLRHDT,1.0
13278,TWFLKG,1.0
13279,PIYQT,1.0
13280,LYQVAFTRWA,1.0
13281,GEIIFIW,1.0
13282,PLMWH,1.0
13283,ATFLH,1.0
13284,EPQWILWWKC,1.0
13285,KHDPHY,1.0
13286,AAWVLL,1.0
13287,QLHFKI,1.0
13288,CNVWI,1.0
13289,HSLFIP,1.0
13290,YIIAL,1.0
13291,IIPDFT,1.0
13292,YCWHCT,1.0
13293,PVDPAW,1.0
13294,WACVLMKLY,1.0
13295,TWKTSY,1.0
13296,SFHEYA,1.0
13297,PPYYN,1.0
13298,IMVFGF,1.0
13299,QRMQFLW,1.0
13300,IKLCGLPHHV,1.0
13301,KFVSMCT,1.0
13302,WWVRI,1.0
13303,DNCVYNIVWY,1.0
13304,GVMSKVWPWY,1.0
13305,KFIEY,1.0
13306,HMGMFC,1.0
13307,CFYCNPAHS,1.0
13308,WMMCM,1.0
13309,CGWNAF,1.0
13310,IDWGYCW,1.0
13311,NLMTTQFFPC,1.0
13312,CSMCWHH,1.0
13313,KYELFIM,1.0
13314,PAWMVM,1.0
13315,WEAQYLAHYR,1.0
13316,LWGMIVWQ,1.0
13317,PTCGKHYLSL,1.0
13318,VHWCRP,1.0
13319,VCVNLSMH,1.0
13320,MVNLF,1.0
13321,TCQMEWGIWR,1.0
13322,KPMVS,1.0
13323,IETWWY,1.0
13324,SYRFS,1.0
13325,EAYMFY,1.0
13326,HKGSHCS,1.0
13327,TFGEW,1.0
13328,YVCYPEI,1.0
13329,VTYIHIH,1.0
13330,KIFYHYIIWK,1.0
13331,DFKHDY,1.0
13332,LLKMVHPC,1.0
13333,ELHYF,1.0
13334,HPPHTRMC,1.0
13335,MVFDN,1.0
13336,LHCHADLWW,1.0
13337,CCHPQ,1.0
13338,YSTIY,1.0
13339,LHKGSHYIIY,1.0
13340,YKWMP,1.0
13341,IDHIV,1.0
13342,FISPMDM,1.0
13343,YSVPH,1.0
13344,VTLTI,1.0
13345,KAHHQNHMEW,1.0
13346,PVMHEDRPYL,1.0
13347,WMPTPP,1.0
13348,YLIEYVNMHQ,1.0
13349,VYMQL,1.0
13350,YLEREWL,1.0
13351,SNQFT,1.0
13352,YWESFYVWSV,1.0
13353,WWMDAWGHDC,1.0
13354,CFCMFRKE,1.0
13355,AWIIVL,1.0
13356,LGCPWTS,1.0
13357,CKAIFS,1.0
13358,FWDMYGP,1.0
13359,RFSMVFE,1.0
13360,AWALY,1.0
13361,FDYKVCF,1.0
13362,RWACW,1.0
13363,SNYFQWYKLH,1.0
13364,RFGFWTT,1.0
13365,MPDQFH,1.0
13366,CWEWS,1.0
13367,PPWKGIQFVA,1.0
13368,VHFWSGEFVR,1.0
13369,WVTPRAEWWN,1.0
13370,CFCQCM,1.0
13371,NFHKG,1.0
13372,VSHVNDL,1.0
13373,NGNQFHW,1.0
13374,FWQVDLYFFP,1.0
13375,FDYKV,1.0
13376,LYKAFD,1.0
13377,QFFERWDMPS,1.0
13378,WPACSI,1.0
13379,HIQNFCGWYR,1.0
13380,SFRQWT,1.0
13381,CWRDFQI,1.0
13382,MRWAID,1.0
13383,MPFPNSTKMA,1.0
13384,LQVWVQ,1.0
13385,ILLWGYCN,1.0
13386,HVAYVY,1.0
13387,PMRHC,1.0
13388,GRDLFMFPTY,1.0
13389,EVIAY,1.0
13390,NVFKDV,1.0
13391,MSFRVYT,1.0
13392,QMLWMLELIC,1.0
13393,PWNFQDVRYS,1.0
13394,PKWTWSR,1.0
13395,WPRISAVWW,1.0
13396,SVPIPHEV,1.0
13397,MFQSNC,1.0
13398,ICYFQL,1.0
13399,FSYMKQ,1.0
13400,PILVHCQL,1.0
13401,TTKWV,1.0
13402,WNQAYY,1.0
13403,NCHYNI,1.0
13404,MSTLWVVWCW,1.0
13405,TYTWV,1.0
13406,KFNFC,1.0
13407,NVWTCNFT,1.0
13408,KIFENLS,1.0
13409,RACNWM,1.0
13410,WTTPQ,1.0
13411,EKCRF,1.0
13412,LECFAY,1.0
13413,CTGIS,1.0
13414,ASLTFMY,1.0
13415,QIHRGWC,1.0
13416,WGCIH,1.0
13417,PWYWA,1.0
13418,YEKKMGKWMF,1.0
13419,SQHYRFPF,1.0
13420,FRSQY,1.0
13421,DTWHLIFNM,1.0
13422,GQWLMVGSYS,1.0
13423,ALRFG,1.0
13424,TNPTWFGW,1.0
13425,WCGFHH,1.0
13426,GTMRDFCKF,1.0
13427,CHNCQGIWY,1.0
13428,LPFQMK,1.0
13429,CQLALY,1.0
13430,GYCRHPYISV,1.0
13431,LFCAQS,1.0
13432,SGFFCL,1.0
13433,RSMFNI,1.0
13434,WMTKDMVMC,1.0
13435,PAIANFVWG,1.0
13436,TPEHP,1.0
13437,IYHNCIM,1.0
13438,FYFRAS,1.0
13439,QYYRILGMDW,1.0
13440,GSFPLWWNY,1.0
13441,MFPDHPK,1.0
13442,TCVWPKHVRS,1.0
13443,TWYSCWKIM,1.0
13444,FMFTNKQIKH,1.0
13445,ACIHT,1.0
13446,WWGPQTI,1.0
13447,PQWMMS,1.0
13448,TYSFNPHKI,1.0
13449,HCPPHWQI,1.0
13450,HAWFIHHTST,1.0
13451,FCCFS,1.0
13452,YHKRDM,1.0
13453,LTSLQ,1.0
13454,VHGQQWHDQY,1.0
13455,WTHMC,1.0
13456,QVTPV,1.0
13457,WCSAV,1.0
13458,WVHRRHH,1.0
13459,RQFAW,1.0
13460,DLYRH,1.0
13461,RPHQQFYSFR,1.0
13462,GHHPFAHLRR,1.0
13463,WLDRESW,1.0
13464,TCKWVQECW,1.0
13465,LAYPYVHSVP,1.0
13466,KCYWFKVNYP,1.0
13467,HMFETWGGHT,1.0
13468,WKLEVV,1.0
13469,VPDCKY,1.0
13470,WSFVMAI,1.0
13471,YCGHW,1.0
13472,VMGPVEFTY,1.0
13473,DTHPYHWIYW,1.0
13474,HFCVFD,1.0
13475,SHRFI,1.0
13476,KYAVW,1.0
13477,RFVHP,1.0
13478,LYVVES,1.0
13479,THHIR,1.0
13480,FRQHNW,1.0
13481,RQHYLTI,1.0
13482,YNEIAHTYFY,1.0
13483,HWCEMLVKGK,1.0
13484,NFTAHCNWIE,1.0
13485,LYGFE,1.0
13486,FKVSI,1.0
13487,PIPIFY,1.0
13488,RPCRQWE,1.0
13489,FIPRF,1.0
13490,PPIVVNV,1.0
13491,HARYKPFEF,1.0
13492,WDNHI,1.0
13493,LNWCHCGYIP,1.0
13494,RRDHGSCYI,1.0
13495,MHWYKWE,1.0
13496,SFQYCYRYMV,1.0
13497,CCHPQYNQYS,1.0
13498,SHVSIWNTNY,1.0
13499,ICQGMFQLWI,1.0
13500,KPNTDFVMHR,1.0
13501,IEYRT,1.0
13502,EKRLWVVH,1.0
13503,ILQSMCYNDM,1.0
13504,PYPLDYQ,1.0
13505,IYGDY,1.0
13506,IVVKH,1.0
13507,DLYFEI,1.0
13508,GAYWA,1.0
13509,HMCMYCW,1.0
13510,SQPFFADFMM,1.0
13511,TIYYTCCMGQ,1.0
13512,DLTYCRLTAW,1.0
13513,FFMLV,1.0
13514,ELFNR,1.0
13515,NNVYPF,1.0
13516,IMCWTSP,1.0
13517,TICLA,1.0
13518,RAHGTPHIPY,1.0
13519,GWGDW,1.0
13520,YGPWP,1.0
13521,FCMPTL,1.0
13522,SDILTQLCRH,1.0
13523,LIRWGY,1.0
13524,INFCTTMTLR,1.0
13525,WCTEV,1.0
13526,SIDFWE,1.0
13527,CTFEN,1.0
13528,VWLNDMY,1.0
13529,YKWNIWKDAE,1.0
13530,SITWV,1.0
13531,RIIPYHTYV,1.0
13532,HFWNIWVLD,1.0
13533,TIYYT,1.0
13534,HTWTGTKY,1.0
13535,SECMYH,1.0
13536,NIWYIV,1.0
13537,IWWWDSVFAW,1.0
13538,VDMQWKWV,1.0
13539,YCPFEWPYV,1.0
13540,LCCISW,1.0
13541,PRVVVFGRHI,1.0
13542,CMWNYVQVDW,1.0
13543,WIVISCWE,1.0
13544,IFVNNAFIAS,1.0
13545,SDLCKGELW,1.0
13546,PFMQWS,1.0
13547,HEWREY,1.0
13548,NAVRHMMTAW,1.0
13549,LHQCSRVWQS,1.0
13550,VGMWSDST,1.0
13551,HGKLMWFK,1.0
13552,ASLVL,1.0
13553,YFWWQDCE,1.0
13554,HTQNMW,1.0
13555,WHFEM,1.0
13556,FAQIGGIF,1.0
13557,WPSLRTGIFM,1.0
13558,HWIIVLALT,1.0
13559,WVYTCRMVSD,1.0
13560,MGRHNH,1.0
13561,QYYYMIWYAG,1.0
13562,FCFWM,1.0
13563,FFKPSFF,1.0
13564,WAHYKGCWI,1.0
13565,GFNATVYFC,1.0
13566,MHLLM,1.0
13567,FLNYNLYIPP,1.0
13568,LIKHLA,1.0
13569,CTMKF,1.0
13570,CTWCYIHWK,1.0
13571,AIFTHMWN,1.0
13572,ICNPWE,1.0
13573,GMRMMHC,1.0
13574,HCWGCFFAT,1.0
13575,CEWGRC,1.0
13576,FFSQP,1.0
13577,IVFCEPMTAY,1.0
13578,RKETLWD,1.0
13579,KQPHEHQHKV,1.0
13580,PNYWTI,1.0
13581,PHVMNFL,1.0
13582,KQWFDVPFWQ,1.0
13583,LTCVLHSIAL,1.0
13584,FAPLCYGI,1.0
13585,LMGWC,1.0
13586,YLPMWWTV,1.0
13587,KLCWKDWRYI,1.0
13588,KVHCT,1.0
13589,HMASVYQFN,1.0
13590,RSGICH,1.0
13591,RWWVR,1.0
13592,LYTKY,1.0
13593,THSIVVNRY,1.0
13594,IGYDF,1.0
13595,HMRCVPM,1.0
13596,TFVVFVPCKM,1.0
13597,RIHEPGSHYE,1.0
13598,TKYVNAHQNC,1.0
13599,NYHWPA,1.0
13600,PRKDCIWMW,1.0
13601,HTLLSKKYYS,1.0
13602,CYYESVSLV,1.0
13603,AKTCLWDLF,1.0
13604,WKPIYYPWMG,1.0
13605,SFIAMIQHFF,1.0
13606,TGMMEY,1.0
13607,CWCAS,1.0
13608,FYYQEKRPYT,1.0
13609,SPNFKCT,1.0
13610,FMSKVCNW,1.0
13611,CWVDT,1.0
13612,IRSMNVH,1.0
13613,FQPRWWHRYI,1.0
13614,FHPFH,1.0
13615,KHTGS,1.0
13616,MSPQSFLP,1.0
13617,MISSM,1.0
13618,SFDDKRY,1.0
13619,YYIVGP,1.0
13620,MIVYT,1.0
13621,YITIFNIDL,1.0
13622,IGHHYW,1.0
13623,FPKMTNM,1.0
13624,KFASS,1.0
13625,RVIPHW,1.0
13626,LFQGMWKYAQ,1.0
13627,IGAFY,1.0
13628,RAFAI,1.0
13629,QVAWMM,1.0
13630,TRWNHH,1.0
13631,TCLMA,1.0
13632,HEWCFI,1.0
13633,FIQFHNKD,1.0
13634,HFEFT,1.0
13635,NICFMPVWDP,1.0
13636,YHPHGSWMR,1.0
13637,KNHPVDVH,1.0
13638,ICKWR,1.0
13639,WDLSKEPWTQ,1.0
13640,DTSGW,1.0
13641,CPVKWV,1.0
13642,CWDNLV,1.0
13643,CAKSGY,1.0
13644,IKLIL,1.0
13645,QREFFSYS,1.0
13646,YFKILR,1.0
13647,WLPSWLCYER,1.0
13648,HIQWAGVVYT,1.0
13649,FWCDRLET,1.0
13650,FREIMEAWSD,1.0
13651,PMFSPWI,1.0
13652,NVWWQLHP,1.0
13653,RMLYRISEHI,1.0
13654,SIFFGMCC,1.0
13655,VSTIKH,1.0
13656,WPDHAVKPFM,1.0
13657,YASQWQ,1.0
13658,HPYQNDWEF,1.0
13659,IVDGYMF,1.0
13660,LYYIE,1.0
13661,CSTEY,1.0
13662,KVSTGFFTD,1.0
13663,LWFIAP,1.0
13664,PFKDMFWPD,1.0
13665,SWKCYQDQHP,1.0
13666,WRWETTH,1.0
13667,HPYVSG,1.0
13668,IKCFWQS,1.0
13669,YYLWPS,1.0
13670,PWMVWW,1.0
13671,EGCYL,1.0
13672,TSCLKC,1.0
13673,LIVFA,1.0
13674,EHMSSIYIFK,1.0
13675,MFCVWINGIS,1.0
13676,SYLFDRSWL,1.0
13677,TDNWPRI,1.0
13678,QDVFK,1.0
13679,SFKSE,1.0
13680,CWMAN,1.0
13681,KSGFIYMYWS,1.0
13682,QCWSTPPFNC,1.0
13683,IVHGG,1.0
13684,HCFFLNPWMA,1.0
13685,PHTRTCVH,1.0
13686,FPRVQSM,1.0
13687,VWGGYMDGRL,1.0
13688,WSSINTTKWA,1.0
13689,HHSVWV,1.0
13690,IVNWIRA,1.0
13691,SRIYWVDM,1.0
13692,FPPNWDGIG,1.0
13693,KPDYIC,1.0
13694,MPFMAHH,1.0
13695,YYEDWVRTFH,1.0
13696,CYCYG,1.0
13697,CEVWCLRV,1.0
13698,LILQFYQAWC,1.0
13699,LHPIS,1.0
13700,CPEWWAYCW,1.0
13701,FAEIY,1.0
13702,MGRGMYTTWS,1.0
13703,FNVILCH,1.0
13704,MYCNFDHFYR,1.0
13705,CKYQQM,1.0
13706,KKYDLCLRQW,1.0
13707,WRPQTSWF,1.0
13708,YIDQKC,1.0
13709,YGRWHQ,1.0
13710,PQGIIPCW,1.0
13711,WMRVCWQA,1.0
13712,REYPMAHMEI,1.0
13713,TPWILQT,1.0
13714,HMWPYT,1.0
13715,QHPDNYMHYH,1.0
13716,QHCFY,1.0
13717,KSRLAYCSAY,1.0
13718,SCYDRWPCS,1.0
13719,WAHQYSYYEQ,1.0
13720,YWPSHYTFWV,1.0
13721,RSPHT,1.0
13722,GFHKFL,1.0
13723,CWQVWT,1.0
13724,LHHFKHIR,1.0
13725,AEMWLFTWVI,1.0
13726,PDWYFKRNWD,1.0
13727,NHYNY,1.0
13728,RAAWC,1.0
13729,NVWVNTMAFM,1.0
13730,GVCIDCVW,1.0
13731,HNGWQ,1.0
13732,MHFRN,1.0
13733,FQKETF,1.0
13734,KSFFA,1.0
13735,INFTLYFYCV,1.0
13736,HFMMHP,1.0
13737,GWAEY,1.0
13738,WPLVE,1.0
13739,KKDNVW,1.0
13740,LSKFHQKYC,1.0
13741,VSTLT,1.0
13742,SIIVWFWCSG,1.0
13743,STDHY,1.0
13744,RHDKV,1.0
13745,FRFRCG,1.0
13746,WNNVG,1.0
13747,SWPFP,1.0
13748,FWVDW,1.0
13749,IHMHGHIS,1.0
13750,WMFGL,1.0
13751,FISFK,1.0
13752,WVKQETFCL,1.0
13753,LYYVLNCSY,1.0
13754,RHNETFFL,1.0
13755,KHWVW,1.0
13756,QDHSKW,1.0
13757,STVRITETW,1.0
13758,MIHVDKLWN,1.0
13759,CCYYVNVDL,1.0
13760,MLLSMWMC,1.0
13761,YTDIW,1.0
13762,LLVLG,1.0
13763,MIAHYKYDH,1.0
13764,NNSNH,1.0
13765,IMHASN,1.0
13766,PSWWL,1.0
13767,MSASPHW,1.0
13768,WNQGLHI,1.0
13769,DWTILIR,1.0
13770,DWLIKWV,1.0
13771,YIVDI,1.0
13772,VYILTP,1.0
13773,FSRYVWG,1.0
13774,YIRFC,1.0
13775,YFGQH,1.0
13776,DKIKSF,1.0
13777,LQYWNHRVSV,1.0
13778,KYDYPVHNW,1.0
13779,FTLWID,1.0
13780,MHSHHFG,1.0
13781,QDQYHYFF,1.0
13782,ECYVPII,1.0
13783,KMEWMPTPKL,1.0
13784,RNDVCW,1.0
13785,GMVPGYV,1.0
13786,LLIQLKMCF,1.0
13787,VWSKTEP,1.0
13788,FHRVT,1.0
13789,LCGHRS,1.0
13790,YDEFF,1.0
13791,AYTKLHHW,1.0
13792,SMWQDI,1.0
13793,KYASTGFYDI,1.0
13794,RIWEVGH,1.0
13795,SHLGG,1.0
13796,FYTSP,1.0
13797,EFTNVPYYAL,1.0
13798,PHGWC,1.0
13799,PHYMIFSI,1.0
13800,IPHDMVHH,1.0
13801,WGLQYR,1.0
13802,SQFDRV,1.0
13803,TVYWNL,1.0
13804,WVFVCQT,1.0
13805,WEYTRMFVVP,1.0
13806,CRPYYYMKCC,1.0
13807,VHLHHPSL,1.0
13808,KCLWKFF,1.0
13809,IIMRHE,1.0
13810,VSNWGFKMFN,1.0
13811,LWFAQ,1.0
13812,CNWRLH,1.0
13813,WSGGLKC,1.0
13814,TCCHWRV,1.0
13815,PMQHYC,1.0
13816,QIHHN,1.0
13817,LKCFVHERYL,1.0
13818,YWPITTLLEN,1.0
13819,KRTAWTWYWR,1.0
13820,KLQYWM,1.0
13821,YMDWCA,1.0
13822,MNKLFWNL,1.0
13823,FTEHNML,1.0
13824,YDKGVPWHEA,1.0
13825,LPYPKV,1.0
13826,MAWTE,1.0
13827,GYVWCGKW,1.0
13828,GGEWFHI,1.0
13829,RIWIGAFRW,1.0
13830,VCAKHI,1.0
13831,WPLTWTW,1.0
13832,MQRKTEPWTL,1.0
13833,KLIYQYI,1.0
13834,DFWSFGRGW,1.0
13835,MSLHINQKCF,1.0
13836,QTGIW,1.0
13837,WCKVTNASHI,1.0
13838,TRFTHCPV,1.0
13839,WCEIY,1.0
13840,NKPEH,1.0
13841,FFRGMF,1.0
13842,LWYVHTTNAC,1.0
13843,YTMRH,1.0
13844,HHVCPWC,1.0
13845,MFFRM,1.0
13846,TVHGYGPFEH,1.0
13847,PFPTAF,1.0
13848,DHPYQK,1.0
13849,LSTWILQ,1.0
13850,RCYIYFL,1.0
13851,DEVSFFWW,1.0
13852,YKDLCV,1.0
13853,VKQADLFW,1.0
13854,RVTKW,1.0
13855,PLWGYREC,1.0
13856,EWITP,1.0
13857,CGPRWPFMF,1.0
13858,KHLYH,1.0
13859,QQHWNIWAFD,1.0
13860,VHYGVVMCMM,1.0
13861,WCSVY,1.0
13862,FGMPPYY,1.0
13863,KGFTD,1.0
13864,IWCWRIVWKI,1.0
13865,ADHKHC,1.0
13866,MLWHK,1.0
13867,TKQHNFVSFL,1.0
13868,IWWVWIKS,1.0
13869,SLINRY,1.0
13870,RVWCVFYE,1.0
13871,TYNDL,1.0
13872,VIMVVTL,1.0
13873,SMTWQ,1.0
13874,REWSYNV,1.0
13875,PVVTDW,1.0
13876,LVRMYTSISS,1.0
13877,PPPGVW,1.0
13878,SHWQSK,1.0
13879,HTVCRS,1.0
13880,VHGQH,1.0
13881,AFLRHW,1.0
13882,TFTSL,1.0
13883,TNIERWH,1.0
13884,HYAAKW,1.0
13885,DNNHY,1.0
13886,PWWIDLEH,1.0
13887,FDTYMN,1.0
13888,HWTSWM,1.0
13889,RTVIT,1.0
13890,CIQWMMP,1.0
13891,GHGEYWW,1.0
13892,WIMVLD,1.0
13893,THCFVS,1.0
13894,FDPKFIF,1.0
13895,IAMWVT,1.0
13896,CRMYDNHWCE,1.0
13897,NLFIWQD,1.0
13898,QLEWT,1.0
13899,VNQMWG,1.0
13900,RFNTSQHSDF,1.0
13901,IPVFHAPLV,1.0
13902,LHNNM,1.0
13903,HYTPV,1.0
13904,FTHCLY,1.0
13905,SSQGW,1.0
13906,IECKFWNGPK,1.0
13907,FQITI,1.0
13908,PCLFGFISSD,1.0
13909,DFIPAHL,1.0
13910,GDHINCFLN,1.0
13911,CWFHWYLGS,1.0
13912,SLFSF,1.0
13913,RDFYHS,1.0
13914,LWWELFM,1.0
13915,MFIAHM,1.0
13916,SWRYNFDM,1.0
13917,TTDYV,1.0
13918,NHIYWASIWM,1.0
13919,SMWGE,1.0
13920,IWFTLSMVC,1.0
13921,SSVYVEIVFT,1.0
13922,YILAWQIIET,1.0
13923,CQMWSIIKIT,1.0
13924,GSNLNKFW,1.0
13925,QMIIMYWFQ,1.0
13926,HGIWHYNIRK,1.0
13927,IMSCD,1.0
13928,GFACC,1.0
13929,IVKCQAWIAC,1.0
13930,YGEWSCI,1.0
13931,YYFVWWYTQ,1.0
13932,EYNYFPFI,1.0
13933,VWAWYGI,1.0
13934,THLGH,1.0
13935,GWFFNFL,1.0
13936,IPIPIVTIIP,1.0
13937,IKCFPHS,1.0
13938,LHNCKY,1.0
13939,DILHRNHYM,1.0
13940,VIGWCGWLS,1.0
13941,FISHWS,1.0
13942,LHHYW,1.0
13943,ERFHWHFG,1.0
13944,PTPPWKN,1.0
13945,TTYNRFE,1.0
13946,VHWHWDH,1.0
13947,YIPTAPFC,1.0
13948,YHWLVVVRKL,1.0
13949,KSWFAQ,1.0
13950,QHSVHFT,1.0
13951,WRFWYKMV,1.0
13952,EMIKPMMCGF,1.0
13953,EIPVYHYAQK,1.0
13954,HRIYD,1.0
13955,SWGAKISTFL,1.0
13956,HELCHNL,1.0
13957,MMCLWHCD,1.0
13958,QVKWSFST,1.0
13959,NVWET,1.0
13960,WQMTVLPE,1.0
13961,HPFWIFGVGA,1.0
13962,HCCDI,1.0
13963,TWNLRVPY,1.0
13964,VRYDEI,1.0
13965,TYFHWKDEFG,1.0
13966,HLRCEI,1.0
13967,HWGMMY,1.0
13968,FSTQK,1.0
13969,IDCMFIFRIN,1.0
13970,THKCPL,1.0
13971,GTPIMWA,1.0
13972,PWWKYL,1.0
13973,WWHSGELLCN,1.0
13974,CWYVHFNH,1.0
13975,KLDWRT,1.0
13976,PSFRDVVELH,1.0
13977,YNIAQY,1.0
13978,SGKWHMVNIS,1.0
13979,YWPVWLLLPL,1.0
13980,LGSPVVY,1.0
13981,TINHQ,1.0
13982,DHWLLIP,1.0
13983,WCVANDIYC,1.0
13984,RDEFS,1.0
13985,QDVFKFNTMF,1.0
13986,PCPMW,1.0
13987,SEFEVLKWHR,1.0
13988,SFKSENWWTW,1.0
13989,RPNTFD,1.0
13990,DCMKRY,1.0
13991,IIRVFYP,1.0
13992,SVHWVIC,1.0
13993,GHEMGYVAWT,1.0
13994,YCWLNITML,1.0
13995,LVCYWIVT,1.0
13996,RMDIGITTYY,1.0
13997,HICMNLMSWH,1.0
13998,QFTHR,1.0
13999,FLFRWVNID,1.0
14000,SVFKWK,1.0
14001,HHHQY,1.0
14002,LLGFNDLW,1.0
14003,YKDETFFIF,1.0
14004,IPMTP,1.0
14005,YFCEWHTMYP,1.0
14006,ARKFY,1.0
14007,HFAWDPLT,1.0
14008,GVWKPF,1.0
14009,CVSIIPMRVY,1.0
14010,VHIGACYA,1.0
14011,TKSWEP,1.0
14012,YCHRPW,1.0
14013,WTSPNNERHH,1.0
14014,GWAEKKW,1.0
14015,ARWVDMMIW,1.0
14016,FGMHIM,1.0
14017,HFIVP,1.0
14018,FLLHENWW,1.0
14019,PEWMQ,1.0
14020,WFSSWGE,1.0
14021,HVGCIVYVNN,1.0
14022,PSPSIRKYLH,1.0
14023,PIHEEWMP,1.0
14024,KVWND,1.0
14025,CYMCHF,1.0
14026,SRPCVWF,1.0
14027,PFRLCEWH,1.0
14028,SVYFVG,1.0
14029,RTVLH,1.0
14030,PFFHNI,1.0
14031,KTFPYHP,1.0
14032,KYFMRTHHET,1.0
14033,FYFKEIANNW,1.0
14034,MHWSDS,1.0
14035,PIRWTRI,1.0
14036,VIRWHISP,1.0
14037,RWFNHDGY,1.0
14038,FANVV,1.0
14039,MQTALWFR,1.0
14040,TKWTVADILM,1.0
14041,IFWDEFWT,1.0
14042,LFMSN,1.0
14043,RAECW,1.0
14044,YWPILE,1.0
14045,YVMMEFTFFY,1.0
14046,QISMLLVSPF,1.0
14047,THWGFWK,1.0
14048,SYHSIPF,1.0
14049,KMHLVT,1.0
14050,QYFFFHST,1.0
14051,ICACGHFNG,1.0
14052,YPMPRYKM,1.0
14053,IEKHQ,1.0
14054,SMVCYG,1.0
14055,AHECFRFNMI,1.0
14056,VFPYSWSYY,1.0
14057,WHYLITWW,1.0
14058,APYFE,1.0
14059,GLGHHF,1.0
14060,CRSFS,1.0
14061,ASSIV,1.0
14062,QSPPRFVQWH,1.0
14063,CCCETFHLMM,1.0
14064,WIYDC,1.0
14065,FCDKLYRCFK,1.0
14066,RYFSS,1.0
14067,RFYGN,1.0
14068,QHMHK,1.0
14069,EVYRH,1.0
14070,CVKCHMW,1.0
14071,GIHYGN,1.0
14072,DYWVYG,1.0
14073,WWSQHFSQ,1.0
14074,HPIYLGMYL,1.0
14075,YIIWKIDFI,1.0
14076,YMKSNM,1.0
14077,KWVPFY,1.0
14078,YVQFLQ,1.0
14079,FYGSLNREY,1.0
14080,VECTHVMIRI,1.0
14081,AVTIEW,1.0
14082,EPLNMRKFW,1.0
14083,NVFGGS,1.0
14084,LGEWM,1.0
14085,VLEEWHL,1.0
14086,CLIHAIRQMW,1.0
14087,QHRQHIW,1.0
14088,PFFIY,1.0
14089,LGCWMHMGCM,1.0
14090,VMSYYF,1.0
14091,QWHNQWF,1.0
14092,LMCFYC,1.0
14093,VHSVP,1.0
14094,YFNQMVVWH,1.0
14095,MGLWW,1.0
14096,MYLCF,1.0
14097,MHYIYYCIHC,1.0
14098,YLSNLFCR,1.0
14099,LIRPDWE,1.0
14100,WSSNP,1.0
14101,PRHFSFC,1.0
14102,WDWLPRQ,1.0
14103,RMVSD,1.0
14104,LDPWI,1.0
14105,FDCALIARMM,1.0
14106,KTHNPVE,1.0
14107,TKQWYEV,1.0
14108,HRLVFQ,1.0
14109,PWCIPKTTAT,1.0
14110,YVDMFG,1.0
14111,STPKHPL,1.0
14112,WDSMRP,1.0
14113,RYNDIYGFI,1.0
14114,IHYFHDP,1.0
14115,FVMFPWITKL,1.0
14116,WRMNH,1.0
14117,TLPVG,1.0
14118,GQYPVH,1.0
14119,FPSLRL,1.0
14120,NHVKVHIPHR,1.0
14121,VAHDAFFPH,1.0
14122,IFERHMWTS,1.0
14123,CCPSNEYVRW,1.0
14124,DHPQYDTVKY,1.0
14125,VIDKMFETYR,1.0
14126,IARDMSWF,1.0
14127,MIMWWTW,1.0
14128,VLFGI,1.0
14129,KLFQHTAGWT,1.0
14130,PLTCSFNFML,1.0
14131,WNQRWRTFFY,1.0
14132,KMIMTMFS,1.0
14133,KRSCTWPADY,1.0
14134,CKMQSAYLWC,1.0
14135,LTVYQE,1.0
14136,RVHCC,1.0
14137,GQLYM,1.0
14138,ICCIWDIL,1.0
14139,ALRRFFDIY,1.0
14140,YKFLS,1.0
14141,NSFKY,1.0
14142,LNFMDHSLNW,1.0
14143,WMKMFDD,1.0
14144,RHWRE,1.0
14145,WITYW,1.0
14146,AYKHDP,1.0
14147,WLSLWSSQYD,1.0
14148,LQYSC,1.0
14149,HWVLFMCMLC,1.0
14150,PLPTGKY,1.0
14151,PFQGTIH,1.0
14152,IKHHFVQ,1.0
14153,VGFPMHV,1.0
14154,FFKIICMTQC,1.0
14155,KWTCF,1.0
14156,TKSVPW,1.0
14157,NWYFPIFN,1.0
14158,TWATPL,1.0
14159,KLCPFHAGQF,1.0
14160,WHIESHTI,1.0
14161,HHFERCFFWK,1.0
14162,WYEICSRWYK,1.0
14163,LAMMYH,1.0
14164,LVTPWMMK,1.0
14165,QQIWIILSSW,1.0
14166,HWYYKMWRKI,1.0
14167,VFTMCCWA,1.0
14168,PFWYER,1.0
14169,MWEYY,1.0
14170,SCGTI,1.0
14171,CVDCYV,1.0
14172,YKETSP,1.0
14173,VWRTIMP,1.0
14174,TYHFMT,1.0
14175,KTDYC,1.0
14176,FPSPL,1.0
14177,DAKMY,1.0
14178,YITLRANVVW,1.0
14179,DVHFFMGYNV,1.0
14180,PRWFPS,1.0
14181,WKNDC,1.0
14182,WLHTHQF,1.0
14183,FMNTT,1.0
14184,LMKITFGGME,1.0
14185,FPRDV,1.0
14186,KTLLHHC,1.0
14187,FAFSP,1.0
14188,KHMMWMYFKL,1.0
14189,VMSLFQKH,1.0
14190,TFFQR,1.0
14191,FHTVRGVITY,1.0
14192,KDHYVHIHT,1.0
14193,HDYKYD,1.0
14194,AIPWHMRYVD,1.0
14195,LYEYFM,1.0
14196,DGVHWVWF,1.0
14197,ILDITVK,1.0
14198,MSPWMCW,1.0
14199,YFGSAW,1.0
14200,GCCPFLG,1.0
14201,QTHQYMC,1.0
14202,FDHTAFMCK,1.0
14203,MEWYNNM,1.0
14204,HFLVPEY,1.0
14205,FHATT,1.0
14206,SGLLNYDEFF,1.0
14207,NFGQFHLYP,1.0
14208,TFEHGKH,1.0
14209,VHQYLI,1.0
14210,NWWWEM,1.0
14211,WTDLKHHLVI,1.0
14212,MITPH,1.0
14213,WNPHR,1.0
14214,ECGCFVFW,1.0
14215,KYYQY,1.0
14216,EMFILG,1.0
14217,YKYVLHRDM,1.0
14218,CHVHVP,1.0
14219,IDVWPDYYT,1.0
14220,ETPHLVHP,1.0
14221,ELTPWIP,1.0
14222,LGHWWKF,1.0
14223,TTSAHITLPF,1.0
14224,FVTKMV,1.0
14225,IYWMA,1.0
14226,HWPFAQWFS,1.0
14227,WYLMDIGVW,1.0
14228,TWEFMKNFDK,1.0
14229,SVFYMA,1.0
14230,WHDGNLMWAH,1.0
14231,RQHFGMLPMI,1.0
14232,PGNFVWSE,1.0
14233,FTPCN,1.0
14234,IWGECYYEFQ,1.0
14235,RMVIFTI,1.0
14236,WRFSEMYGNF,1.0
14237,VIHYS,1.0
14238,HIDWCVT,1.0
14239,PMPVRYKWEV,1.0
14240,WNEFTEF,1.0
14241,RRPIYAVIYW,1.0
14242,FTMWIA,1.0
14243,MSQPHLFI,1.0
14244,VVSPV,1.0
14245,HGCVQHFRVE,1.0
14246,NSIVSNSFKY,1.0
14247,NRAYMHW,1.0
14248,IGIWWE,1.0
14249,CWRFQFAEDW,1.0
14250,DKPGH,1.0
14251,GMGWYC,1.0
14252,QYSGSGCMFS,1.0
14253,FWVDPT,1.0
14254,YTPAFFSIH,1.0
14255,FTGFC,1.0
14256,SLRYT,1.0
14257,VRGYS,1.0
14258,MLFYFNFWGD,1.0
14259,CIHPIAFA,1.0
14260,KSTFLC,1.0
14261,TFFFLYWHFV,1.0
14262,YFWDW,1.0
14263,KMLWMH,1.0
14264,TWNRIVHC,1.0
14265,HDDYR,1.0
14266,KAWDR,1.0
14267,ANHQLW,1.0
14268,TFDHGMP,1.0
14269,YAGYHV,1.0
14270,QNVWWIPNFM,1.0
14271,KLICIDSPYH,1.0
14272,FWTMWWT,1.0
14273,NHNMDWS,1.0
14274,MNYQVEFHFT,1.0
14275,WKDHH,1.0
14276,IILMSV,1.0
14277,MPMCCEWGWM,1.0
14278,PTIGGYCHMH,1.0
14279,NYSWSWHF,1.0
14280,HNVIIRHPSY,1.0
14281,MTNFIE,1.0
14282,YAVNHRWSF,1.0
14283,FHYDWMLGR,1.0
14284,RNYAYWSGS,1.0
14285,FAFVEVFSKW,1.0
14286,IPDNSVWH,1.0
14287,QSPLF,1.0
14288,EVWMHFWKID,1.0
14289,CLHFWMQ,1.0
14290,GYKQF,1.0
14291,HTMCA,1.0
14292,WFWTNYL,1.0
14293,CWDSC,1.0
14294,RHEWHEYICN,1.0
14295,LAPRYI,1.0
14296,VIWWWIRL,1.0
14297,YIISGQICV,1.0
14298,YMHLV,1.0
14299,FPCWKFVWC,1.0
14300,GILPRLQWP,1.0
14301,IINFFN,1.0
14302,FGRICEWC,1.0
14303,PGWEMMSNW,1.0
14304,CPFEETFHNH,1.0
14305,GKLKWGYINT,1.0
14306,FFQIPH,1.0
14307,KHWFC,1.0
14308,YTTFLCLFRV,1.0
14309,LHCFPYKQKF,1.0
14310,TMAFM,1.0
14311,RWPNHSD,1.0
14312,QTWWSRWHC,1.0
14313,RWLCN,1.0
14314,WTMQR,1.0
14315,DWSGWADWVH,1.0
14316,DYVMPRSDWM,1.0
14317,PPYQLIW,1.0
14318,AWQCMPYW,1.0
14319,MCRSFKFW,1.0
14320,DVYVFCPS,1.0
14321,QSYDTFYP,1.0
14322,GHCFQ,1.0
14323,VPWHI,1.0
14324,MADTWK,1.0
14325,FFSTDKGMAH,1.0
14326,LWPQE,1.0
14327,KSLALALHPD,1.0
14328,SLWKKASW,1.0
14329,VDVYLV,1.0
14330,AWQYYMFFN,1.0
14331,VTVNPCRWTM,1.0
14332,KICLQYWVV,1.0
14333,KFGLKLFMRT,1.0
14334,ISFMTGVL,1.0
14335,LREMMWM,1.0
14336,KLVSP,1.0
14337,CTIRFHFGDI,1.0
14338,IHIDTYWST,1.0
14339,EHCFHL,1.0
14340,EKLDMKF,1.0
14341,HFQNPW,1.0
14342,ITHMM,1.0
14343,CQMFWMVLML,1.0
14344,RPWIQ,1.0
14345,SVKMCRVSIW,1.0
14346,RTYMNIHH,1.0
14347,PKHLTP,1.0
14348,VQWDIWTN,1.0
14349,LHPLWPLE,1.0
14350,MVLDI,1.0
14351,KCPWEFS,1.0
14352,HSVKYI,1.0
14353,LYWWIIGI,1.0
14354,FMTGLTEQFC,1.0
14355,YEICRD,1.0
14356,LWDHTVV,1.0
14357,QKYNY,1.0
14358,RSTHHT,1.0
14359,LALHHK,1.0
14360,HATVY,1.0
14361,SPLWYEDLTV,1.0
14362,QVMDHKMNWY,1.0
14363,FHINS,1.0
14364,EPHGLLMIMV,1.0
14365,LPFEG,1.0
14366,SNYPGQFH,1.0
14367,RYEMM,1.0
14368,PNPWTR,1.0
14369,PYFSTA,1.0
14370,CPMNYGS,1.0
14371,SDWKGF,1.0
14372,LPKSAMSYKE,1.0
14373,PIPYWMF,1.0
14374,QCICPWTT,1.0
14375,WPRPMYFNVE,1.0
14376,YFNDA,1.0
14377,WPDQMRW,1.0
14378,DGINWPIW,1.0
14379,KTKCGEWIWA,1.0
14380,QGWFYCF,1.0
14381,HKGHIY,1.0
14382,GWGNHFM,1.0
14383,NAKIFYT,1.0
14384,CVFFA,1.0
14385,TPIQFYDVC,1.0
14386,WKWMDKASNA,1.0
14387,SKDLY,1.0
14388,WSLIC,1.0
14389,GRLMGLSYQV,1.0
14390,EKQFPFH,1.0
14391,VAMGCTWI,1.0
14392,NPFVTFSH,1.0
14393,NSHIHHL,1.0
14394,FWLFKIQLSI,1.0
14395,VKWIDIANRY,1.0
14396,WVQLNYQ,1.0
14397,ALYWCYNEFT,1.0
14398,WWLYVDE,1.0
14399,FLRIWSMF,1.0
14400,NMMKRWTWC,1.0
14401,QWWGF,1.0
14402,VKQWFSN,1.0
14403,AHPCP,1.0
14404,THWYH,1.0
14405,SYHGYQYTCE,1.0
14406,VYQFMGYM,1.0
14407,AQFYKIQFID,1.0
14408,PHDIVPFLV,1.0
14409,WQFIGT,1.0
14410,VVWVNV,1.0
14411,ANYNY,1.0
14412,GECKMTF,1.0
14413,WGFLTWD,1.0
14414,IEPTSFWA,1.0
14415,FQAQFVQLHK,1.0
14416,YESLP,1.0
14417,FYQTW,1.0
14418,CNQHIL,1.0
14419,CCHHKAFNTT,1.0
14420,EHTKH,1.0
14421,TKQALRHETW,1.0
14422,EPIHWL,1.0
14423,STILTHS,1.0
14424,TKFILDWN,1.0
14425,NWNAL,1.0
14426,IPTIGDHRAY,1.0
14427,DFHTHKNY,1.0
14428,LPMVM,1.0
14429,PQFHK,1.0
14430,CHAEWHS,1.0
14431,CGVTIWFV,1.0
14432,DDWKM,1.0
14433,QKWRLFSWH,1.0
14434,ESACFFK,1.0
14435,TMAFMNVWVN,1.0
14436,VHPDWVWH,1.0
14437,WMWKEWRE,1.0
14438,LKVYPT,1.0
14439,TCPAVHFGN,1.0
14440,VYWRNSM,1.0
14441,QKLPSF,1.0
14442,STFWQHMG,1.0
14443,DHAVFNSYCH,1.0
14444,SSAWYC,1.0
14445,FMFMC,1.0
14446,TPWPDTM,1.0
14447,TLRQYI,1.0
14448,VVNMDRY,1.0
14449,YACVMH,1.0
14450,FDMCHG,1.0
14451,LSHMYCHL,1.0
14452,VPPMFQDR,1.0
14453,SYAWQPCSRD,1.0
14454,WPECFRK,1.0
14455,PTDMY,1.0
14456,QLHIHG,1.0
14457,GFEWS,1.0
14458,CCTFVYV,1.0
14459,WCFQN,1.0
14460,HFVQSV,1.0
14461,FRFPL,1.0
14462,YWQNMM,1.0
14463,WINKTDEFCM,1.0
14464,SAHHW,1.0
14465,SWSYKTWFGL,1.0
14466,QPDLF,1.0
14467,MYLCFHGRYD,1.0
14468,YTTNINMW,1.0
14469,YFIHHE,1.0
14470,FAHHIRC,1.0
14471,EWCFY,1.0
14472,VRKCLCWL,1.0
14473,VSECMKWNYT,1.0
14474,FGLVFRMEHR,1.0
14475,TTYTVHE,1.0
14476,HHLYGKWL,1.0
14477,CVKHYIDRLT,1.0
14478,RHKHDV,1.0
14479,MTTMFKEMPW,1.0
14480,FRGSLC,1.0
14481,VCSTYRMH,1.0
14482,FYFKFE,1.0
14483,WYRCIKMQAF,1.0
14484,QWFWW,1.0
14485,VIWCKN,1.0
14486,GHFRC,1.0
14487,YMSFLC,1.0
14488,PKVIS,1.0
14489,WMRTWSVSFM,1.0
14490,ITTWNS,1.0
14491,SRVYFDMHCF,1.0
14492,QTVVAY,1.0
14493,SYMLA,1.0
14494,KCWMRSAHHW,1.0
14495,RLSEFIS,1.0
14496,YCWFKHECKM,1.0
14497,KFMPSIFCTI,1.0
14498,HIWLFDN,1.0
14499,PHVFMQ,1.0
14500,MAQFLC,1.0
14501,VKYVGTDMKW,1.0
14502,SDWSLT,1.0
14503,ELVPIHW,1.0
14504,CLRFMG,1.0
14505,IAFRIQWI,1.0
14506,QPSYIWMG,1.0
14507,FCVLEIWQ,1.0
14508,IEWITT,1.0
14509,MLRLFD,1.0
14510,YACPQS,1.0
14511,LLCLL,1.0
14512,GSTYV,1.0
14513,RCFNFAM,1.0
14514,VNIVS,1.0
14515,SYFFYK,1.0
14516,MVERFYFN,1.0
14517,KSVLWM,1.0
14518,CWHEK,1.0
14519,TRWKY,1.0
14520,DFNGWLH,1.0
14521,LYTKYVVDRH,1.0
14522,FTFYIPNM,1.0
14523,ICSNS,1.0
14524,SFPCLYIETM,1.0
14525,MKHQYLGQYG,1.0
14526,FWDEIY,1.0
14527,VEQHIDWSVR,1.0
14528,MHYGIFILS,1.0
14529,LPHLMWRMNH,1.0
14530,THRWLHYTR,1.0
14531,QWHMLSH,1.0
14532,ITMDHMMF,1.0
14533,CNYTMVIQYS,1.0
14534,CNSKFWAH,1.0
14535,TKTNLWMY,1.0
14536,PKQHMC,1.0
14537,SAKGFVWAEI,1.0
14538,SRHIPD,1.0
14539,MATFTDLL,1.0
14540,SSGVF,1.0
14541,IQIHS,1.0
14542,PFEKKMYWE,1.0
14543,PDKPGWRHF,1.0
14544,YLTAYV,1.0
14545,SYLRPDYVF,1.0
14546,VLWFH,1.0
14547,FRTNPPEHYW,1.0
14548,VHQDNNRCFI,1.0
14549,YSHKVSQTF,1.0
14550,FCQKWET,1.0
14551,NFIHYQMDKI,1.0
14552,NHAQHF,1.0
14553,IYLYYQ,1.0
14554,YFQWN,1.0
14555,HSYSAS,1.0
14556,HLGWS,1.0
14557,VVHNHA,1.0
14558,SAFCC,1.0
14559,YNWNDP,1.0
14560,SPYKCAWKMM,1.0
14561,FHQNGY,1.0
14562,KRSFSGFFYV,1.0
14563,WAVKWQFCFA,1.0
14564,VQYYG,1.0
14565,AWIIGYGYG,1.0
14566,FDPHC,1.0
14567,NIWKGPKFNV,1.0
14568,SVLCL,1.0
14569,PLHGLN,1.0
14570,WSVEF,1.0
14571,ICQMIRFVHP,1.0
14572,FMMYYYIEV,1.0
14573,LHDWRAIHTH,1.0
14574,VEFWDMS,1.0
14575,VYRGPDV,1.0
14576,IYHSH,1.0
14577,LTSHG,1.0
14578,FVFMSDV,1.0
14579,WCYLMYRCFV,1.0
14580,YYAWWW,1.0
14581,FGKKFGSLFQ,1.0
14582,LSLLPYHM,1.0
14583,RWGQLHFIVP,1.0
14584,KQIWN,1.0
14585,WPELWPCKP,1.0
14586,WDRGYNWFQ,1.0
14587,PPMFMDHEF,1.0
14588,RHYEMSTWHE,1.0
14589,QWQYLN,1.0
14590,HVHSR,1.0
14591,HFEFM,1.0
14592,HNMLL,1.0
14593,HYGWEF,1.0
14594,CHQVGWQRTC,1.0
14595,KGMDH,1.0
14596,NSWKAS,1.0
14597,DSPCCF,1.0
14598,CRYYEG,1.0
14599,YWRPVEPCSM,1.0
14600,WIKFN,1.0
14601,TLCYSGP,1.0
14602,FHECL,1.0
14603,FEGTYM,1.0
14604,CRSPMTLS,1.0
14605,LIMLFI,1.0
14606,KCWMR,1.0
14607,CVQWD,1.0
14608,HHLLIRHIF,1.0
14609,WKVSFD,1.0
14610,VCRHWLG,1.0
14611,SYKLHVCEKC,1.0
14612,FWLRK,1.0
14613,PCNPMYWIDS,1.0
14614,VLHCH,1.0
14615,WTDVFMC,1.0
14616,STKDL,1.0
14617,WSNIFFM,1.0
14618,HAPFTFCT,1.0
14619,SVLNT,1.0
14620,GIIPW,1.0
14621,RFYPY,1.0
14622,SCHWGDLMCH,1.0
14623,IFTPCWS,1.0
14624,PDCWCVFGV,1.0
14625,ECPRY,1.0
14626,HCTPGYWFRI,1.0
14627,DMMCKELYFT,1.0
14628,FWPWART,1.0
14629,FWNSC,1.0
14630,VTFMH,1.0
14631,IWAFD,1.0
14632,PILTWK,1.0
14633,CYSSMA,1.0
14634,PFFCTYKS,1.0
14635,FWITWV,1.0
14636,NLFFWFS,1.0
14637,CIMRSLPVVI,1.0
14638,GVYDVHIM,1.0
14639,MVYKE,1.0
14640,CMFQVMHIFV,1.0
14641,THPVII,1.0
14642,TTKWTQ,1.0
14643,KGWWPG,1.0
14644,VLRIFTF,1.0
14645,RMQQVVH,1.0
14646,RFMTTVDCLY,1.0
14647,YAVGFQMSHQ,1.0
14648,WHRAIYCKT,1.0
14649,WMWYPDL,1.0
14650,YWKLRLWAHN,1.0
14651,CQAANSCYFP,1.0
14652,HEAHTMNWCF,1.0
14653,FFATWS,1.0
14654,SCGMW,1.0
14655,MVLMGMGYLA,1.0
14656,KWWQK,1.0
14657,GWFNLLVN,1.0
14658,EGWYKI,1.0
14659,YGTWN,1.0
14660,QFMYDY,1.0
14661,QCRWD,1.0
14662,TNSVSM,1.0
14663,CYWKL,1.0
14664,WWTVKCEQ,1.0
14665,CWVGRWQV,1.0
14666,YNMWHW,1.0
14667,WGIVKDGW,1.0
14668,EWCPEYNIF,1.0
14669,GVEVYF,1.0
14670,HSEAWL,1.0
14671,QDWSL,1.0
14672,KWSIQ,1.0
14673,CIWDTKF,1.0
14674,TWEMT,1.0
14675,WLIWTNCVNE,1.0
14676,KWPYGQM,1.0
14677,FTRWA,1.0
14678,EMPFMKWL,1.0
14679,WSSWV,1.0
14680,QESFYL,1.0
14681,GFEWSRAFWC,1.0
14682,KKIDDPF,1.0
14683,KQTWFVD,1.0
14684,WDIKVDFTEW,1.0
14685,ALQEWF,1.0
14686,PFQWNL,1.0
14687,CWAVAWLAGL,1.0
14688,YARFENLT,1.0
14689,FMFSFQWTNA,1.0
14690,VPCSSWR,1.0
14691,WLYRPVMSEM,1.0
14692,IEAEWHQHYP,1.0
14693,THQIKQNFPC,1.0
14694,YPYKGE,1.0
14695,VIVHSMDWKN,1.0
14696,HTFSFQ,1.0
14697,SPWPVHC,1.0
14698,GGFEL,1.0
14699,PISNSHCPRL,1.0
14700,TWFHDH,1.0
14701,WPQWHQF,1.0
14702,IITHLK,1.0
14703,LHGSLVVI,1.0
14704,CNIFYSTYPM,1.0
14705,FIFQPKHASL,1.0
14706,VEHTLWIPPH,1.0
14707,FMHVSC,1.0
14708,RWNTPENYVW,1.0
14709,YLIFFRF,1.0
14710,MYNHR,1.0
14711,EMETWSHW,1.0
14712,ACWSW,1.0
14713,VCIWEIT,1.0
14714,RCEYL,1.0
14715,MVCILEFHN,1.0
14716,CCWIIR,1.0
14717,WEPLSWSP,1.0
14718,RDIFS,1.0
14719,DWSPGY,1.0
14720,MAVWSHY,1.0
14721,TCSFMDV,1.0
14722,WVVCCSIW,1.0
14723,LKRYEHWYP,1.0
14724,IWCTIA,1.0
14725,VTKWDKY,1.0
14726,YWEYLCQCT,1.0
14727,TTVMYYANEL,1.0
14728,KVSID,1.0
14729,NGTYHT,1.0
14730,MIRWLYKHWA,1.0
14731,VMFYIYQ,1.0
14732,WPLCVP,1.0
14733,QVWYDW,1.0
14734,HYSWW,1.0
14735,FATFGMWT,1.0
14736,PYKLEMCF,1.0
14737,HMLWPQF,1.0
14738,YMMAQFVH,1.0
14739,IVMVD,1.0
14740,TLTTWWE,1.0
14741,HTYFY,1.0
14742,CVPYG,1.0
14743,WCPPWT,1.0
14744,YGPISQAIWL,1.0
14745,YRWFA,1.0
14746,GATHF,1.0
14747,HCFHQISL,1.0
14748,RHFTGI,1.0
14749,TWTVMCQW,1.0
14750,VCFVFECM,1.0
14751,FSTGSQWVVW,1.0
14752,HDKKIVCCDL,1.0
14753,KKHDF,1.0
14754,QMFDAQHYF,1.0
14755,VFINHLV,1.0
14756,WVNNWWR,1.0
14757,FHIIIH,1.0
14758,SWHHYWMCP,1.0
14759,SMSAF,1.0
14760,GHKNVW,1.0
14761,MFVLPICEHT,1.0
14762,FVHVY,1.0
14763,LYSHICHFQY,1.0
14764,NLLYV,1.0
14765,ARTLIDWLY,1.0
14766,STDFKF,1.0
14767,NFWNIP,1.0
14768,IFGCQYP,1.0
14769,CHIIFLSLMT,1.0
14770,RSWCT,1.0
14771,NWTHCWCMYW,1.0
14772,IYLHS,1.0
14773,WMMGCA,1.0
14774,TCAQMIATTY,1.0
14775,THLIT,1.0
14776,KHDDWLG,1.0
14777,YQFNMS,1.0
14778,MRVEHPYTQT,1.0
14779,LFQFTMMISM,1.0
14780,SRDFT,1.0
14781,SNEVFHS,1.0
14782,IMPHM,1.0
14783,KVYHMWILIP,1.0
14784,FHHHAMMQY,1.0
14785,SWEFCNS,1.0
14786,PHLCI,1.0
14787,CMFMGMP,1.0
14788,HKYKFPCAVW,1.0
14789,VFFSVML,1.0
14790,KGFDHA,1.0
14791,SEYQF,1.0
14792,FEHLGGL,1.0
14793,VQGFGFAYFP,1.0
14794,TPEFEHFPEW,1.0
14795,KPILEFM,1.0
14796,YLNDWMVIHP,1.0
14797,CHQKLNALSH,1.0
14798,KVNYWREHQY,1.0
14799,WAKHNCH,1.0
14800,LMQHEW,1.0
14801,TMWEVNC,1.0
14802,HFYMVFDDF,1.0
14803,HVWFARLGCG,1.0
14804,MIICIRHV,1.0
14805,NIFCFL,1.0
14806,YFYPQCWM,1.0
14807,WVFHNHEDWS,1.0
14808,VKMCCW,1.0
14809,YKHRL,1.0
14810,WCEMHQW,1.0
14811,KFFETWRMDS,1.0
14812,FWKFCAML,1.0
14813,PSVVE,1.0
14814,VTGPWFE,1.0
14815,WSQRLDL,1.0
14816,FPETWQCCLA,1.0
14817,FMQPM,1.0
14818,AYIRQTRFWL,1.0
14819,GFGFKGFLFM,1.0
14820,VIVRFEKW,1.0
14821,CCFFYFWR,1.0
14822,GAHSVL,1.0
14823,YRIPLTM,1.0
14824,WHSSKSMETH,1.0
14825,GFWVPW,1.0
14826,MNWCI,1.0
14827,IGGMREW,1.0
14828,VPEFWM,1.0
14829,YYGQHIGIPI,1.0
14830,MNAHPYRIPF,1.0
14831,TVIFMLI,1.0
14832,LVMWIWFVS,1.0
14833,GYRSIY,1.0
14834,QHKDCLY,1.0
14835,MHVCHKII,1.0
14836,PTVAI,1.0
14837,DHFSTW,1.0
14838,AVQTHDHWFC,1.0
14839,SVYNAG,1.0
14840,IDMGRSWHYG,1.0
14841,NIRWH,1.0
14842,HWSTWWTQKW,1.0
14843,LHMPKYIKW,1.0
14844,FAIWLWNVTE,1.0
14845,PKWCFN,1.0
14846,VMSWTHH,1.0
14847,WEMFWG,1.0
14848,CGYSGY,1.0
14849,MRHVA,1.0
14850,KSIHWCW,1.0
14851,VPYKHYF,1.0
14852,RIQWGYMDQL,1.0
14853,CPQWSLWK,1.0
14854,WAWMM,1.0
14855,NYQYMVPGFG,1.0
14856,FYQGPFQFWF,1.0
14857,PPVNMFWWFN,1.0
14858,DFIGYGWTW,1.0
14859,WQTYWLVHSY,1.0
14860,TYTVRFQINP,1.0
14861,YTIGCTYVP,1.0
14862,WGNATL,1.0
14863,WLKGDKDHWP,1.0
14864,FELYMC,1.0
14865,YQMPFV,1.0
14866,FMMRWESF,1.0
14867,PFLME,1.0
14868,HNFWTYQPTK,1.0
14869,AVAVAHEYFV,1.0
14870,WDVLKHKEQW,1.0
14871,RMEGFG,1.0
14872,NMFIMGHMSD,1.0
14873,LIHVSIW,1.0
14874,IGTGCVHYI,1.0
14875,EAMKWHF,1.0
14876,WWFMEKSC,1.0
14877,FYWAILDYM,1.0
14878,WTVMDLH,1.0
14879,WGIEQKFLI,1.0
14880,TWYQEVMHIM,1.0
14881,HLWWYWHIW,1.0
14882,PPQAWKDHF,1.0
14883,CCWNKN,1.0
14884,WMGRVKCF,1.0
14885,WNVIAF,1.0
14886,QYYMYWKETA,1.0
14887,RHFVY,1.0
14888,TIWCCKM,1.0
14889,WTMEICI,1.0
14890,HAKWYW,1.0
14891,WAGFWHDFEP,1.0
14892,RMVCKWW,1.0
14893,MKCVRLYEQM,1.0
14894,DKRFY,1.0
14895,IKCVHWWNT,1.0
14896,HANPFCVHDF,1.0
14897,RLCLIAHYLI,1.0
14898,QIDGFYRV,1.0
14899,NMSQHT,1.0
14900,VYLSIS,1.0
14901,HKFAVI,1.0
14902,AQEHISHHNR,1.0
14903,NCSFIWH,1.0
14904,YVPSPIM,1.0
14905,DHVYLPFNMQ,1.0
14906,SGLPWMH,1.0
14907,FRPIMEPRHW,1.0
14908,HDYRP,1.0
14909,QCCVHIM,1.0
14910,SIDHMCIKW,1.0
14911,AWIPPPVLAW,1.0
14912,PEHVLT,1.0
14913,FQHYD,1.0
14914,YGVRTLMTYD,1.0
14915,IWWTS,1.0
14916,WFLFMFVRVL,1.0
14917,IDRYC,1.0
14918,SSRSHFSWHT,1.0
14919,YEFDIVFC,1.0
14920,HPWAI,1.0
14921,WRDHC,1.0
14922,VDSWPFRI,1.0
14923,THDWT,1.0
14924,FFVSWKFP,1.0
14925,DMFICVWHDH,1.0
14926,CREDW,1.0
14927,LRQEIWV,1.0
14928,WPNSLPVR,1.0
14929,KWCIPPTESC,1.0
14930,CVGKHIW,1.0
14931,IEKYQTKGIF,1.0
14932,VSRAEWC,1.0
14933,WVLTMKT,1.0
14934,NWRYVMVWCT,1.0
14935,HFNDFFHV,1.0
14936,CWKAYC,1.0
14937,TLSPNKHWHW,1.0
14938,CRQMWFF,1.0
14939,MHWVGHDC,1.0
14940,MAHKWLQ,1.0
14941,VLKISLASFA,1.0
14942,SWRYI,1.0
14943,GYYLIS,1.0
14944,CILDMLNFVL,1.0
14945,DQYGIWEYRF,1.0
14946,MIHDMQSTWN,1.0
14947,QHFRVGYNDP,1.0
14948,HHSLGYKK,1.0
14949,VVDLYM,1.0
14950,QRWSSWQFWL,1.0
14951,CWPGPQCL,1.0
14952,SYTTPS,1.0
14953,WKETAQYYMY,1.0
14954,HSDKNATYWK,1.0
14955,PAFQW,1.0
14956,VERYLW,1.0
14957,WSLWKMIDMY,1.0
14958,AHITS,1.0
14959,SPPWHWITK,1.0
14960,HMEWMYIWI,1.0
14961,THYIMP,1.0
14962,WYWQN,1.0
14963,VPLEFVWFGC,1.0
14964,YKEHMTY,1.0
14965,EWKFCRC,1.0
14966,IFAIPT,1.0
14967,DLTWWC,1.0
14968,YQIMWPHC,1.0
14969,YYIWDEI,1.0
14970,WYLKLM,1.0
14971,HCVDFIGTYQ,1.0
14972,MIDLQWC,1.0
14973,HMFECAI,1.0
14974,IVNHSNYWQS,1.0
14975,WHCIQFCN,1.0
14976,QNPTWHCEIY,1.0
14977,QFQSCNW,1.0
14978,LFHRCRE,1.0
14979,IHKTHTFC,1.0
14980,STTEF,1.0
14981,LHVPR,1.0
14982,NMTYWAS,1.0
14983,PNGMCYDW,1.0
14984,MHYDMYFGPI,1.0
14985,KPNIWVFRYQ,1.0
14986,IQWNPRW,1.0
14987,SPLTDKY,1.0
14988,WSTEW,1.0
14989,FTNMVIV,1.0
14990,IRCCI,1.0
14991,VHLFAC,1.0
14992,DYFWHNLHK,1.0
14993,SMVVG,1.0
14994,CCTVI,1.0
14995,PSNWCPHK,1.0
14996,RHFQWCEI,1.0
14997,IHSSWHQI,1.0
14998,EYMPC,1.0
14999,TPVSEV,1.0
15000,SRRLMWSSWV,1.0
15001,HHYWSN,1.0
15002,QFVQSW,1.0
15003,WCPNPYHTTL,1.0
15004,TMTLRINFCT,1.0
15005,CRKFE,1.0
15006,ANVWT,1.0
15007,AWWYIYMNWQ,1.0
15008,LFAYMHER,1.0
15009,SSRMS,1.0
15010,KAAGG,0.0
15011,PLVKA,0.0
15012,QIMRW,0.0
15013,RITTR,0.0
15014,PFTTR,0.0
15015,RITWI,0.0
15016,TTSGHTDTT,0.0
15017,TGTHTSTDT,0.0
15018,AASGHADAA,0.0
15019,AGAHASADA,0.0
15020,KIKQII,0.0
15021,KIKIQI,0.0
15022,VKVKVKVKVDPPTKVEVKVKV,0.0
15023,VKVKVKVK,0.0
15024,SWVIIE,0.0
15025,STYIIE,0.0
15026,STVVIE,0.0
15027,STVSIE,0.0
15028,STVQIE,0.0
15029,STVPIE,0.0
15030,STVMIE,0.0
15031,STVIWE,0.0
15032,STVIVE,0.0
15033,STVITE,0.0
15034,STVISE,0.0
15035,STVIQE,0.0
15036,STVIPE,0.0
15037,STVINE,0.0
15038,STVIME,0.0
15039,STVILE,0.0
15040,STVIIP,0.0
15041,STVIGE,0.0
15042,STVIEE,0.0
15043,STVIDE,0.0
15044,STVIAE,0.0
15045,STVGIE,0.0
15046,STVDIE,0.0
15047,STVAIE,0.0
15048,STTIIE,0.0
15049,STPIIE,0.0
15050,STMIIE,0.0
15051,STIIIE,0.0
15052,STGIIE,0.0
15053,STDIIE,0.0
15054,STAIIE,0.0
15055,SPVIIE,0.0
15056,PTVIIE,0.0
15057,KTVLIE,0.0
15058,KTVIYE,0.0
15059,KTVIVE,0.0
15060,KTVIIT,0.0
15061,KTVIIE,0.0
15062,YYTEFT,0.0
15063,YVSGFH,0.0
15064,WSFYLL,0.0
15065,VYSRHP,0.0
15066,VTLSQP,0.0
15067,VKWDRD,0.0
15068,TEFTPT,0.0
15069,SRHPAE,0.0
15070,SGFHPS,0.0
15071,SDLSFS,0.0
15072,RVNHVT,0.0
15073,RTPKIQ,0.0
15074,QPKIVK,0.0
15075,PTEKDE,0.0
15076,PSDIEV,0.0
15077,PKIQVY,0.0
15078,NGKSNF,0.0
15079,NGERIE,0.0
15080,LSQPKI,0.0
15081,LSFSKD,0.0
15082,LKNGER,0.0
15083,KWDRDM,0.0
15084,KVEHSD,0.0
15085,KSNFLN,0.0
15086,IQVYSR,0.0
15087,IQRTPK,0.0
15088,IEKVEH,0.0
15089,HPAENG,0.0
15090,FTPTEK,0.0
15091,FSKDWS,0.0
15092,FHPSDI,0.0
15093,EVDLLK,0.0
15094,ERIEKV,0.0
15095,EKDEYA,0.0
15096,EHSDLS,0.0
15097,DLLKNG,0.0
15098,DIEVDL,0.0
15099,AENGKS,0.0
15100,YQLENY,0.0
15101,SLYQLE,0.0
15102,SHLVEA,0.0
15103,RGFFYT,0.0
15104,HLVEAL,0.0
15105,GSHLVE,0.0
15106,GFFYTP,0.0
15107,GERGFF,0.0
15108,FYTPKT,0.0
15109,FVNQHL,0.0
15110,FFYTPK,0.0
15111,ERGFFY,0.0
15112,EALYLV,0.0
15113,NLGPVL,0.0
15114,LIAGFN,0.0
15115,RVSVD,0.0
15116,KKFDD,0.0
15117,VKVKV,0.0
15118,KVKVK,0.0
15119,DPDPD,0.0
15120,WKPYY,0.0
15121,PPPHY,0.0
15122,PTPCY,0.0
15123,KDHFY,0.0
15124,YTEYK,0.0
15125,EPYYK,0.0
15126,YDPKY,0.0
15127,KDPYY,0.0
15128,YEPYK,0.0
15129,NACFTMR,0.0
15130,MQLVD,0.0
15131,RTCERVNPLE,0.0
15132,LAPRPQGLKG,0.0
15133,ETRDGRVI,0.0
15134,DRGDKP,0.0
15135,YREGHLEAN,0.0
15136,FMRKKW,0.0
15137,MNEKEWEM,0.0
15138,NNKGD,0.0
15139,EDMFPIQ,0.0
15140,SYGETWEQT,0.0
15141,DRENEYTS,0.0
15142,IGEPG,0.0
15143,HNGGD,0.0
15144,AYDTA,0.0
15145,RLIHTQP,0.0
15146,NNLQQ,0.0
15147,DRKFWPSWK,0.0
15148,RTRAGTMHH,0.0
15149,STRHLQQWI,0.0
15150,GNNRRS,0.0
15151,CCCGK,0.0
15152,GACDPQVKNV,0.0
15153,YTDNEN,0.0
15154,VQMNMKCDIM,0.0
15155,QKDMDEWFNQ,0.0
15156,VDVSGDTNSN,0.0
15157,GDCRG,0.0
15158,DSCALIQEM,0.0
15159,FGDPDA,0.0
15160,QIEHLG,0.0
15161,DENHRE,0.0
15162,EKPTNGNEFM,0.0
15163,RHWEPMGL,0.0
15164,CASSELVV,0.0
15165,ISECLND,0.0
15166,LCVGMILN,0.0
15167,QYQWDGNNW,0.0
15168,DWMTPPSE,0.0
15169,DDMHWGNYC,0.0
15170,DHMEH,0.0
15171,LQERC,0.0
15172,KHIGK,0.0
15173,KPQTDYGG,0.0
15174,MVFIRKI,0.0
15175,DMEHCKEMY,0.0
15176,NKLGENRF,0.0
15177,ENELGWPRI,0.0
15178,LHHTANQLEM,0.0
15179,NMDEQHW,0.0
15180,TGRLL,0.0
15181,CGVPRGVNG,0.0
15182,NWKGQ,0.0
15183,NCTSEWGL,0.0
15184,ENNQGKC,0.0
15185,RCRQSR,0.0
15186,RCNEE,0.0
15187,TRLKWTTAD,0.0
15188,ALGCA,0.0
15189,MRKAG,0.0
15190,HEERMP,0.0
15191,GDRRKR,0.0
15192,DGRMVN,0.0
15193,QAHQIP,0.0
15194,DCCYSDYDV,0.0
15195,CTMDDAKP,0.0
15196,EVNRISTGPC,0.0
15197,ENYKN,0.0
15198,RDRACHLD,0.0
15199,MGGQNM,0.0
15200,ENQWG,0.0
15201,REDNE,0.0
15202,GAHFTMT,0.0
15203,RDRAGHGCV,0.0
15204,VGKSPN,0.0
15205,RRRIPLGTTY,0.0
15206,SEKDNTWMS,0.0
15207,QFCEQSCS,0.0
15208,KNDADNDRS,0.0
15209,FPDTQ,0.0
15210,TMMGTGCCCN,0.0
15211,VMVDMN,0.0
15212,GHNRKQQIY,0.0
15213,NGFQCNTS,0.0
15214,CQDQSCC,0.0
15215,TIEPFRK,0.0
15216,HHRNRAPLRT,0.0
15217,KPESMDP,0.0
15218,WLNKTCPRA,0.0
15219,DMLNIK,0.0
15220,GNRMDNFEQC,0.0
15221,VCAQK,0.0
15222,TPTVWRQDN,0.0
15223,ETNHNHMKS,0.0
15224,NMIMGSNGVC,0.0
15225,SGCHQQETV,0.0
15226,YNMEPEEW,0.0
15227,AAIIRCVMVS,0.0
15228,GGCVQ,0.0
15229,NRPICRGA,0.0
15230,QAIECVLFRG,0.0
15231,CRGSYWHRM,0.0
15232,KYAHIR,0.0
15233,TRKIPWA,0.0
15234,LIHQVLRL,0.0
15235,CNQDERSDM,0.0
15236,PNGNKWMGMK,0.0
15237,ATDTCGP,0.0
15238,AACAS,0.0
15239,FDLKKRNV,0.0
15240,KELDFQCLL,0.0
15241,HTGDV,0.0
15242,CCKSVRSQDR,0.0
15243,YWACEPIR,0.0
15244,INRSG,0.0
15245,CTANDWRPG,0.0
15246,PPRREIMQ,0.0
15247,VSDVA,0.0
15248,ADKCGPW,0.0
15249,PWEQEGLK,0.0
15250,GDHSTGEA,0.0
15251,DVGMT,0.0
15252,NPRSLV,0.0
15253,QGDSWHRE,0.0
15254,VDMAFLQRC,0.0
15255,LRRSPKA,0.0
15256,GFYDRNDCF,0.0
15257,GQFMMQQAQ,0.0
15258,EWIEKRCHR,0.0
15259,LTQQM,0.0
15260,VHRTSQQVK,0.0
15261,KKVVTQLTY,0.0
15262,LGSKGYCS,0.0
15263,MLGKPE,0.0
15264,DHCCDYD,0.0
15265,DCQNW,0.0
15266,GAQVV,0.0
15267,KSMTKDHQP,0.0
15268,HGRKHIHMR,0.0
15269,EYKKKL,0.0
15270,DHVDCLK,0.0
15271,MVSVDEGYK,0.0
15272,TCEDFKM,0.0
15273,GLCSNNCEC,0.0
15274,CDPVNA,0.0
15275,ENSDALR,0.0
15276,GMDKRCPV,0.0
15277,QLKSTS,0.0
15278,QPERRNMQ,0.0
15279,LKKSFPIGS,0.0
15280,WDIDEPI,0.0
15281,ELDWQHNWR,0.0
15282,CYPEEI,0.0
15283,KVHRG,0.0
15284,RTSRK,0.0
15285,QLKKNF,0.0
15286,DQMKRVWK,0.0
15287,TCPNQPVTEP,0.0
15288,QDYHDASA,0.0
15289,NMQISVM,0.0
15290,HRDLEGK,0.0
15291,LDKGHAHNGG,0.0
15292,EDVLA,0.0
15293,LHHRDAESEC,0.0
15294,DKADNVDYV,0.0
15295,GQKWEIADIG,0.0
15296,DSRYSQTIE,0.0
15297,MGNWQSHCEK,0.0
15298,EMRLITVNM,0.0
15299,YNIGKAKMVP,0.0
15300,TPDDIEE,0.0
15301,RFWSFRGP,0.0
15302,QLGGQDT,0.0
15303,NVSNAM,0.0
15304,RCMSMSNKAY,0.0
15305,NGKVSKPNW,0.0
15306,GEDTLCHFI,0.0
15307,CIRKLGA,0.0
15308,ERTICGPF,0.0
15309,RGNQNVSISF,0.0
15310,ETALDREWCR,0.0
15311,KHPEKGRL,0.0
15312,GTGAEANMRV,0.0
15313,QISQCVTQYN,0.0
15314,FCALRQEVD,0.0
15315,ETCLM,0.0
15316,CMVNDPESE,0.0
15317,DSLHG,0.0
15318,IREQSYWMED,0.0
15319,NKTVFGQM,0.0
15320,DTSNSAVTED,0.0
15321,LTSKPK,0.0
15322,PDTNNDTC,0.0
15323,DTLNGQKA,0.0
15324,ATHVDNN,0.0
15325,KNMQTNS,0.0
15326,YNLNNNRDD,0.0
15327,GLSSRNNNRY,0.0
15328,DKTDVKCFI,0.0
15329,LKPPTIQ,0.0
15330,KMGYKREIK,0.0
15331,QNLGPKNLCK,0.0
15332,PGDETDHYN,0.0
15333,KKHAGPEAT,0.0
15334,LEMKK,0.0
15335,RWQCIAITKT,0.0
15336,AKRADNNVY,0.0
15337,RKDKWKFAT,0.0
15338,DNYTKDDVCS,0.0
15339,VDNNEEN,0.0
15340,VKRLQFKDV,0.0
15341,GFLLML,0.0
15342,PRWTNKAK,0.0
15343,TPKKGVH,0.0
15344,EEMQQYMGQA,0.0
15345,ESTSL,0.0
15346,FNNNRLR,0.0
15347,DWECEIH,0.0
15348,MFTKQKLVM,0.0
15349,DHMEDHVPY,0.0
15350,IMVPQGGRND,0.0
15351,LQPGVECE,0.0
15352,DFFFEPCD,0.0
15353,DRKLKGSH,0.0
15354,DDWDRIYCN,0.0
15355,FLHEDEPIDM,0.0
15356,WVSVIHDVE,0.0
15357,MHRYNLIKPR,0.0
15358,TGVNQ,0.0
15359,LDQWQCSPS,0.0
15360,QMIFDAQKN,0.0
15361,QPEEYLHLE,0.0
15362,MADIAA,0.0
15363,IGITHEAGTD,0.0
15364,CFPDHEDM,0.0
15365,KDGNKIFNM,0.0
15366,KKLKYC,0.0
15367,RPGCDTQCY,0.0
15368,MSKAHNGKCM,0.0
15369,QNRECPL,0.0
15370,ASHLNKRMHI,0.0
15371,SAHRDRP,0.0
15372,GGCPLVCD,0.0
15373,GTGDMA,0.0
15374,EHESTWFED,0.0
15375,SEHVEQYLI,0.0
15376,EIVMAAE,0.0
15377,HRNKHVEL,0.0
15378,AVTEDDTSNS,0.0
15379,TGTLKK,0.0
15380,CNMHLDKV,0.0
15381,DQRQYNKDFN,0.0
15382,IDSSSPQ,0.0
15383,DWEYDSPE,0.0
15384,DQQGQGHDRR,0.0
15385,DQLNHGSNNQ,0.0
15386,WYDDVQ,0.0
15387,NDEQGDGP,0.0
15388,RCHKRIVCV,0.0
15389,GLRGCGCM,0.0
15390,QIISCMDEP,0.0
15391,PGMQKGR,0.0
15392,LSAGKP,0.0
15393,ALKPTG,0.0
15394,VMGNQFRQ,0.0
15395,NQTMMCN,0.0
15396,LQDPNH,0.0
15397,VDSNK,0.0
15398,FETSRQDHCK,0.0
15399,RVIMTQK,0.0
15400,ECLLVDR,0.0
15401,DNNNGMKE,0.0
15402,GGETIIRQW,0.0
15403,CMNWQTMG,0.0
15404,GSPMNYMQM,0.0
15405,MYDVD,0.0
15406,IGANE,0.0
15407,HRDMESCYTN,0.0
15408,YQNADA,0.0
15409,GGEKRI,0.0
15410,RSSERWGRVI,0.0
15411,LQEMPNKPV,0.0
15412,FAMDG,0.0
15413,QRQMSVCNC,0.0
15414,CAYKDMGQ,0.0
15415,AQGQMMS,0.0
15416,YDSMTD,0.0
15417,EMSRDSR,0.0
15418,SENMEQLD,0.0
15419,QQMPFEPAC,0.0
15420,TLCEDP,0.0
15421,NGMDMSPY,0.0
15422,QEMGERM,0.0
15423,KGSSWPHAN,0.0
15424,QRAQVNKCLW,0.0
15425,DWNVMMTI,0.0
15426,KCNQSDDEW,0.0
15427,EARTQRQCM,0.0
15428,QPCSRGPR,0.0
15429,EIGQPAFIS,0.0
15430,DKMGASHHL,0.0
15431,QMERV,0.0
15432,MIAPVHDE,0.0
15433,NKNTYQQP,0.0
15434,DWSITDHE,0.0
15435,NGYQDL,0.0
15436,RPEET,0.0
15437,RHKMQDVAAQ,0.0
15438,YLQKVIQ,0.0
15439,KMQESP,0.0
15440,NKNLL,0.0
15441,DALKK,0.0
15442,QMGFD,0.0
15443,QYERIFNP,0.0
15444,DVLVLTALQ,0.0
15445,MINGASNQTI,0.0
15446,DPKMCPI,0.0
15447,QARQTHYN,0.0
15448,YQRHGVGAC,0.0
15449,PAFNKWIR,0.0
15450,IPVDKVAC,0.0
15451,DNVLPG,0.0
15452,EITNAG,0.0
15453,GMDDRHPWDL,0.0
15454,NECQDE,0.0
15455,QEQRADFEQN,0.0
15456,VNPLE,0.0
15457,RGMKN,0.0
15458,VEHQSDASQG,0.0
15459,SMRQNDHQFG,0.0
15460,ENEIWW,0.0
15461,RTERI,0.0
15462,MQDRCSEHK,0.0
15463,DPNPI,0.0
15464,MLRDAFK,0.0
15465,NQPDKLDVE,0.0
15466,SFNNVED,0.0
15467,KCYAVCRCS,0.0
15468,DYIDFQEKC,0.0
15469,PEKVVACSDS,0.0
15470,WFYMVTDGE,0.0
15471,HLSSAGVASI,0.0
15472,CLCDSGQK,0.0
15473,NTLAG,0.0
15474,RNTDIPKS,0.0
15475,MRAIEG,0.0
15476,TYYDPLG,0.0
15477,EMEAWVRRG,0.0
15478,NRDCEQCEM,0.0
15479,DQDVR,0.0
15480,TLCTRLGN,0.0
15481,QLKRYDP,0.0
15482,RPQQLR,0.0
15483,AFQFHENAKC,0.0
15484,NPYQFMSDG,0.0
15485,HNDGSKN,0.0
15486,VMGYAE,0.0
15487,LAKLLKNK,0.0
15488,CGLDFMRD,0.0
15489,NEWECFD,0.0
15490,CQKKICQV,0.0
15491,EQASE,0.0
15492,DNMSGR,0.0
15493,PDTQCKRV,0.0
15494,HSSEWND,0.0
15495,RPSAE,0.0
15496,VEEND,0.0
15497,LMPPSRVT,0.0
15498,IDWDFN,0.0
15499,CADGKSYSH,0.0
15500,QRPGTGSGKQ,0.0
15501,WWAQLNRQCK,0.0
15502,VCVGQ,0.0
15503,KKLPLKH,0.0
15504,HPEPILRSG,0.0
15505,EMIQID,0.0
15506,AMLCN,0.0
15507,MWVRSAAE,0.0
15508,RQKCDNISQ,0.0
15509,TDNFEKFL,0.0
15510,TGIGA,0.0
15511,CQEWQG,0.0
15512,GVFEVDPF,0.0
15513,MMRQKQYQTP,0.0
15514,TYKKKRGM,0.0
15515,ETLAYIETAW,0.0
15516,GKWTRV,0.0
15517,QGQMTHRHY,0.0
15518,TCNENY,0.0
15519,MCIQMACANA,0.0
15520,CNGSFHEK,0.0
15521,APTQDSDD,0.0
15522,KNTKDWRVS,0.0
15523,LRQARSVSGD,0.0
15524,SQNPFEPT,0.0
15525,EYDEHDCCRG,0.0
15526,EWIPEE,0.0
15527,NSPKM,0.0
15528,GRVYVIAIRI,0.0
15529,RKFSGS,0.0
15530,QGQTG,0.0
15531,ELCDS,0.0
15532,DGTPQK,0.0
15533,EPMGQMSK,0.0
15534,TNAGPA,0.0
15535,EGFCFGN,0.0
15536,ETYIQD,0.0
15537,ENWTE,0.0
15538,DKGDA,0.0
15539,RKMMR,0.0
15540,LRGEI,0.0
15541,GVDLTSYLCI,0.0
15542,VVRKL,0.0
15543,IMKSWNIKM,0.0
15544,VAYGEDKLA,0.0
15545,HDKPSEDD,0.0
15546,LCLFGSE,0.0
15547,DNWEYK,0.0
15548,PATNE,0.0
15549,CEEGAQQWN,0.0
15550,QEYKMALMN,0.0
15551,CTEGC,0.0
15552,IRIRTVAFNT,0.0
15553,KDEQWEHN,0.0
15554,QRVPCCVK,0.0
15555,MDGIAK,0.0
15556,NFINRCT,0.0
15557,CTYQQFKAS,0.0
15558,QRLWWNENN,0.0
15559,LYTSSVQMR,0.0
15560,SHEGYQ,0.0
15561,RDTALE,0.0
15562,KVKFIRTE,0.0
15563,NNLSEMG,0.0
15564,HDLQWG,0.0
15565,NVIAFPAR,0.0
15566,QITGQPV,0.0
15567,DKIYKSHDA,0.0
15568,NMRFMDG,0.0
15569,SQVGMNCLY,0.0
15570,HDQMKEH,0.0
15571,YKDTRECEK,0.0
15572,AKFEFA,0.0
15573,HGESTI,0.0
15574,DPQVG,0.0
15575,FEIDDHQF,0.0
15576,QKASNWTDN,0.0
15577,VSTLAR,0.0
15578,NTDDEIDP,0.0
15579,HILEFDLQ,0.0
15580,HCNRN,0.0
15581,TDPVCMPPQ,0.0
15582,EDPCHWE,0.0
15583,TGEFWED,0.0
15584,CHDHPRPD,0.0
15585,TKGTKQFIDA,0.0
15586,RDDSKQE,0.0
15587,CNLRR,0.0
15588,ANGETCTD,0.0
15589,DDGTY,0.0
15590,GGDWTFAPM,0.0
15591,SEKRVTEAET,0.0
15592,WRQFKQE,0.0
15593,WWFAQDVTD,0.0
15594,LHQIPDFMG,0.0
15595,DGKVFWLNGQ,0.0
15596,NNKTDL,0.0
15597,TTMRRTDT,0.0
15598,LKICTSVAE,0.0
15599,KERDENAEVF,0.0
15600,EKCDRAVD,0.0
15601,GPPCRAMNE,0.0
15602,LSQFHCNPK,0.0
15603,SNLCLNSYQR,0.0
15604,IVGTETE,0.0
15605,KPPRMTTNSA,0.0
15606,DFLTMLMEL,0.0
15607,DVPQQGG,0.0
15608,DRDHIWCSR,0.0
15609,AYWMMRARP,0.0
15610,AMSWAILTGK,0.0
15611,MKGRHVLHRA,0.0
15612,MGNKGCP,0.0
15613,ENNMMSKK,0.0
15614,NLEFAAVADP,0.0
15615,SPAGQDDP,0.0
15616,KRWLRGKLR,0.0
15617,SPCIIMNR,0.0
15618,INHAKCVT,0.0
15619,TVDKVKII,0.0
15620,SMHSTCRK,0.0
15621,DHDHVVYMHD,0.0
15622,KFKNMKTI,0.0
15623,DYDAAESCFN,0.0
15624,QGERVERE,0.0
15625,HQSRGR,0.0
15626,DGLRKND,0.0
15627,MEFETPG,0.0
15628,ETDTLTGDY,0.0
15629,EAINVEWCL,0.0
15630,NKTFAV,0.0
15631,GECQCNPVRR,0.0
15632,HHQTNQL,0.0
15633,INSCVKM,0.0
15634,DADTCQYLID,0.0
15635,AFQMTN,0.0
15636,MLLRLMS,0.0
15637,HSWGDWEN,0.0
15638,WTHELQGD,0.0
15639,YHEVKGQNL,0.0
15640,APHENT,0.0
15641,KLPRVPTD,0.0
15642,NCYIQEDAP,0.0
15643,CEINV,0.0
15644,LEMQQNQCQA,0.0
15645,DNPVEH,0.0
15646,NNKHIIVTA,0.0
15647,YKHENRKKD,0.0
15648,APERNARIL,0.0
15649,RMLKN,0.0
15650,SNCIEMM,0.0
15651,NAKDAA,0.0
15652,DLKPCVDKCS,0.0
15653,MMREAI,0.0
15654,PQEQDKYKA,0.0
15655,ERCNHDCIVN,0.0
15656,KRPES,0.0
15657,MEEFSSFSA,0.0
15658,TQGANNDKP,0.0
15659,CGAKK,0.0
15660,QISQC,0.0
15661,NWEGRN,0.0
15662,HDHKDSHTQL,0.0
15663,CVSGVFNEC,0.0
15664,DVQTL,0.0
15665,PQQGDTY,0.0
15666,RNFRNWQ,0.0
15667,WNNFQSCD,0.0
15668,GGWCRIRC,0.0
15669,QKGIM,0.0
15670,RQADEDQRIH,0.0
15671,NPGKCA,0.0
15672,LHWAHEVGQ,0.0
15673,LCFACNG,0.0
15674,VASQE,0.0
15675,ETQECSHMP,0.0
15676,ALKMSV,0.0
15677,KKTESIKF,0.0
15678,DMVTQIQCT,0.0
15679,CATNP,0.0
15680,GITRRIVKK,0.0
15681,NCGAN,0.0
15682,DQCSEHQA,0.0
15683,RQWNK,0.0
15684,RPVAKLYET,0.0
15685,MKEPREWD,0.0
15686,EQLAGV,0.0
15687,IRQLIGN,0.0
15688,KNLYLPCN,0.0
15689,NDVHVIAR,0.0
15690,REQQQMQPM,0.0
15691,VEHNNGWI,0.0
15692,YPQQQH,0.0
15693,QGEPEACHF,0.0
15694,EGLNKHEPDI,0.0
15695,NNMQMRPV,0.0
15696,IMKDQG,0.0
15697,AGRCHIAVHQ,0.0
15698,EMSDTRNTCY,0.0
15699,RARDEDIVH,0.0
15700,REGWQA,0.0
15701,KKGITPS,0.0
15702,DIRRSENP,0.0
15703,AGKESSG,0.0
15704,TDPLREQ,0.0
15705,KAMEQD,0.0
15706,MHQIMQE,0.0
15707,CGGRN,0.0
15708,KSSPQNS,0.0
15709,EENGR,0.0
15710,PQLHNEQ,0.0
15711,RKHEVECVQ,0.0
15712,CRKKKVFR,0.0
15713,MKCCKAGLQM,0.0
15714,QQHVFVDAME,0.0
15715,IDTSRQE,0.0
15716,KTNCNIT,0.0
15717,CVPSGTSQ,0.0
15718,NDKNTYDQR,0.0
15719,LDMHQNGD,0.0
15720,GSVDG,0.0
15721,LVCAKRLG,0.0
15722,HRCYSHSPS,0.0
15723,TPRGHDCL,0.0
15724,DISKMGDKPE,0.0
15725,QTNKNGL,0.0
15726,QKCCGEDETG,0.0
15727,NCDAV,0.0
15728,NITEMHTWN,0.0
15729,VHDRFTGK,0.0
15730,PLQQA,0.0
15731,KQDQRHFA,0.0
15732,LDKAD,0.0
15733,KRRDRDMSEN,0.0
15734,QIIAA,0.0
15735,WMEDARIE,0.0
15736,EGCSCKE,0.0
15737,NDMKA,0.0
15738,CLCDMGTAGD,0.0
15739,QSGQQ,0.0
15740,MVQKQ,0.0
15741,KNLAC,0.0
15742,SGETD,0.0
15743,AINER,0.0
15744,QEHQI,0.0
15745,TNVYTVSSE,0.0
15746,KDIVR,0.0
15747,ISYPNPCKN,0.0
15748,SNTTNQDSDV,0.0
15749,RQKFT,0.0
15750,FEHFQGPD,0.0
15751,TQFPWVHDQ,0.0
15752,GKNDKKNAM,0.0
15753,DTQIS,0.0
15754,NNHDIICIEF,0.0
15755,EISSTDC,0.0
15756,NMAYKPQS,0.0
15757,GMVNYR,0.0
15758,MAIPR,0.0
15759,GWQVQPVK,0.0
15760,SNDLLK,0.0
15761,MRSVAEEHRH,0.0
15762,TTYNEDS,0.0
15763,HMTIVAWNN,0.0
15764,KNNGWAAKQH,0.0
15765,RHLRP,0.0
15766,KWSPLKESR,0.0
15767,ISRKKITEIG,0.0
15768,NCKDRVC,0.0
15769,QEIWDISG,0.0
15770,CGQRVKM,0.0
15771,SQDTEELYE,0.0
15772,YEAEYG,0.0
15773,ESLIPFSP,0.0
15774,KMRNMQGH,0.0
15775,YLNCNLSR,0.0
15776,HELLYEIGPI,0.0
15777,ILSQK,0.0
15778,DIRFMMDD,0.0
15779,ICMDSWTAE,0.0
15780,EDLSVMFQF,0.0
15781,MEICRIDN,0.0
15782,TPFTNGKKK,0.0
15783,LACCQ,0.0
15784,PVDLIT,0.0
15785,PSHQNDQKTC,0.0
15786,FAREGV,0.0
15787,KCGVQSP,0.0
15788,DIQRPQGA,0.0
15789,MYFNSTENG,0.0
15790,QACGMGRDTE,0.0
15791,GNIDYRCAQ,0.0
15792,GQRHDNTG,0.0
15793,ECVSINMR,0.0
15794,HAAGSR,0.0
15795,IGNKG,0.0
15796,SVLIHDE,0.0
15797,DTGFQ,0.0
15798,KTNDSRSFT,0.0
15799,ADQCME,0.0
15800,EWGVAYKGNG,0.0
15801,EGDMSDGDRQ,0.0
15802,NCTCCLIN,0.0
15803,QAKPVT,0.0
15804,PQKQASFKC,0.0
15805,GEEEHQLC,0.0
15806,YPRIVNKM,0.0
15807,DSWHEDKNDQ,0.0
15808,LTMQPS,0.0
15809,FILPIKNG,0.0
15810,HWTEENKNA,0.0
15811,MDAHGILME,0.0
15812,SHGSKVMMQ,0.0
15813,FDEQYEFQFA,0.0
15814,QPLNPEATVS,0.0
15815,DKQMQG,0.0
15816,TNQNQST,0.0
15817,HLMAQR,0.0
15818,RKWAL,0.0
15819,TEPNRQ,0.0
15820,SCLKKM,0.0
15821,AKQAE,0.0
15822,MEGRD,0.0
15823,HRGREP,0.0
15824,EDHMPHK,0.0
15825,CQKDTEDHF,0.0
15826,MDASEPI,0.0
15827,ERQQRGRPA,0.0
15828,GDCNTHS,0.0
15829,VVWCPPKRA,0.0
15830,IIQYDPSNG,0.0
15831,GIEGYT,0.0
15832,DAQACP,0.0
15833,GRSRI,0.0
15834,RRMSWPNIMM,0.0
15835,IMPTE,0.0
15836,FNEMLN,0.0
15837,GAQQPTH,0.0
15838,FRSDEVGG,0.0
15839,DMDNDEYRD,0.0
15840,WAQGG,0.0
15841,AIWKGLDE,0.0
15842,TMPDPKTK,0.0
15843,ISKKDA,0.0
15844,NVCTSSFPND,0.0
15845,LVRTGM,0.0
15846,RAADC,0.0
15847,LGASGKRE,0.0
15848,PRRFSFDMQN,0.0
15849,HPGWCLCEA,0.0
15850,KPKRTMIF,0.0
15851,AHENVVI,0.0
15852,RRQTWRM,0.0
15853,SNGHIKGK,0.0
15854,KFGTEESM,0.0
15855,LRNKFFRPR,0.0
15856,GLPTTRNT,0.0
15857,GQKPILTT,0.0
15858,AGLQM,0.0
15859,ETWVPE,0.0
15860,RGNAFCCVSL,0.0
15861,GDNWSRIARQ,0.0
15862,IGMWEQE,0.0
15863,SRGPGS,0.0
15864,NSCLDPSV,0.0
15865,CTKHVDRDG,0.0
15866,TFDLQVGVD,0.0
15867,GVEQD,0.0
15868,LNDQI,0.0
15869,AEVVRVI,0.0
15870,RCSVLEVITK,0.0
15871,EDIVQNN,0.0
15872,DLDTVT,0.0
15873,RHETWTKQAL,0.0
15874,DCSST,0.0
15875,GEPCREYVV,0.0
15876,CVGRVLM,0.0
15877,CIDHQR,0.0
15878,YDKTSNAGLS,0.0
15879,DCYLGSRAET,0.0
15880,TVMTDEEYS,0.0
15881,WSPDRANEKQ,0.0
15882,APCMMEVM,0.0
15883,EATTS,0.0
15884,GCGEEPGN,0.0
15885,AHAQEEMRD,0.0
15886,WECKWGQ,0.0
15887,RPVYESQ,0.0
15888,GCHYLVSPR,0.0
15889,MHTAGKN,0.0
15890,DDSLDEDDA,0.0
15891,PMLDPPDM,0.0
15892,VNRCENGV,0.0
15893,SRMLEKTKQE,0.0
15894,NKCKGA,0.0
15895,NEKGSGQ,0.0
15896,MRAET,0.0
15897,RVTLKKW,0.0
15898,GLIPQQSVM,0.0
15899,WGDGTILP,0.0
15900,QHKQCTKW,0.0
15901,GSHDEK,0.0
15902,ANVTPCTNAS,0.0
15903,SLHVEPTGDH,0.0
15904,TDYQDGECNC,0.0
15905,MYDDTKM,0.0
15906,LKICPKL,0.0
15907,CGPPSQVK,0.0
15908,TDCSIEKD,0.0
15909,GDCTD,0.0
15910,EEIEPNKHG,0.0
15911,TGDFEQ,0.0
15912,IKSGKFCM,0.0
15913,PMKEALANH,0.0
15914,QYQSLNQSP,0.0
15915,RRGHMILG,0.0
15916,ACRLQITVV,0.0
15917,IEMIRSKH,0.0
15918,DCMDMQW,0.0
15919,RPDKT,0.0
15920,IVQNK,0.0
15921,KRAVED,0.0
15922,LIQNSKAKP,0.0
15923,WHGHQVG,0.0
15924,GWHNVES,0.0
15925,HPDSEGED,0.0
15926,ARDNC,0.0
15927,QDYIRSPDA,0.0
15928,GQSYDTCWV,0.0
15929,RGQIIG,0.0
15930,AIHTDARS,0.0
15931,QHWQIDIT,0.0
15932,AHTHRKMSNH,0.0
15933,EMQACDIGRR,0.0
15934,SPLKHKRS,0.0
15935,YECNNTFG,0.0
15936,WSGHTEHM,0.0
15937,TETTN,0.0
15938,IDEIRLRTKT,0.0
15939,QGHKMR,0.0
15940,EVPCR,0.0
15941,DSDPA,0.0
15942,KLQDILKC,0.0
15943,YNDDVG,0.0
15944,AEAVT,0.0
15945,SFTLMEARG,0.0
15946,DDRVNFTFSR,0.0
15947,TLMVVLR,0.0
15948,IKTELRT,0.0
15949,HFQVFGLEEM,0.0
15950,NFHRK,0.0
15951,VVCDCGC,0.0
15952,YFAVSKGQV,0.0
15953,MQMHWRQ,0.0
15954,KPKSL,0.0
15955,VMLTYQQKRA,0.0
15956,TGRDIEYN,0.0
15957,CKRKR,0.0
15958,EDETG,0.0
15959,DRWHIISQS,0.0
15960,LVAQVEDNH,0.0
15961,FCRCEEVTT,0.0
15962,QQKWGIEM,0.0
15963,RCNEGTCKVK,0.0
15964,DCQGIT,0.0
15965,CANYKG,0.0
15966,IRQQIDTGKD,0.0
15967,KNELAG,0.0
15968,CKGLKE,0.0
15969,GHTET,0.0
15970,EFQSFANDAI,0.0
15971,HCDDNI,0.0
15972,CMMQLDTD,0.0
15973,GGQTRWFQ,0.0
15974,REIMHEDVNV,0.0
15975,SNVQV,0.0
15976,VGCRPVMIGK,0.0
15977,THWIQPKR,0.0
15978,GKNSTFPYN,0.0
15979,ETQIPITHGD,0.0
15980,VWTDKGR,0.0
15981,TSRPIR,0.0
15982,APSILCHHR,0.0
15983,ADRAR,0.0
15984,INDCQF,0.0
15985,SQGGIAGGHD,0.0
15986,DRIGPGCHQ,0.0
15987,FNQAQDA,0.0
15988,MQCESSMG,0.0
15989,FEICEERC,0.0
15990,AQSNIPVED,0.0
15991,QAHDI,0.0
15992,ACMNA,0.0
15993,KLMHQGRN,0.0
15994,CQSRVGH,0.0
15995,REPRM,0.0
15996,QKYGWQN,0.0
15997,DNTGN,0.0
15998,RSKWCVAI,0.0
15999,APCPMKYYQ,0.0
16000,KDENEDCRC,0.0
16001,NWDDQQT,0.0
16002,IKNIQP,0.0
16003,QLQIEQE,0.0
16004,FVDRGDVRND,0.0
16005,YHKNMNNPF,0.0
16006,GTWECCI,0.0
16007,LMVKRSRHF,0.0
16008,QNAIHIQMI,0.0
16009,SQWRVGKE,0.0
16010,SGCNAIGHL,0.0
16011,IDMNKP,0.0
16012,TYSRGEVEL,0.0
16013,FCQQQ,0.0
16014,IMQKNIGEGK,0.0
16015,EEKMSKM,0.0
16016,GEHFSDPI,0.0
16017,MRSQKIPC,0.0
16018,ADTLQQNAIF,0.0
16019,ADYGKD,0.0
16020,LTMLVVNDT,0.0
16021,IPTKN,0.0
16022,GWLDQ,0.0
16023,TIEEEEGIPK,0.0
16024,CQSCINN,0.0
16025,KYRHQIGS,0.0
16026,LGALRGFAT,0.0
16027,TSRQEGRES,0.0
16028,RTHRDQE,0.0
16029,KDRCPRHV,0.0
16030,TQFADHCMS,0.0
16031,ELMHNQ,0.0
16032,TQIESTAM,0.0
16033,MIHNRN,0.0
16034,PAKMNVT,0.0
16035,NDMGSMKVD,0.0
16036,QRSWNTMQI,0.0
16037,IRSSV,0.0
16038,GAGDYFLAGN,0.0
16039,FGVMQA,0.0
16040,IIRPETQRF,0.0
16041,GQGYFHAPK,0.0
16042,DVLGG,0.0
16043,RTRHWQ,0.0
16044,FNAYVNQ,0.0
16045,STVQKNTCT,0.0
16046,LALYGIQE,0.0
16047,ICRVKV,0.0
16048,HSNTER,0.0
16049,FERGDI,0.0
16050,ELWQQAQN,0.0
16051,NCQCQQDT,0.0
16052,EFEKK,0.0
16053,AGVDIEPYKG,0.0
16054,NVSENCQVVL,0.0
16055,NEQWDKSCG,0.0
16056,QTGSTV,0.0
16057,PEFAQT,0.0
16058,NDCAM,0.0
16059,SESFVRTM,0.0
16060,GNTSE,0.0
16061,TEAEQHTEV,0.0
16062,ENNACKKRE,0.0
16063,DGKRNAVGEI,0.0
16064,FENMG,0.0
16065,CYIPVKNART,0.0
16066,EIWGPE,0.0
16067,WAWLQAEGE,0.0
16068,DRAEMA,0.0
16069,CLCMHDPKQ,0.0
16070,NDAYCA,0.0
16071,ATMKQ,0.0
16072,HDEMF,0.0
16073,GYHKIHAEAQ,0.0
16074,KLTNEPK,0.0
16075,NFKSNLPI,0.0
16076,MDQDT,0.0
16077,GHKWCKR,0.0
16078,KAFMKIDQCQ,0.0
16079,DYPTWE,0.0
16080,DPSNTETGE,0.0
16081,DMFFILCAG,0.0
16082,KEPESVEYV,0.0
16083,NQNQRPKREL,0.0
16084,FNTACSV,0.0
16085,NTRVQGL,0.0
16086,CWECVGDTR,0.0
16087,DTEVKS,0.0
16088,CTVTK,0.0
16089,QAMKSVE,0.0
16090,KNPTGTG,0.0
16091,SRGKDRLE,0.0
16092,GCADES,0.0
16093,HWPQAEPPE,0.0
16094,FQTKDIMRH,0.0
16095,FRKINRR,0.0
16096,PAGDFDKT,0.0
16097,EVTKYGCI,0.0
16098,FLANQVSLN,0.0
16099,HRDIPKMKE,0.0
16100,CYDDYLSAIE,0.0
16101,NNTSHFTVE,0.0
16102,RPVVTN,0.0
16103,YPEHFHFDQ,0.0
16104,KEGMSNI,0.0
16105,KLACLN,0.0
16106,QEPLKSGGHG,0.0
16107,LNMEQR,0.0
16108,HNEIGDSM,0.0
16109,EQVWSTRQET,0.0
16110,EVHREKCGFA,0.0
16111,GCGEMT,0.0
16112,NCHDTNP,0.0
16113,IRRSWMRV,0.0
16114,GVVPDGATCM,0.0
16115,MPVHMTQKC,0.0
16116,GGKTTKKS,0.0
16117,LSDCDGLSP,0.0
16118,KCWSLGVDG,0.0
16119,VEVELSP,0.0
16120,ANHTIMMQGL,0.0
16121,CNQYTQNGQ,0.0
16122,ETNHNHAD,0.0
16123,YMGQA,0.0
16124,NGHLVR,0.0
16125,NMTQQ,0.0
16126,MLGFDEC,0.0
16127,TPWLEDLYD,0.0
16128,AEMVCG,0.0
16129,RKNDSQCCV,0.0
16130,KGANF,0.0
16131,GFVQIGT,0.0
16132,YTINHQKM,0.0
16133,FGKRCPS,0.0
16134,NMRNHWRQ,0.0
16135,EWESSEWQFG,0.0
16136,VVKTRNMV,0.0
16137,TLRQQQKSM,0.0
16138,AIVGPTGNG,0.0
16139,FTTRTHEND,0.0
16140,CPAQQ,0.0
16141,QMSAKTQYNE,0.0
16142,MKQWNSPAC,0.0
16143,EWGMNYALG,0.0
16144,RKQYGQTKRA,0.0
16145,PWQFKNIGD,0.0
16146,ANLGDWFQ,0.0
16147,NKIDR,0.0
16148,KKDHPQLMN,0.0
16149,MAYRGCTKW,0.0
16150,MEPQLWRK,0.0
16151,ETQGCHMM,0.0
16152,NEDDWV,0.0
16153,EQIRTE,0.0
16154,SVCSMMNG,0.0
16155,QWETGQ,0.0
16156,DGCCQS,0.0
16157,DFYPSSANVE,0.0
16158,VLDDNQDK,0.0
16159,WCEAE,0.0
16160,SANKYQD,0.0
16161,MPKQPD,0.0
16162,NCNICLNVR,0.0
16163,DHQPDR,0.0
16164,VRDPRRF,0.0
16165,RGSEGM,0.0
16166,MRKCPYPLMQ,0.0
16167,IECCR,0.0
16168,DMHGA,0.0
16169,RHARR,0.0
16170,VEQFHQIPK,0.0
16171,DYEIPS,0.0
16172,ISQDQWCNT,0.0
16173,LVLCDEMG,0.0
16174,GTMQIDIIA,0.0
16175,WKGLPQMK,0.0
16176,DAMCPWCFQN,0.0
16177,RPLKT,0.0
16178,QTFAIDC,0.0
16179,RPKHDKAVG,0.0
16180,DVVCCMWAE,0.0
16181,MNDSPQ,0.0
16182,RFILMQA,0.0
16183,QTNQHNTRKP,0.0
16184,CTNKFGGR,0.0
16185,TIRAFALIS,0.0
16186,EACDDKGCS,0.0
16187,KCNSTHYKNA,0.0
16188,KARAQL,0.0
16189,GSLMPEDPL,0.0
16190,TRFVTSQTH,0.0
16191,VRKVMAAAC,0.0
16192,NRTMAIRAII,0.0
16193,SRHCMDDN,0.0
16194,TIEEISR,0.0
16195,EETFSEVNMN,0.0
16196,MQGTMKS,0.0
16197,SYDKEEFMI,0.0
16198,IREIM,0.0
16199,NDCLGTMF,0.0
16200,ALRSDK,0.0
16201,DDDIKDHTRP,0.0
16202,DLMRPEPRK,0.0
16203,QYGVRAWHQG,0.0
16204,VMDST,0.0
16205,DRGHSSVNM,0.0
16206,NKYVWSMVR,0.0
16207,MTLVMMDI,0.0
16208,AFHDHER,0.0
16209,ETKVIP,0.0
16210,KMKWRAE,0.0
16211,TRPRHA,0.0
16212,EWFTCED,0.0
16213,SNSTDM,0.0
16214,HRAIGFNRGY,0.0
16215,QDLQQ,0.0
16216,QKEAGVSRIG,0.0
16217,CAQKEG,0.0
16218,AHDCLRMCG,0.0
16219,QSPVSA,0.0
16220,WELVND,0.0
16221,CQSQTE,0.0
16222,NMSSGKAKQD,0.0
16223,DMSENKRRDR,0.0
16224,VVEIA,0.0
16225,MEQGGGNFG,0.0
16226,CQKETI,0.0
16227,ILDCELTCQQ,0.0
16228,HDVEH,0.0
16229,GEFHNEHS,0.0
16230,QVNNAWR,0.0
16231,PQMDA,0.0
16232,DYGLI,0.0
16233,QPRPTETK,0.0
16234,HHGAWAMA,0.0
16235,LLEKMMA,0.0
16236,PHSMDSPE,0.0
16237,KYGAAQ,0.0
16238,EQDFH,0.0
16239,CMRNEC,0.0
16240,LAGSPVQIVS,0.0
16241,DAGEC,0.0
16242,REIGDM,0.0
16243,DDNMV,0.0
16244,VEEQAD,0.0
16245,ELGEKET,0.0
16246,QNIGAS,0.0
16247,NTWCKNKT,0.0
16248,TIEAII,0.0
16249,CWNDCPYGDN,0.0
16250,KSVRRGF,0.0
16251,AKNRQS,0.0
16252,LPKHGQQHQ,0.0
16253,TARVT,0.0
16254,CDANKDIS,0.0
16255,IMQEVAF,0.0
16256,ESMGTAH,0.0
16257,VWEQD,0.0
16258,STRKN,0.0
16259,WLCKSANDTD,0.0
16260,FNSVRNQQM,0.0
16261,MCTTRCLC,0.0
16262,TSRQIIMKV,0.0
16263,KCGNGVHGP,0.0
16264,NRLRGQRHE,0.0
16265,YHNEKAMKL,0.0
16266,DRRQRRM,0.0
16267,STSDNLQYE,0.0
16268,EADQMGNW,0.0
16269,ISDNSHGM,0.0
16270,DEMVENR,0.0
16271,EDSKNLSWE,0.0
16272,NPCTRGIC,0.0
16273,RNMARV,0.0
16274,HGSKKG,0.0
16275,QWACNPCNTA,0.0
16276,ARGFAV,0.0
16277,TDGKKRTEDA,0.0
16278,TRCLK,0.0
16279,QMTATT,0.0
16280,CIMAWEPIG,0.0
16281,YHMEGRNNC,0.0
16282,DEMHMGGM,0.0
16283,DDSDWVSWDE,0.0
16284,SAIRAN,0.0
16285,EQARK,0.0
16286,KSHEQCHEQ,0.0
16287,QEGSETVG,0.0
16288,HDKSE,0.0
16289,AMGMCQQAGP,0.0
16290,RPNAAR,0.0
16291,LDTVWIMCGE,0.0
16292,YMFRRQMKSK,0.0
16293,QQAALLSHTS,0.0
16294,DENQCYCWKQ,0.0
16295,YNWKEGGD,0.0
16296,AQAHVCKQA,0.0
16297,NTKFR,0.0
16298,MPKWDRVPKK,0.0
16299,WTGAAAQDK,0.0
16300,EMRSGGCLIQ,0.0
16301,DGDPFNQY,0.0
16302,FESTGNERAQ,0.0
16303,PQDHPDM,0.0
16304,TKHYLQEET,0.0
16305,QPSENGGEP,0.0
16306,QMNQPNQ,0.0
16307,EDENGYV,0.0
16308,HKMTGA,0.0
16309,LNHKTPQ,0.0
16310,MSYEEPPDC,0.0
16311,IGSMRTV,0.0
16312,CIDMIKREC,0.0
16313,PAQDHDCTT,0.0
16314,DNALEF,0.0
16315,AHGIA,0.0
16316,TDNSQTNREA,0.0
16317,DIQCDRIN,0.0
16318,CMCYRQDKT,0.0
16319,ECDNGFSI,0.0
16320,GDSGVNH,0.0
16321,CDMGMKCC,0.0
16322,DDGGDFKP,0.0
16323,VQPVLDM,0.0
16324,CVWEE,0.0
16325,SPTGKM,0.0
16326,NVMSPMHERK,0.0
16327,DQSKANCGNK,0.0
16328,CEIIRNLQH,0.0
16329,NEKCCFPVGT,0.0
16330,SQRGPQCH,0.0
16331,MMDMR,0.0
16332,KFPCINMLN,0.0
16333,CIQVSTRS,0.0
16334,AETFVYAEG,0.0
16335,HLMSRRMI,0.0
16336,PGGLGQGLVG,0.0
16337,VTPSIQTK,0.0
16338,PHGITCICI,0.0
16339,CNKPRLQVNY,0.0
16340,TEKWDLTLM,0.0
16341,GRDHQHFKK,0.0
16342,SSAENMCVF,0.0
16343,EQLQIQHWF,0.0
16344,KGARL,0.0
16345,ESECNPVISR,0.0
16346,FAKEKEC,0.0
16347,FAMAR,0.0
16348,VANRD,0.0
16349,DANCDQDFKW,0.0
16350,NKRITKWKFS,0.0
16351,DFYNDE,0.0
16352,CMKPRME,0.0
16353,TEIQCTMAE,0.0
16354,PRALNP,0.0
16355,WTFTVIETA,0.0
16356,DYTHE,0.0
16357,NVANM,0.0
16358,KTHRYLPVGR,0.0
16359,VHCLSADC,0.0
16360,RVVVGRH,0.0
16361,MRVYHNQRD,0.0
16362,EACHT,0.0
16363,EECCDPGP,0.0
16364,LEECEFTR,0.0
16365,NMNPCP,0.0
16366,EMQLMNHMF,0.0
16367,SGPAHHSIDG,0.0
16368,PLESHKER,0.0
16369,DNDQGIVIFP,0.0
16370,MVEGC,0.0
16371,VGQNR,0.0
16372,QRCMCTGV,0.0
16373,IMRDDN,0.0
16374,HNSHDYCEK,0.0
16375,DQNYIR,0.0
16376,KRAPHL,0.0
16377,QYQSQ,0.0
16378,WGMKGEPV,0.0
16379,AFKIIDDT,0.0
16380,HDAEQWA,0.0
16381,PMSKN,0.0
16382,MDVGQMKN,0.0
16383,EALRIQ,0.0
16384,KKAFEI,0.0
16385,DVKGSDQ,0.0
16386,QGTWTGRA,0.0
16387,RGVKWDK,0.0
16388,HRNESRQ,0.0
16389,ALVTDD,0.0
16390,QTRWMCRAQF,0.0
16391,LPDDL,0.0
16392,GRRDEL,0.0
16393,QYPQTTTRI,0.0
16394,VDQCGNVV,0.0
16395,KDQGSYWANV,0.0
16396,TNDHNNSCK,0.0
16397,TERQSEVV,0.0
16398,QTSVFAL,0.0
16399,QGNDCDCQDN,0.0
16400,QACGM,0.0
16401,HDTNAMVMP,0.0
16402,HNGGK,0.0
16403,GGCDRSKVGR,0.0
16404,VNSGKP,0.0
16405,NETGFQG,0.0
16406,AYTSNV,0.0
16407,EADRMCLEV,0.0
16408,QKACLCCIH,0.0
16409,CNQKDRHDI,0.0
16410,QASQQ,0.0
16411,DTVMA,0.0
16412,HQVLQ,0.0
16413,QHFHKTLQ,0.0
16414,QPYQK,0.0
16415,DSCGGYQATR,0.0
16416,TCSKGL,0.0
16417,PLEPMFKQKE,0.0
16418,QLRGRYRIS,0.0
16419,ERMGAKH,0.0
16420,QGEDLPTH,0.0
16421,MDKPTSNARA,0.0
16422,DQTWMT,0.0
16423,TGHTSETI,0.0
16424,VVIPDNSRVA,0.0
16425,TNREAMMT,0.0
16426,DDKPFT,0.0
16427,AQEVDMLQSF,0.0
16428,SNDRIKNP,0.0
16429,KRKCTD,0.0
16430,GQDCCVYNH,0.0
16431,GGQAPLGQA,0.0
16432,MNSCQVGFR,0.0
16433,VLFAEN,0.0
16434,SNGLFSGQ,0.0
16435,EGVVRWSMNK,0.0
16436,HGSEAMML,0.0
16437,SAPDKRLNRN,0.0
16438,NMADLG,0.0
16439,PQEVGVS,0.0
16440,MEGRLIRT,0.0
16441,DWGRPDQHKC,0.0
16442,IGEDG,0.0
16443,EKQDSNCH,0.0
16444,WRRGTP,0.0
16445,CDQMEMAP,0.0
16446,DIGNAMLTM,0.0
16447,CTDGYRDE,0.0
16448,QTQNFKDK,0.0
16449,PTAARVAWM,0.0
16450,DMVREQSGIS,0.0
16451,QFETDMNW,0.0
16452,NGDGY,0.0
16453,SLPKAD,0.0
16454,YDRPVDCEIG,0.0
16455,NITDEN,0.0
16456,VCPKVRGS,0.0
16457,QMPRCNRKKN,0.0
16458,PEKTISNLKK,0.0
16459,RCNCTFLTQA,0.0
16460,ITKQM,0.0
16461,DHWRKEAMC,0.0
16462,RFSKRHP,0.0
16463,NHDAWWNHS,0.0
16464,SCPNLNSII,0.0
16465,IEAVEME,0.0
16466,QVCKSP,0.0
16467,WNRPRYCILK,0.0
16468,QPREDRLRL,0.0
16469,GQQMQ,0.0
16470,SESIQEHCP,0.0
16471,ECNWVSKQT,0.0
16472,YDRKSR,0.0
16473,ENSMYRCK,0.0
16474,MESDCADYK,0.0
16475,GHIGENGY,0.0
16476,GNNCGCI,0.0
16477,QSGTA,0.0
16478,LKKKERIDPY,0.0
16479,GIMRTKN,0.0
16480,GEDHTMR,0.0
16481,DRKTNDC,0.0
16482,GKEQDL,0.0
16483,NESGTNTGK,0.0
16484,DGERPKN,0.0
16485,DAMPNWSCM,0.0
16486,DMYNG,0.0
16487,SGEHSDVM,0.0
16488,MQVDPD,0.0
16489,LHRFRRNE,0.0
16490,EQVEEQ,0.0
16491,RRPECHKMK,0.0
16492,VIGETRHVR,0.0
16493,KHMKEEQINE,0.0
16494,CMEPKIKLE,0.0
16495,QAEYHEGQW,0.0
16496,QGVVNTN,0.0
16497,RFELCLE,0.0
16498,YTPEYMPEK,0.0
16499,PEQNI,0.0
16500,TGMAAWNTSR,0.0
16501,KEHQRR,0.0
16502,SSDKAVSAES,0.0
16503,NAYDPNQ,0.0
16504,DFHEGKQADN,0.0
16505,PSQIPN,0.0
16506,ESREHCG,0.0
16507,LMRHEIHE,0.0
16508,SANLGCKHQE,0.0
16509,MTFIKKM,0.0
16510,HKDGGA,0.0
16511,HMQAQRCYP,0.0
16512,DVQKYK,0.0
16513,RPKHIDAERG,0.0
16514,GMPQSLSK,0.0
16515,ANNSPSLWA,0.0
16516,MGMQHRTN,0.0
16517,DKCIPVK,0.0
16518,DSFDTLPI,0.0
16519,GQESTAHECS,0.0
16520,DCWQMRPV,0.0
16521,RQQATLSNVG,0.0
16522,IRFGMQA,0.0
16523,TPVRMPIQ,0.0
16524,VMPGRKEV,0.0
16525,AYKTQ,0.0
16526,HTWSPVKKT,0.0
16527,SEQMQFRR,0.0
16528,GRFSNVMI,0.0
16529,YRVVK,0.0
16530,DVEGFTGATP,0.0
16531,GENVTS,0.0
16532,CEPSEHQTS,0.0
16533,LDKLAKI,0.0
16534,FITKMRVKGR,0.0
16535,MRHPPWKK,0.0
16536,DIDIKAIC,0.0
16537,DTPCEEA,0.0
16538,WAEANR,0.0
16539,QEYVN,0.0
16540,HGQCDSAAWA,0.0
16541,VGSQLLQMY,0.0
16542,DSVCAK,0.0
16543,DFTMTADR,0.0
16544,NQNFEIITGH,0.0
16545,KQIYTKPEL,0.0
16546,NIQVVLVGSD,0.0
16547,ASAAMAPKF,0.0
16548,GSWTDHNMDI,0.0
16549,VCTQETTW,0.0
16550,CGVVVHKSCM,0.0
16551,SINNCCQ,0.0
16552,VLEQRGV,0.0
16553,LPSQP,0.0
16554,ARAWTG,0.0
16555,AQADIMECKI,0.0
16556,IQAEQN,0.0
16557,GDLTIQ,0.0
16558,NTMEIRVPT,0.0
16559,TCAPSSGLVD,0.0
16560,LDHIPLAIR,0.0
16561,SHGCIG,0.0
16562,DHGWPDH,0.0
16563,QDIMT,0.0
16564,ICKEHKLAKP,0.0
16565,GNLSND,0.0
16566,LHKDRNHG,0.0
16567,QRTDNNSQL,0.0
16568,DQTVQSC,0.0
16569,VRRNRTNDK,0.0
16570,TVGEMETC,0.0
16571,GEDMNTTLNA,0.0
16572,CCCSIDV,0.0
16573,GVNKRYDI,0.0
16574,AHKSCQ,0.0
16575,TAGHC,0.0
16576,LIARERSVTC,0.0
16577,CQESVPQPK,0.0
16578,YFITMDGDGT,0.0
16579,RPEEC,0.0
16580,PKGKQ,0.0
16581,GVPGVQ,0.0
16582,ADLIQIARC,0.0
16583,RIASAQCQEP,0.0
16584,EPLATDL,0.0
16585,QRGMQQRDHY,0.0
16586,GDWQLEARTN,0.0
16587,TCCKVDN,0.0
16588,CYEIEQIR,0.0
16589,LTCMKNVMK,0.0
16590,SRPGIANMKE,0.0
16591,KAWMKHQ,0.0
16592,QNLHPQC,0.0
16593,GKDRISTCVC,0.0
16594,EFRTRRVHKR,0.0
16595,HVHKHMDEQ,0.0
16596,TSTHGGLYK,0.0
16597,QFQIN,0.0
16598,KEVKSVDCMI,0.0
16599,RQGHEYRVR,0.0
16600,YDEKG,0.0
16601,KHRCIGQN,0.0
16602,AQTGNEVWDS,0.0
16603,NQLWSMPKE,0.0
16604,NLEKDMMWS,0.0
16605,GGSSRVNDHT,0.0
16606,ECLKCCN,0.0
16607,GEDKRKLT,0.0
16608,AAEVH,0.0
16609,SKNKHG,0.0
16610,MEVYTSCPDP,0.0
16611,KQLMN,0.0
16612,PQRVDDMN,0.0
16613,LIEGN,0.0
16614,NVGAHNCKS,0.0
16615,GDHSPVI,0.0
16616,GLDTDWKD,0.0
16617,KGTHNKF,0.0
16618,RRKKNLR,0.0
16619,YGEPP,0.0
16620,KEGMT,0.0
16621,GRHCLQYLG,0.0
16622,CSHKRPVP,0.0
16623,LNAFLRTIR,0.0
16624,TGTTWPIE,0.0
16625,CALDTMVQD,0.0
16626,REKNWKCYPK,0.0
16627,HPIAMPLK,0.0
16628,VSMARK,0.0
16629,MCIDEQIC,0.0
16630,EQWNAHG,0.0
16631,CPTGMTQEPA,0.0
16632,DEGRF,0.0
16633,PSNEPFE,0.0
16634,GDCTDDYPPE,0.0
16635,NIPNE,0.0
16636,QQQMAWNQNQ,0.0
16637,EWGHLD,0.0
16638,MEPCAPHHPE,0.0
16639,DHSAFSCWQ,0.0
16640,SQQQNR,0.0
16641,CRHACG,0.0
16642,TEQWCKEKR,0.0
16643,GPCVN,0.0
16644,GKGAFTKS,0.0
16645,EMNSGEDT,0.0
16646,ETNRC,0.0
16647,YRTVLMIN,0.0
16648,NQSVPM,0.0
16649,SAGFAYVA,0.0
16650,VGKATTRPQH,0.0
16651,AVECRT,0.0
16652,KAHLYTSAA,0.0
16653,TGDRDD,0.0
16654,NVDGNHS,0.0
16655,IVFLRIRA,0.0
16656,DNSCNT,0.0
16657,NQRTG,0.0
16658,MQRVC,0.0
16659,VEYEPQMERV,0.0
16660,TDLAKMACIV,0.0
16661,RQVVTEN,0.0
16662,LVLDSET,0.0
16663,EQDECFRYR,0.0
16664,GMMVNK,0.0
16665,DGTDYMMQS,0.0
16666,GKMFQEMK,0.0
16667,CTRAWMVRTR,0.0
16668,MVCRALIL,0.0
16669,ENDGLF,0.0
16670,GWDSE,0.0
16671,CICEQA,0.0
16672,CTIQCN,0.0
16673,REVHEGQNR,0.0
16674,LKTVSR,0.0
16675,KDLEYCLLQ,0.0
16676,DNICSEPPDM,0.0
16677,PMAMITCK,0.0
16678,FGHWFDQG,0.0
16679,NQMEWEMDGG,0.0
16680,WVRKSEQQP,0.0
16681,VRDSYVKL,0.0
16682,LADDGMGKD,0.0
16683,LPYERVE,0.0
16684,FNDCEICCR,0.0
16685,FCETDRS,0.0
16686,QDPVDKQSA,0.0
16687,SEEQTKIPG,0.0
16688,NGRKPVWI,0.0
16689,LCAGEHMYK,0.0
16690,EKQEEQFTWE,0.0
16691,TAQDQSM,0.0
16692,PMDGVGLKDV,0.0
16693,MSRSTCKE,0.0
16694,FRLVRGMS,0.0
16695,NYPLNRN,0.0
16696,TFKYQWNTG,0.0
16697,SVGPRCC,0.0
16698,QTLEEYGYN,0.0
16699,ITKDMNP,0.0
16700,HHLLNIPTE,0.0
16701,VDGPPVRR,0.0
16702,KIVKVITI,0.0
16703,ENIGEPWV,0.0
16704,GHMCAQSADM,0.0
16705,QSVGLHQD,0.0
16706,GRGNRWGD,0.0
16707,DADFFDA,0.0
16708,KMCSTHNA,0.0
16709,AWVRTG,0.0
16710,EQWDFN,0.0
16711,NMHNNCSQ,0.0
16712,SHDVRNKNQ,0.0
16713,DKFLKNVI,0.0
16714,LVWASKNLS,0.0
16715,VQGLL,0.0
16716,LHSDDKAMCG,0.0
16717,EWAKAK,0.0
16718,CQGQG,0.0
16719,ALYGEEEQQC,0.0
16720,GRDMDE,0.0
16721,PFTNMVDP,0.0
16722,GIKKEYAGE,0.0
16723,EQKFHLG,0.0
16724,VYGGDE,0.0
16725,NEYVLHIWD,0.0
16726,RDNDVSCMIS,0.0
16727,KDSPVQVG,0.0
16728,MYIRRYKG,0.0
16729,LRRSWRNQ,0.0
16730,GDHEYDYDT,0.0
16731,ICYDICQ,0.0
16732,CSRRETMDM,0.0
16733,LERSLQGYG,0.0
16734,DADHAM,0.0
16735,HETNNHQHE,0.0
16736,KTVKTNNVS,0.0
16737,VTVVNEETL,0.0
16738,ENSGI,0.0
16739,IIRNRRW,0.0
16740,DGMGTRINP,0.0
16741,ESDYQC,0.0
16742,SAQCGYKVTV,0.0
16743,ILGVSALEH,0.0
16744,DMEEYPW,0.0
16745,DMSVISWGMT,0.0
16746,FMSQHRR,0.0
16747,DHQLH,0.0
16748,NPFNLRPA,0.0
16749,ERKLLLN,0.0
16750,TEGECG,0.0
16751,DLRVK,0.0
16752,NCKPCKH,0.0
16753,QIQSQRWR,0.0
16754,CGWRLR,0.0
16755,HVARIFGNC,0.0
16756,SRNARIVVMI,0.0
16757,CRRGMGWGMA,0.0
16758,EIAMAL,0.0
16759,CWPMTSNVK,0.0
16760,GPNNKRV,0.0
16761,NIVNRKR,0.0
16762,EGRGTSS,0.0
16763,EYCQSEVCS,0.0
16764,MQCQGT,0.0
16765,GNEIG,0.0
16766,EQGFEIHYV,0.0
16767,EEMGSD,0.0
16768,DSTTVIA,0.0
16769,DWAVN,0.0
16770,GTNNNS,0.0
16771,PNTNRAHLVR,0.0
16772,NCWDEMS,0.0
16773,QTNAKITTLL,0.0
16774,SKRGN,0.0
16775,ICVNIMLKAR,0.0
16776,WPIEDVHQV,0.0
16777,KETPSRCD,0.0
16778,VSANKL,0.0
16779,HESCQPN,0.0
16780,ASNMSIAHM,0.0
16781,NKDFNDQRQY,0.0
16782,VGSYRHMSK,0.0
16783,ILYEDP,0.0
16784,DRMQWKYTL,0.0
16785,RGCARRVH,0.0
16786,KRALMCPPG,0.0
16787,GFKIRPK,0.0
16788,PLPKMKGN,0.0
16789,CVKDEE,0.0
16790,NQNETIAEFH,0.0
16791,EPPQYDM,0.0
16792,VAVQMTREQ,0.0
16793,IAAEMD,0.0
16794,DLAVI,0.0
16795,KDMVGEM,0.0
16796,AGHHA,0.0
16797,SSTKCNQ,0.0
16798,AGASQWRF,0.0
16799,QTNAM,0.0
16800,SNSQPKNL,0.0
16801,CTISGTEAF,0.0
16802,NIDVDW,0.0
16803,IRDIIQGAH,0.0
16804,YIKLRRF,0.0
16805,DGVLEYK,0.0
16806,GFSNRC,0.0
16807,HEIMD,0.0
16808,EQAAKLCCSE,0.0
16809,ESMTHQQQTP,0.0
16810,QANRIENAY,0.0
16811,SGEGY,0.0
16812,LDEHDLNAIR,0.0
16813,LIETQPRP,0.0
16814,KRYAV,0.0
16815,FEQEHMVS,0.0
16816,VTWKNRV,0.0
16817,DPLDQEMP,0.0
16818,GEAASH,0.0
16819,KYASK,0.0
16820,RTEDSQWH,0.0
16821,DTRQYTENTW,0.0
16822,DQPVL,0.0
16823,VCRGVKINRD,0.0
16824,EDMSLHVN,0.0
16825,RTGQDDVTN,0.0
16826,ILIMSDKNAC,0.0
16827,MCEWDQQVTM,0.0
16828,AHRFGG,0.0
16829,CGNSNAHQD,0.0
16830,GEMMVK,0.0
16831,RCSRLNTP,0.0
16832,GGHVDWGQPV,0.0
16833,NFAQQMVIA,0.0
16834,QDDKCM,0.0
16835,PIGLRRI,0.0
16836,QKANDCS,0.0
16837,AMFKHQDA,0.0
16838,NRCVIGQC,0.0
16839,GFYDSGMRQ,0.0
16840,TYCEAKMYE,0.0
16841,DQDRMTR,0.0
16842,WGIWEECD,0.0
16843,INGKH,0.0
16844,MEGPTSIQ,0.0
16845,NDMEILQ,0.0
16846,ANRRI,0.0
16847,DGEFTWLA,0.0
16848,RKIEMSLKN,0.0
16849,ISCDFE,0.0
16850,SKLAASG,0.0
16851,DAEHSKR,0.0
16852,MRHIKRIT,0.0
16853,HQDQFNN,0.0
16854,RHVRSGTT,0.0
16855,RSKES,0.0
16856,LQCTNMS,0.0
16857,HCCDIMEEQA,0.0
16858,DTKEVNHSIL,0.0
16859,QMDTKMR,0.0
16860,HYCERIWDR,0.0
16861,TQPTGQTPLV,0.0
16862,DFSMGND,0.0
16863,KLMKNTP,0.0
16864,PNGFNPKIVR,0.0
16865,KFQENDNYH,0.0
16866,ERGHHEPLM,0.0
16867,NPMGENLQWQ,0.0
16868,LFTDLAFQM,0.0
16869,HLLQRDCDTM,0.0
16870,TDECENSL,0.0
16871,NDMRVDC,0.0
16872,NNGANTAHPW,0.0
16873,KSEDVCT,0.0
16874,MAHRGVDTR,0.0
16875,PEEDNVGHQQ,0.0
16876,MEAEGH,0.0
16877,TENNFDND,0.0
16878,YKMNR,0.0
16879,DPNPRDMYDH,0.0
16880,ESQMN,0.0
16881,GNLTIDE,0.0
16882,DNVLQTGYE,0.0
16883,GNKKLDMIL,0.0
16884,DTTVDSVMR,0.0
16885,QTAVRH,0.0
16886,SSLPQLQE,0.0
16887,NVLLKVLKR,0.0
16888,RHAYKNMIKG,0.0
16889,NTTLKQQS,0.0
16890,ALGLDTWNG,0.0
16891,EWDPRMTCM,0.0
16892,GWKPFNQIA,0.0
16893,QNIILLQTGT,0.0
16894,TQPHQEM,0.0
16895,AQCCNST,0.0
16896,SGMMQA,0.0
16897,QDAWSTEG,0.0
16898,PMMAR,0.0
16899,YDCHQEVYE,0.0
16900,KFGKKYAN,0.0
16901,PMLMHSAGRA,0.0
16902,PEVEP,0.0
16903,ELGATPESL,0.0
16904,VNKGKWQ,0.0
16905,EGDIAKPDL,0.0
16906,RRHINTS,0.0
16907,SIGMNCMT,0.0
16908,GQWCENLLK,0.0
16909,MPTDPEGV,0.0
16910,CDMKFGAVC,0.0
16911,CDMKLTQE,0.0
16912,FDAGKMTKIE,0.0
16913,CRACIS,0.0
16914,TLQLWQNND,0.0
16915,MIRPNEN,0.0
16916,GITLLEL,0.0
16917,CGQED,0.0
16918,ATNAA,0.0
16919,KKNNIPHVA,0.0
16920,RGLTDQND,0.0
16921,DNETMDGWI,0.0
16922,LQNRDI,0.0
16923,MGTDH,0.0
16924,NLDGTQ,0.0
16925,ACEWSHLSI,0.0
16926,HDALRK,0.0
16927,DNTLNT,0.0
16928,PNILPEDKI,0.0
16929,TGKRI,0.0
16930,AGHCQHQIS,0.0
16931,RRSDRS,0.0
16932,RLNCK,0.0
16933,TEHMFSQH,0.0
16934,CRVQWGKFD,0.0
16935,CLSRCEP,0.0
16936,NTMTEEFL,0.0
16937,KLPGGCGIG,0.0
16938,NPIMDQAL,0.0
16939,VNTEQHK,0.0
16940,HEEWEW,0.0
16941,RFAQNTG,0.0
16942,QNECDK,0.0
16943,EKFDATPHH,0.0
16944,VKLKC,0.0
16945,DRNFMQK,0.0
16946,YQYAQSHHE,0.0
16947,NQWQFG,0.0
16948,IIHQILR,0.0
16949,EPPDM,0.0
16950,MQRKT,0.0
16951,APDIYN,0.0
16952,CESMVFCQ,0.0
16953,NQSQDMGGGW,0.0
16954,MYGTIE,0.0
16955,NMCKM,0.0
16956,AYKSLMRLV,0.0
16957,YRTLDPRDRT,0.0
16958,WNGADNIGS,0.0
16959,GGNLM,0.0
16960,MGMNYDQIE,0.0
16961,QDSCLALCF,0.0
16962,QHSRIVAE,0.0
16963,EMATD,0.0
16964,QRGKPRI,0.0
16965,LDPWAGAQSP,0.0
16966,ENYNIRLGP,0.0
16967,PGQEV,0.0
16968,NGISVRYTSK,0.0
16969,IFDNCQAM,0.0
16970,EEHSEWKIC,0.0
16971,MEWQNNH,0.0
16972,QEGQMSEM,0.0
16973,DNPWA,0.0
16974,SANQHAP,0.0
16975,CPAIKMQLMD,0.0
16976,DVLTDNF,0.0
16977,EFDHG,0.0
16978,DITPM,0.0
16979,VFTEVEEL,0.0
16980,GRLTM,0.0
16981,QEWYSE,0.0
16982,FENIT,0.0
16983,KKRFFT,0.0
16984,GWKETGVTV,0.0
16985,QQFPK,0.0
16986,GQLNMWST,0.0
16987,GVELHDFV,0.0
16988,VFILEGGM,0.0
16989,SQSGNVI,0.0
16990,AADPQCGHVR,0.0
16991,NDAEYREWQ,0.0
16992,FSDKATN,0.0
16993,QGEGMSI,0.0
16994,AVHSDKVTP,0.0
16995,EQFQNS,0.0
16996,WQEPIEIM,0.0
16997,MNVQLLC,0.0
16998,QNDVQNYP,0.0
16999,ERWSMLGK,0.0
17000,EMIKP,0.0
17001,SNTHVLGI,0.0
17002,EEMFPGSIDN,0.0
17003,VGAGFERC,0.0
17004,EPRCNNPAGS,0.0
17005,KYSAQHELN,0.0
17006,HRDGFKLMP,0.0
17007,GNCQGMNQW,0.0
17008,NNRLCGDNPY,0.0
17009,NDEHPF,0.0
17010,LYTDMNRRQ,0.0
17011,YKVGANVIQ,0.0
17012,QNKAGMND,0.0
17013,ITEGHTS,0.0
17014,FKRKP,0.0
17015,VCETGDHQLH,0.0
17016,QRVGWAHLK,0.0
17017,QLNDR,0.0
17018,WCQWQRTKR,0.0
17019,GIHCRGEDDQ,0.0
17020,YGWGKR,0.0
17021,KDIGHNKI,0.0
17022,LCTPSCGL,0.0
17023,EQTRI,0.0
17024,AMVQLA,0.0
17025,EDCSWIA,0.0
17026,CQPARHM,0.0
17027,ITWQIGE,0.0
17028,DDSLNRV,0.0
17029,FAEAVGQLMR,0.0
17030,EKGKI,0.0
17031,ADESNCKYE,0.0
17032,HMIQRVP,0.0
17033,CKGGDGWS,0.0
17034,ATQQSRD,0.0
17035,DMKPFRPDLN,0.0
17036,CRLYQIAVKG,0.0
17037,HSTRTLR,0.0
17038,KLLAEIKK,0.0
17039,NPVGAA,0.0
17040,RVDALN,0.0
17041,TSEMRDMP,0.0
17042,IYIEFEQS,0.0
17043,LMFQEE,0.0
17044,IRMQRILIRK,0.0
17045,GQIYNACCVD,0.0
17046,MYRRPRES,0.0
17047,TLEPQMN,0.0
17048,NFGRR,0.0
17049,PCPAD,0.0
17050,ANNEFLSGN,0.0
17051,MQAEMRR,0.0
17052,APIWSVAGIA,0.0
17053,DRVMEA,0.0
17054,IIRKNI,0.0
17055,DTPQMHD,0.0
17056,PPAPDVRSI,0.0
17057,AVNSEECK,0.0
17058,NQADKQSICP,0.0
17059,GCCIDL,0.0
17060,VCFDQSKHM,0.0
17061,SLYPNCRNAQ,0.0
17062,QDIVT,0.0
17063,MNSLE,0.0
17064,GGVVSKN,0.0
17065,QIQKQ,0.0
17066,DYSHDIS,0.0
17067,KETMCPDG,0.0
17068,YMCNNCN,0.0
17069,SGAYGVKDS,0.0
17070,EQQKKCYWC,0.0
17071,GRDTE,0.0
17072,HDIGEYRCS,0.0
17073,CPPCEIP,0.0
17074,CQGEAWE,0.0
17075,NTPVDVGW,0.0
17076,AQFRIMLVA,0.0
17077,DSHDYDN,0.0
17078,KAAKWKVLRK,0.0
17079,VGQKKNEV,0.0
17080,IEDVW,0.0
17081,GQMPTHVIS,0.0
17082,KREMEHRNC,0.0
17083,IVQDCNML,0.0
17084,AHMFKRCEI,0.0
17085,WDVEC,0.0
17086,IGNKNGNQ,0.0
17087,NDSCNQPIGK,0.0
17088,WADQE,0.0
17089,FEGVSPYTD,0.0
17090,QLDFCICKI,0.0
17091,KTQRWEQ,0.0
17092,RWMSIQH,0.0
17093,GHRHGHSQ,0.0
17094,RVVAINDLN,0.0
17095,NRSIR,0.0
17096,IERYCETAV,0.0
17097,NVIVLGSMEC,0.0
17098,RKSFHK,0.0
17099,EWLEDGLAR,0.0
17100,RYNSREMRH,0.0
17101,DSQNYWRQC,0.0
17102,GIPCE,0.0
17103,PNKSKVEI,0.0
17104,TCQYNTTKRA,0.0
17105,LCTIQVCE,0.0
17106,AKTMRGQYM,0.0
17107,KLNWR,0.0
17108,MKQKSSEF,0.0
17109,MKNNGT,0.0
17110,SQGWNLQS,0.0
17111,SDTVQN,0.0
17112,VCDHTHKQT,0.0
17113,VNSVEMD,0.0
17114,KPREPVSKY,0.0
17115,NGGSEGE,0.0
17116,DPNMV,0.0
17117,AHGYAG,0.0
17118,QQADTN,0.0
17119,FCTSHGSQLP,0.0
17120,IEMNTES,0.0
17121,AYKGDE,0.0
17122,YGTGQ,0.0
17123,HKVLR,0.0
17124,LIGTPE,0.0
17125,CESCTM,0.0
17126,VRVACEDS,0.0
17127,YEGQHP,0.0
17128,ELVQDTPF,0.0
17129,DALAS,0.0
17130,PVMTDK,0.0
17131,GKRFK,0.0
17132,DKHQCVR,0.0
17133,QDRSLDLH,0.0
17134,HQQRSR,0.0
17135,NDIPPCI,0.0
17136,GPHRPRRWMM,0.0
17137,RPWIQVEEND,0.0
17138,SDELA,0.0
17139,VSDDDRIPPY,0.0
17140,QRTENA,0.0
17141,KDQVM,0.0
17142,THQPKTA,0.0
17143,TPRLN,0.0
17144,NLGQMP,0.0
17145,PRAAFCDVE,0.0
17146,IDAEQDADVA,0.0
17147,YEDRHHENNP,0.0
17148,LDCVE,0.0
17149,PMQIEHKV,0.0
17150,QHEMQET,0.0
17151,TPMPKAI,0.0
17152,INVKEAC,0.0
17153,GTWARHIDEK,0.0
17154,VAGGWKIGV,0.0
17155,RSKKPGGNE,0.0
17156,DMQYLDMGM,0.0
17157,INHYGCCAGE,0.0
17158,RCERAMGCAE,0.0
17159,ETNYGCHAN,0.0
17160,WPNRA,0.0
17161,IQTQGWE,0.0
17162,KDTADFVMCK,0.0
17163,LKDKAKSNS,0.0
17164,MRDRE,0.0
17165,PGEWE,0.0
17166,DIDHVGGM,0.0
17167,FDREQGPL,0.0
17168,HDNGSAR,0.0
17169,ASTME,0.0
17170,CNIPD,0.0
17171,RTISRWIM,0.0
17172,NRTMA,0.0
17173,NSVCKE,0.0
17174,AKAIDQKGE,0.0
17175,ANKGT,0.0
17176,YDQTTNP,0.0
17177,EKENIIAY,0.0
17178,QPTASQEM,0.0
17179,GMVKR,0.0
17180,KTCRECQGRF,0.0
17181,GYTQFDG,0.0
17182,DPIVT,0.0
17183,IDNDFK,0.0
17184,AQTNLGGF,0.0
17185,ETLVPP,0.0
17186,WVIQAFDEQ,0.0
17187,AFVDKG,0.0
17188,GCHKHSDELE,0.0
17189,TGMYKKSTG,0.0
17190,TSLRWKPCI,0.0
17191,VEGQKKHKSW,0.0
17192,YNKDHTIPK,0.0
17193,IGPVGM,0.0
17194,ALVTYNKDRA,0.0
17195,AQQDQ,0.0
17196,EDVEIPNY,0.0
17197,LQFQNVG,0.0
17198,CQCAND,0.0
17199,SRWQQMRL,0.0
17200,HRLNPMCA,0.0
17201,DSTYPTSRD,0.0
17202,ARNTIV,0.0
17203,ESDTMCDR,0.0
17204,NPEWMMDQ,0.0
17205,PRPTMGM,0.0
17206,CNQHRR,0.0
17207,KGLDLK,0.0
17208,GGQATK,0.0
17209,QISKLEKD,0.0
17210,ECNGHYVAV,0.0
17211,CCRGTLYK,0.0
17212,CEQGAY,0.0
17213,DPNMGT,0.0
17214,VHLRNQVSQ,0.0
17215,ETKPMHHRS,0.0
17216,EYFIDCRMPE,0.0
17217,QDYQNGF,0.0
17218,SVKDIIVRVN,0.0
17219,ETPREEQV,0.0
17220,RGKVITSYT,0.0
17221,DDTCAWL,0.0
17222,TGNTGKFD,0.0
17223,RYTQEKLRSK,0.0
17224,DRQQMLPS,0.0
17225,EQGITANYNY,0.0
17226,GLFAEFERM,0.0
17227,IMPDRGCD,0.0
17228,TGMSCKAWG,0.0
17229,PFLGNQT,0.0
17230,EKWNNICSR,0.0
17231,GVLRNSEPC,0.0
17232,GFNMD,0.0
17233,HNIKVQHN,0.0
17234,KENGE,0.0
17235,QFQRI,0.0
17236,AQLPCLTPTK,0.0
17237,RRMLM,0.0
17238,SWDNE,0.0
17239,KTMALQM,0.0
17240,QNNDVH,0.0
17241,VMSSGKR,0.0
17242,GISRKI,0.0
17243,NLLPKLQ,0.0
17244,GLITDI,0.0
17245,LGVHLARNRM,0.0
17246,FRRTELG,0.0
17247,RTRHEEADE,0.0
17248,SAKTHSK,0.0
17249,NKIWAQGSE,0.0
17250,VNMMRKE,0.0
17251,AHKWQKRHRT,0.0
17252,NWNGME,0.0
17253,SEGWCWND,0.0
17254,AHCQYCDGE,0.0
17255,PQWDNRFR,0.0
17256,KSTIDE,0.0
17257,LLNLR,0.0
17258,ADLYE,0.0
17259,LKCQESTED,0.0
17260,DRDPCIG,0.0
17261,QIKIDM,0.0
17262,NCQKRPTD,0.0
17263,QKLNQMA,0.0
17264,GGMDCGGI,0.0
17265,GLCTQ,0.0
17266,ECCMTPN,0.0
17267,DSGNW,0.0
17268,GYKNGM,0.0
17269,HVDKPVAMA,0.0
17270,GHCRRVKNE,0.0
17271,LPGDMEPPI,0.0
17272,CIIGAAAAL,0.0
17273,QMVDFTIDP,0.0
17274,QQQIPSP,0.0
17275,HIESQIGMA,0.0
17276,CCNNPG,0.0
17277,GNIKNYGP,0.0
17278,IQDWMCQK,0.0
17279,NHSPVPVK,0.0
17280,HVDWDKVIK,0.0
17281,LSDDIIH,0.0
17282,NLERESNQTF,0.0
17283,NVSMNTD,0.0
17284,VCRVKVWQ,0.0
17285,KESNDGFRD,0.0
17286,LNQQQEWAGI,0.0
17287,HGAGQDRAE,0.0
17288,MGGTQFFNA,0.0
17289,QHQTD,0.0
17290,CLIQMG,0.0
17291,EITHCRMC,0.0
17292,EEGLYR,0.0
17293,ESQPEVS,0.0
17294,MDYQAV,0.0
17295,DGTTE,0.0
17296,NNPEH,0.0
17297,YSGKWVGQK,0.0
17298,DGQKRDCYQE,0.0
17299,GTKEQLKN,0.0
17300,FDDGNAWMM,0.0
17301,HRWNKPVNQ,0.0
17302,SAKKTDTC,0.0
17303,GACVSQTSD,0.0
17304,ATKQFLDYV,0.0
17305,LQERETV,0.0
17306,KNKIGG,0.0
17307,DHMQFLQAK,0.0
17308,PSDDYACS,0.0
17309,AMKLP,0.0
17310,VAEDCV,0.0
17311,ECKGQACG,0.0
17312,CFYCTEEFEA,0.0
17313,LTDDL,0.0
17314,DRSCICSN,0.0
17315,ARIKQSMRA,0.0
17316,KDTAK,0.0
17317,HVIRKWCQ,0.0
17318,DTTLEVEG,0.0
17319,MTEQENET,0.0
17320,AGVKSK,0.0
17321,MQDCRKCP,0.0
17322,FHKCVEDDG,0.0
17323,QKCKM,0.0
17324,RKLTPFRNC,0.0
17325,GTSNEYSC,0.0
17326,SCRTPQKMY,0.0
17327,FTEDNARQA,0.0
17328,RMGSQNCKW,0.0
17329,MRRTG,0.0
17330,QFTAHPG,0.0
17331,KLTQRHP,0.0
17332,EDWPRTMAG,0.0
17333,SCETKKGD,0.0
17334,GEIWDT,0.0
17335,TSEMP,0.0
17336,MKEHAPESR,0.0
17337,CQVVLNVSEN,0.0
17338,FDSEG,0.0
17339,RLKNGVKAL,0.0
17340,SEAMQHGCC,0.0
17341,CRRDK,0.0
17342,CHMGSVIQ,0.0
17343,YQHTEQVRV,0.0
17344,KLTESA,0.0
17345,PSKNG,0.0
17346,CNEDSMHTF,0.0
17347,VRSDEFLE,0.0
17348,PCNRA,0.0
17349,DEFNNQWNK,0.0
17350,QRGFMM,0.0
17351,NEGLTN,0.0
17352,CDRMKGSIKA,0.0
17353,GTDPYTQ,0.0
17354,GPGTSCCV,0.0
17355,EIQFMGM,0.0
17356,MKFARV,0.0
17357,DVIHSN,0.0
17358,NVQPFDN,0.0
17359,DNGRGKRK,0.0
17360,TPLAMNCPEQ,0.0
17361,TKSWYITQK,0.0
17362,RLKHLKE,0.0
17363,EDLNITP,0.0
17364,KDKKNTATED,0.0
17365,KSIAWRN,0.0
17366,ASPNMCRH,0.0
17367,GQENDHWEL,0.0
17368,IKQRACH,0.0
17369,NFRKENY,0.0
17370,MIDRHKRT,0.0
17371,HTDMRENL,0.0
17372,DPVHVEMEYG,0.0
17373,AIALNQ,0.0
17374,QQIMCSI,0.0
17375,CNFRVRPQH,0.0
17376,YDDKLDALA,0.0
17377,MQRCIV,0.0
17378,DRKRDI,0.0
17379,MESNENSQ,0.0
17380,TGTDAQA,0.0
17381,PGKMGM,0.0
17382,LNKIPRLYQQ,0.0
17383,MIQVNS,0.0
17384,GLITAED,0.0
17385,IYVQTHEGC,0.0
17386,DKFQIKEAP,0.0
17387,PQKHNMHR,0.0
17388,RCNKKLGWPQ,0.0
17389,MICALK,0.0
17390,KINQFRL,0.0
17391,KNRVINRY,0.0
17392,PKIVGME,0.0
17393,DTLCMGEH,0.0
17394,GKYAAR,0.0
17395,AECRG,0.0
17396,APVPRRTQF,0.0
17397,KWRNLMMA,0.0
17398,DCKECIPM,0.0
17399,RAKEGDI,0.0
17400,TCANTNIAH,0.0
17401,RMKVLD,0.0
17402,TWQLQYIDEA,0.0
17403,KYKDAK,0.0
17404,ENCEPKSF,0.0
17405,MSMVQD,0.0
17406,DRVDHC,0.0
17407,YRAYGDDNE,0.0
17408,WVPDQELDP,0.0
17409,QPEMS,0.0
17410,CQPSTDG,0.0
17411,AVQEY,0.0
17412,GWPIDPE,0.0
17413,RNADITQERM,0.0
17414,IDQMDFQNVW,0.0
17415,QKTRCM,0.0
17416,KHEQECQ,0.0
17417,VDHDNVSM,0.0
17418,LAQTN,0.0
17419,CRFSIRVEH,0.0
17420,LGEEWRPE,0.0
17421,YNWEQTRK,0.0
17422,QANNE,0.0
17423,RVGFR,0.0
17424,KAWDRFLNRL,0.0
17425,IMLCPNINR,0.0
17426,PQVTKCEAL,0.0
17427,TTPGE,0.0
17428,RRLTL,0.0
17429,WEQVGC,0.0
17430,CSGICWMLEM,0.0
17431,MDPDGNP,0.0
17432,HANND,0.0
17433,AQRIREARV,0.0
17434,ENTTVGDER,0.0
17435,ERRPGLIYH,0.0
17436,QSTGLTSWG,0.0
17437,YKGNGEWGVA,0.0
17438,QPQLMIG,0.0
17439,VKRHHRDRG,0.0
17440,GTVHCSKRAC,0.0
17441,AKQMVHA,0.0
17442,MHKGNM,0.0
17443,CQNEDVW,0.0
17444,VMWGKRFRPR,0.0
17445,RARLMGV,0.0
17446,QQEVSTW,0.0
17447,DMNSTDF,0.0
17448,VRKKCSL,0.0
17449,GYAGYQMTKK,0.0
17450,DTAWGVRE,0.0
17451,NSLSQEIF,0.0
17452,RTSQDDCSV,0.0
17453,ITTDARPGIM,0.0
17454,HPNTPMDT,0.0
17455,PRNVILRTCI,0.0
17456,IVGGP,0.0
17457,QCMGNHEA,0.0
17458,TIHHRNDG,0.0
17459,VEFDMGT,0.0
17460,SNKAYRCMSM,0.0
17461,NCTLIQSPDK,0.0
17462,VVEFLQMRG,0.0
17463,PDIGETRMDH,0.0
17464,MGEAD,0.0
17465,WSRLTKQ,0.0
17466,AVATG,0.0
17467,VKKKGHLSRK,0.0
17468,VRFVTIK,0.0
17469,CSETC,0.0
17470,SPDDRE,0.0
17471,IDSYLE,0.0
17472,AADARIMCVY,0.0
17473,GISQC,0.0
17474,INGDKHPVP,0.0
17475,VEEMQS,0.0
17476,DNMLI,0.0
17477,TFPTMVKID,0.0
17478,FGCVLECECA,0.0
17479,EMEGLIES,0.0
17480,RGGRYIWKLL,0.0
17481,RLNCKADMGE,0.0
17482,TGCWDIKRP,0.0
17483,LDRLKED,0.0
17484,CCDNID,0.0
17485,TAKGDKCQ,0.0
17486,VPMAQDKEQ,0.0
17487,CDSIRIQ,0.0
17488,NAQWQVVEIA,0.0
17489,ADMGE,0.0
17490,AVRIM,0.0
17491,AMIQAQLET,0.0
17492,HNRAKF,0.0
17493,CEHDRMT,0.0
17494,GDVMFHCND,0.0
17495,HNDAFTIC,0.0
17496,DMTIMC,0.0
17497,TEVAQW,0.0
17498,WKAGTANQ,0.0
17499,FPADCGE,0.0
17500,GACRAP,0.0
17501,CYNKASGANT,0.0
17502,GCGTAWMNA,0.0
17503,KKSNC,0.0
17504,FKAKFSR,0.0
17505,ERKIAHI,0.0
17506,QQQTP,0.0
17507,DGCVPLCI,0.0
17508,CKLIIIQG,0.0
17509,DSDPADTFL,0.0
17510,HIANVGV,0.0
17511,SQMFEGKM,0.0
17512,YRRPIMTM,0.0
17513,VPNSD,0.0
17514,VEYVDLTP,0.0
17515,GKCAGCP,0.0
17516,MWDGTRRN,0.0
17517,IIEHLCCS,0.0
17518,DTPYVPDIG,0.0
17519,ERYHVDACV,0.0
17520,NRGGLYK,0.0
17521,ELDQCKEMAL,0.0
17522,TEGELMPDN,0.0
17523,TTISSGLDL,0.0
17524,PDPQNEHE,0.0
17525,WSDGIILA,0.0
17526,HCVSYKKKI,0.0
17527,GERDMPMTV,0.0
17528,GAMVYDEHN,0.0
17529,IGSRKIFEK,0.0
17530,SVPQVDTCT,0.0
17531,TAKILMENP,0.0
17532,MGPNHLVQ,0.0
17533,VRFARC,0.0
17534,PTILNCE,0.0
17535,LARMEP,0.0
17536,EMGTLVKM,0.0
17537,EGTSDF,0.0
17538,YMPNKGE,0.0
17539,DDSFS,0.0
17540,TNQDMSC,0.0
17541,EDQQNN,0.0
17542,DPNIATNGDK,0.0
17543,QNAIFADTLQ,0.0
17544,KGHAIVSGA,0.0
17545,GIQSVD,0.0
17546,PYFDIVDNM,0.0
17547,NMNERVLLMC,0.0
17548,AAKHCSQFNG,0.0
17549,KGALP,0.0
17550,CRWTFLATR,0.0
17551,ETMFVN,0.0
17552,TGQDHMQL,0.0
17553,KQLGNELVVK,0.0
17554,GVHRAL,0.0
17555,NCCEMKKHE,0.0
17556,HGGTSL,0.0
17557,GLWMIGQQ,0.0
17558,VRTVQ,0.0
17559,RHNMVDQDVR,0.0
17560,VAHHQDEDKF,0.0
17561,REPHCG,0.0
17562,KRSWKQNMF,0.0
17563,TRNNRAYI,0.0
17564,EMQDARCRK,0.0
17565,EIQMV,0.0
17566,QDRCYSAEK,0.0
17567,PCNNQNKNAQ,0.0
17568,KMTQNRNP,0.0
17569,GFGLFVKGRE,0.0
17570,ESGMCICH,0.0
17571,SKTCLQQ,0.0
17572,ESLHGMNFEG,0.0
17573,EEDRRSMVLQ,0.0
17574,QSMTAIP,0.0
17575,PTSSHQQ,0.0
17576,IHMHQRPQC,0.0
17577,RQTKMECNP,0.0
17578,RHCGGRNE,0.0
17579,HKRCNGTK,0.0
17580,NQTDWG,0.0
17581,VREDNSDQ,0.0
17582,ERIKNMWP,0.0
17583,MDTCMRVKQA,0.0
17584,YSKVRMKT,0.0
17585,MGASC,0.0
17586,QGIIDCSGAE,0.0
17587,IMQRRGC,0.0
17588,FKKYRL,0.0
17589,QNPPCRVEKR,0.0
17590,IGIKGNKF,0.0
17591,NRSIKKIFTC,0.0
17592,PNRRLW,0.0
17593,FENMGSNMEF,0.0
17594,EHPDK,0.0
17595,IRQIEK,0.0
17596,EEYPSV,0.0
17597,DHWITQDL,0.0
17598,SEFHAENDK,0.0
17599,VGKAT,0.0
17600,EAEGGTE,0.0
17601,PNEYEDI,0.0
17602,DVQFECKEYW,0.0
17603,RRGDD,0.0
17604,KCVHDNPVRT,0.0
17605,ACDFNSCLA,0.0
17606,KEPIKVPNQA,0.0
17607,MGDNEFH,0.0
17608,ANSRTA,0.0
17609,TIPKYHNQQ,0.0
17610,CMMHNRD,0.0
17611,EWEPSLRA,0.0
17612,DGAIETNID,0.0
17613,HCMNPMR,0.0
17614,VLACCIQ,0.0
17615,NNPLQ,0.0
17616,GKVIVQD,0.0
17617,KNYQTG,0.0
17618,NWTWEAKTV,0.0
17619,FEHRGSG,0.0
17620,RAKFV,0.0
17621,LRGYDHLR,0.0
17622,PDIVN,0.0
17623,LRNSGSG,0.0
17624,SRFMVSNR,0.0
17625,AKSKN,0.0
17626,WQANIHRL,0.0
17627,INQEQSP,0.0
17628,QDMKTKGS,0.0
17629,EYEPLVIQP,0.0
17630,NAASC,0.0
17631,CWDATG,0.0
17632,TCWAEFDCP,0.0
17633,CGTYEDSKFE,0.0
17634,VPGDGDMP,0.0
17635,NRSCVLS,0.0
17636,HGMNEA,0.0
17637,NYKRFGKL,0.0
17638,EEQEN,0.0
17639,IVNIDDII,0.0
17640,MRYERR,0.0
17641,LSESLM,0.0
17642,WQVNTKNK,0.0
17643,NLRNYSTEG,0.0
17644,WEEMIG,0.0
17645,NNALRM,0.0
17646,EGMKEVCS,0.0
17647,FKDDPNCMNG,0.0
17648,YRNQDIDFNN,0.0
17649,CLNKIVTN,0.0
17650,KRQMHQG,0.0
17651,MNAIRP,0.0
17652,RAVRGRGRRD,0.0
17653,DNTNLG,0.0
17654,QSKIRHGP,0.0
17655,GCQYTMAKVM,0.0
17656,AGDNVN,0.0
17657,EEFLKRAAKN,0.0
17658,CVAIHDVLS,0.0
17659,RNADARAVMW,0.0
17660,VDNMVRHE,0.0
17661,STMLAG,0.0
17662,ILPTDVENY,0.0
17663,KITSNRYM,0.0
17664,GFGMSHDMP,0.0
17665,HDDTYNVA,0.0
17666,NAINMCMCDV,0.0
17667,RDPSQD,0.0
17668,NTVATP,0.0
17669,ENLWNMEIPQ,0.0
17670,YAYAEQNES,0.0
17671,QPISADVN,0.0
17672,DPDILVPMR,0.0
17673,DRWQTDQPPE,0.0
17674,KLAKP,0.0
17675,IHNQEESLFE,0.0
17676,SHDVD,0.0
17677,ELDQC,0.0
17678,MGCENN,0.0
17679,LANDAC,0.0
17680,CFAGK,0.0
17681,NMAYGQMVM,0.0
17682,EVEGVG,0.0
17683,QPNIENSCL,0.0
17684,PVCDTAECT,0.0
17685,ACLDSWDQ,0.0
17686,LGQTYNEL,0.0
17687,MARDSFHQ,0.0
17688,GMRHQDEQ,0.0
17689,EHNWFDA,0.0
17690,KCAFYAQKQD,0.0
17691,GVCDHIGQ,0.0
17692,ESECN,0.0
17693,DEHLRNKPN,0.0
17694,IVKCDWDSAD,0.0
17695,CQKCNR,0.0
17696,RQSPRVKGGY,0.0
17697,LENIIM,0.0
17698,GIRGKFGL,0.0
17699,RHEDEPMHS,0.0
17700,ENCYKFVLA,0.0
17701,ATEREL,0.0
17702,VMNTNSMR,0.0
17703,RKDIT,0.0
17704,WMAEDQM,0.0
17705,DRGVIFNMLA,0.0
17706,ETAYPVT,0.0
17707,IHIYEQM,0.0
17708,ECMGEP,0.0
17709,VKSHMDA,0.0
17710,MTHQME,0.0
17711,THGTLVQ,0.0
17712,INDTVACAGF,0.0
17713,MGRLDGME,0.0
17714,NMHPKHMHQ,0.0
17715,DSIVGNR,0.0
17716,FKRCRHKN,0.0
17717,NNNRS,0.0
17718,DSEAIM,0.0
17719,QMDIFKGM,0.0
17720,GLKYRAAYV,0.0
17721,QPAAFMIE,0.0
17722,DVVER,0.0
17723,RTVSKCRN,0.0
17724,HWSQEVP,0.0
17725,TRANQQLLKF,0.0
17726,VDLFMEDNEG,0.0
17727,APRVEGMYE,0.0
17728,SIKKL,0.0
17729,AIKMAP,0.0
17730,QDMESNN,0.0
17731,GQIEHM,0.0
17732,QRPLKFRI,0.0
17733,QSEDIP,0.0
17734,KTNEA,0.0
17735,VNKGA,0.0
17736,GQCNML,0.0
17737,DYEVNIKLL,0.0
17738,AKGRQRWG,0.0
17739,NMGTYEDET,0.0
17740,TKTQVQLRC,0.0
17741,PAGDDAERRF,0.0
17742,EQAAY,0.0
17743,DNICS,0.0
17744,SALKD,0.0
17745,NFQGDPNVL,0.0
17746,GDWACIEGWE,0.0
17747,TFEGYDNAR,0.0
17748,SYDYYYNTEQ,0.0
17749,CQVAGAA,0.0
17750,VLIEFRREI,0.0
17751,CTTQHE,0.0
17752,QWCCDPQN,0.0
17753,DEDRDD,0.0
17754,GHLQRRVK,0.0
17755,TRQMASVI,0.0
17756,QETMNI,0.0
17757,GGEYCRL,0.0
17758,YNGIAE,0.0
17759,EQLQFRVDHK,0.0
17760,NWCQEQEH,0.0
17761,YSAQCEPE,0.0
17762,KKMEWITGIG,0.0
17763,SGTVK,0.0
17764,GGDQSQCTA,0.0
17765,GEIWNGVCGI,0.0
17766,LATLRVEPN,0.0
17767,NHKDISQN,0.0
17768,WMRGNRQ,0.0
17769,FSKATKESE,0.0
17770,QSHGR,0.0
17771,QRLCCRCYL,0.0
17772,CTNVRPQS,0.0
17773,WESEQCWQE,0.0
17774,NKPEHFPSRS,0.0
17775,HGHHSMCWA,0.0
17776,EFEWDIYH,0.0
17777,NADAEEYFGW,0.0
17778,GGKIMRF,0.0
17779,PEDWKGQQ,0.0
17780,DQTTLT,0.0
17781,QEITPLVRW,0.0
17782,RDRMSGVAKT,0.0
17783,IMVDFNRG,0.0
17784,ECNRIN,0.0
17785,SFRMNYKPVR,0.0
17786,DECIP,0.0
17787,KSEMR,0.0
17788,IAVDNHR,0.0
17789,AFLTATGQR,0.0
17790,LFGANE,0.0
17791,NCGMVTCP,0.0
17792,QSPEA,0.0
17793,ATTYEKDHAN,0.0
17794,MYHYSEDNGA,0.0
17795,YESAKTVHQD,0.0
17796,CELNTTSD,0.0
17797,DGEVDCV,0.0
17798,WESCMDQA,0.0
17799,GGSFPACIT,0.0
17800,KVRITC,0.0
17801,LGLIKK,0.0
17802,RRVLMGDQAA,0.0
17803,QAYEKGF,0.0
17804,TNGTNNEC,0.0
17805,TLTHGQMS,0.0
17806,FDHDVGQTTY,0.0
17807,REQMV,0.0
17808,SEAEHQF,0.0
17809,FDVVVHLNA,0.0
17810,PDNLRGDITK,0.0
17811,KMLRVWWQN,0.0
17812,KHETNTNPL,0.0
17813,LQCICK,0.0
17814,ILQMCMQK,0.0
17815,DSENDGKLA,0.0
17816,HQMFYNMCQ,0.0
17817,PFRVQCQGVV,0.0
17818,AVAKREGSH,0.0
17819,DFNLDCGQWM,0.0
17820,CKYAKI,0.0
17821,IEIAVKQDVQ,0.0
17822,GDHDG,0.0
17823,QTTKIR,0.0
17824,QRQPEIG,0.0
17825,MVEID,0.0
17826,QRIIN,0.0
17827,CRMQCVCC,0.0
17828,HQCQYPDQQA,0.0
17829,KGMQN,0.0
17830,RNVCIGQLYM,0.0
17831,WTDGRRKTN,0.0
17832,VGEEQMG,0.0
17833,DDVLEVNE,0.0
17834,CLCIRP,0.0
17835,ESPRD,0.0
17836,IEFAQEEGKY,0.0
17837,ISTPPRSCR,0.0
17838,QLGIEVM,0.0
17839,NNVTVS,0.0
17840,RLALSPCH,0.0
17841,RRIDQPC,0.0
17842,EVVEPGY,0.0
17843,NDLFSGDVTS,0.0
17844,ADAINF,0.0
17845,YNLPKETV,0.0
17846,DEKPAEYYVC,0.0
17847,ARGNS,0.0
17848,DALAQN,0.0
17849,TTIYGYDNQ,0.0
17850,KSLFPKG,0.0
17851,IAREQ,0.0
17852,DWIEMGSQ,0.0
17853,IFELEP,0.0
17854,QAYLTKKR,0.0
17855,QLKGDLYQGM,0.0
17856,EQNSLW,0.0
17857,TSDESNT,0.0
17858,IGKTTT,0.0
17859,DQVCI,0.0
17860,DSERSII,0.0
17861,LDSTQGFE,0.0
17862,RRDRAPPLH,0.0
17863,EFMVSDA,0.0
17864,LSETAEKAE,0.0
17865,TFRTK,0.0
17866,VSVQEE,0.0
17867,FTCSEN,0.0
17868,EDTINNSM,0.0
17869,NETTLQRYL,0.0
17870,EEWDD,0.0
17871,KDWAWRDAN,0.0
17872,HECNGFG,0.0
17873,MAKVM,0.0
17874,WMQPDDQ,0.0
17875,QCSSGQQHD,0.0
17876,WNEGVHEH,0.0
17877,CKAAIM,0.0
17878,RFTSGQ,0.0
17879,DVDHSE,0.0
17880,QEARIFK,0.0
17881,HDEMVDHQ,0.0
17882,AENRE,0.0
17883,RVNEAHNEAQ,0.0
17884,QGFLNVD,0.0
17885,SHDEN,0.0
17886,ALVPFKRG,0.0
17887,QACLCP,0.0
17888,MEDRKFSRQM,0.0
17889,STHAKNSI,0.0
17890,RCKEWEQP,0.0
17891,EVDCI,0.0
17892,LFDKCGAQI,0.0
17893,PKVGDRI,0.0
17894,GDDFPGTA,0.0
17895,SLQRRRMHCM,0.0
17896,MKHCYTRNL,0.0
17897,KRNFMP,0.0
17898,MRSNVFEE,0.0
17899,LMHDDPI,0.0
17900,QMKPNFGD,0.0
17901,NSGVCQWA,0.0
17902,KTRID,0.0
17903,DKNNGWS,0.0
17904,VPQDCCRP,0.0
17905,GEKHWPSV,0.0
17906,RLGTKGP,0.0
17907,DDTFMQCE,0.0
17908,WNAVDD,0.0
17909,RYDACQKVMR,0.0
17910,GSMRMVKS,0.0
17911,IFVDTVEI,0.0
17912,PCETM,0.0
17913,DMCNC,0.0
17914,RILERCPM,0.0
17915,PQVDEGVFD,0.0
17916,EFHMVAN,0.0
17917,CTMEGSRNES,0.0
17918,DAIII,0.0
17919,DNPSLHVFC,0.0
17920,KSQGN,0.0
17921,SEVDEDVE,0.0
17922,DHFHQDT,0.0
17923,CDALN,0.0
17924,LKDSQIHQ,0.0
17925,MTRVEEPFV,0.0
17926,RFTSEPSTL,0.0
17927,WDEKG,0.0
17928,TPLQVATIS,0.0
17929,GKQEYWCRD,0.0
17930,RQVWDALNK,0.0
17931,VMVLTCEA,0.0
17932,EQAAV,0.0
17933,FNLRRDKYPG,0.0
17934,ITRRRG,0.0
17935,VKNDQG,0.0
17936,KLWEELQ,0.0
17937,EQADTLHIGM,0.0
17938,CERMQRQKHP,0.0
17939,VGIACG,0.0
17940,RTPQQ,0.0
17941,LKACNPG,0.0
17942,DGDEM,0.0
17943,PDMDTDMLMV,0.0
17944,NQGDW,0.0
17945,HIMDTNN,0.0
17946,STMGE,0.0
17947,RNFNQSG,0.0
17948,SDHQSKHGA,0.0
17949,EGLIKR,0.0
17950,DSPPYE,0.0
17951,NTMDGGCS,0.0
17952,NNEQVVSVLS,0.0
17953,GMNQNNIW,0.0
17954,AEQIWTNRQS,0.0
17955,NRACV,0.0
17956,SASNDDAM,0.0
17957,ECLTN,0.0
17958,GINEQQT,0.0
17959,MLPNRQRKH,0.0
17960,NEDMCQLWM,0.0
17961,GCANCLWKEK,0.0
17962,LKDQV,0.0
17963,FGSQSHQ,0.0
17964,DDVHTEGHR,0.0
17965,AGAKVT,0.0
17966,NRTGESQGAV,0.0
17967,NNFISPNMK,0.0
17968,QRWAIDP,0.0
17969,NDNIPMDI,0.0
17970,LRTINDVR,0.0
17971,LTNNVYDSCM,0.0
17972,MFQQVPP,0.0
17973,WDNTDVTKTI,0.0
17974,NNEGMPYGLY,0.0
17975,DRDYRR,0.0
17976,QTDGI,0.0
17977,DLELVHM,0.0
17978,ANAMQWER,0.0
17979,SYTEQPFPQ,0.0
17980,AYMDQNILCE,0.0
17981,GSNCLIR,0.0
17982,QRTWGN,0.0
17983,RIKMYSR,0.0
17984,WIDDEPRE,0.0
17985,LDKEQVQSW,0.0
17986,QNQPMQ,0.0
17987,EEIGFN,0.0
17988,DFHELSF,0.0
17989,WRRNWSNNTQ,0.0
17990,RAGLA,0.0
17991,LAFNMTQPTE,0.0
17992,MEFEFGDA,0.0
17993,HHGQAVG,0.0
17994,PQDCM,0.0
17995,RPAAEDV,0.0
17996,LTLEGTA,0.0
17997,EQGDSPWW,0.0
17998,LPICED,0.0
17999,CFFAGRKGI,0.0
18000,PFKNQRG,0.0
18001,AVNDT,0.0
18002,HIEPRDAR,0.0
18003,QVENSNLN,0.0
18004,IVGLMCIIE,0.0
18005,IHIPEEELEH,0.0
18006,IKKTIVI,0.0
18007,VKTLWILEK,0.0
18008,EHNAPKKPT,0.0
18009,VVQQM,0.0
18010,PRHELREEF,0.0
18011,NMIQIDED,0.0
18012,PRMAL,0.0
18013,ELVVNQGEKT,0.0
18014,ALQWQCTLEL,0.0
18015,AQDGLTYVDL,0.0
18016,MEEGWNL,0.0
18017,KNLAMHAVRY,0.0
18018,KRIEVP,0.0
18019,YATPIIGV,0.0
18020,NLCNR,0.0
18021,EDRVALVEEE,0.0
18022,IDICRTMT,0.0
18023,KNKSNIAH,0.0
18024,DPWMAPRVK,0.0
18025,SVFPAQRC,0.0
18026,MKHEGTNT,0.0
18027,MCTPTGP,0.0
18028,DKWHVNCN,0.0
18029,LNEPV,0.0
18030,GVEMAKCYK,0.0
18031,YQKKSR,0.0
18032,TLECSLSC,0.0
18033,DQVNEPQKFW,0.0
18034,YEGCG,0.0
18035,MVWGLDPVVE,0.0
18036,DNSLCSPDD,0.0
18037,QSNTEDH,0.0
18038,KNRDNTR,0.0
18039,DHSTAL,0.0
18040,TLCKQFGDR,0.0
18041,EMIHANH,0.0
18042,CACNNEFSL,0.0
18043,NKRDHA,0.0
18044,THMSGSALG,0.0
18045,MNSNCFPRKE,0.0
18046,ALMGP,0.0
18047,PVQEWAQ,0.0
18048,SSFWMGDAET,0.0
18049,YKGNG,0.0
18050,RRWTKASWLK,0.0
18051,ACWDVQG,0.0
18052,RDENVNWH,0.0
18053,QVRNRNHW,0.0
18054,RQPDMV,0.0
18055,QNEHYST,0.0
18056,ADDSNRF,0.0
18057,ITKESINPIC,0.0
18058,GKHRV,0.0
18059,MRHDVIR,0.0
18060,NFLLAD,0.0
18061,WRKKLA,0.0
18062,FCNAK,0.0
18063,FTIQEKIK,0.0
18064,LCRCTNTN,0.0
18065,EEHIFACAL,0.0
18066,LRSAIQSNP,0.0
18067,KKVKP,0.0
18068,MCGCLA,0.0
18069,VTDPRG,0.0
18070,QCRWDSQCQQ,0.0
18071,DKPIGCP,0.0
18072,GWQGN,0.0
18073,WNVTETQK,0.0
18074,QQDQYWCTMR,0.0
18075,DQAEWKCYI,0.0
18076,RAFEGMITRT,0.0
18077,KLIRQLG,0.0
18078,EGDNQYGTQD,0.0
18079,GNCKELFLR,0.0
18080,AWGNVKRRI,0.0
18081,LSLGPEDDR,0.0
18082,WVDNHRGRL,0.0
18083,VAVATK,0.0
18084,TIAIGVR,0.0
18085,CIDAQE,0.0
18086,RRRLMIPNS,0.0
18087,LSVDVD,0.0
18088,AVQDCV,0.0
18089,MGQLSR,0.0
18090,GCDRRDRMRC,0.0
18091,SMWHGGEIM,0.0
18092,NWGLKEED,0.0
18093,RFIRCGNM,0.0
18094,EMTAFEC,0.0
18095,RKQDVKM,0.0
18096,PQNISQGTAT,0.0
18097,MIEDFHDEMF,0.0
18098,HSPQTRN,0.0
18099,AFNVE,0.0
18100,WQNKI,0.0
18101,QEPLCD,0.0
18102,MQSSNGVALR,0.0
18103,QWDQQN,0.0
18104,FARRYQGCAI,0.0
18105,EEHYEW,0.0
18106,MITIESQ,0.0
18107,SGWMEEMAVK,0.0
18108,LSTIR,0.0
18109,QMDKI,0.0
18110,EKNHKELA,0.0
18111,VDKISRCI,0.0
18112,MKRGDHT,0.0
18113,LPDDNDFFAN,0.0
18114,WDTGARGDER,0.0
18115,EAFLYPRDRR,0.0
18116,FIEITVAR,0.0
18117,DESERGYRAM,0.0
18118,AMDWRCTD,0.0
18119,SNVCTI,0.0
18120,NARQCEWM,0.0
18121,HHGCVGPER,0.0
18122,TLDTG,0.0
18123,QEKEL,0.0
18124,KRKCG,0.0
18125,NMAGGQHI,0.0
18126,RISSVQG,0.0
18127,DTTVYGTRN,0.0
18128,KWPMGWRR,0.0
18129,APSEAGNIFI,0.0
18130,IDPYNGCQKV,0.0
18131,KKWIR,0.0
18132,EQHTMSPC,0.0
18133,HKWERNNIE,0.0
18134,FGLKDVERAF,0.0
18135,QGMPKR,0.0
18136,MNMSQ,0.0
18137,LVNAAVKNR,0.0
18138,QMDDE,0.0
18139,NMCVIDKKM,0.0
18140,RYCTYKR,0.0
18141,TDAWWEHAV,0.0
18142,SASME,0.0
18143,CKKMVGGPC,0.0
18144,DLTMFDSFT,0.0
18145,NAHNN,0.0
18146,GSGVAA,0.0
18147,TVMDQAT,0.0
18148,PDGAHDPCWE,0.0
18149,LIQHNQPHH,0.0
18150,RMILERLDVL,0.0
18151,QTSPK,0.0
18152,KITQPRIPR,0.0
18153,TKRRGHAAM,0.0
18154,YKLLVQAGNL,0.0
18155,CRKNY,0.0
18156,DRKQAANTY,0.0
18157,GMVGMEPQHE,0.0
18158,VGNEE,0.0
18159,ITGSEIMH,0.0
18160,NRVLNDWIR,0.0
18161,NLRQTDKIPT,0.0
18162,NVGQQL,0.0
18163,STNTFSGRA,0.0
18164,ALKYRN,0.0
18165,DHNNVV,0.0
18166,DKGVYYGEV,0.0
18167,MDCIA,0.0
18168,ERAQQS,0.0
18169,HWARRCAEI,0.0
18170,HQDYPD,0.0
18171,CIHSDADNIQ,0.0
18172,ERPCLVRR,0.0
18173,LTDLIGST,0.0
18174,LWTSAKGVD,0.0
18175,RHSTSYKHA,0.0
18176,DYTQQNTIDK,0.0
18177,SDITCIYVV,0.0
18178,PLQIVQ,0.0
18179,LCRPCEKQ,0.0
18180,QKVKV,0.0
18181,DAKGNI,0.0
18182,VPSAHRTANS,0.0
18183,HGDYSMEL,0.0
18184,EVYCLMGT,0.0
18185,QFHYNQIQ,0.0
18186,CQIQDDI,0.0
18187,QSNGEWPL,0.0
18188,QTQTTM,0.0
18189,ATTCE,0.0
18190,FGTRIQ,0.0
18191,MFDKRA,0.0
18192,KTSPDGMA,0.0
18193,LMKTKQK,0.0
18194,IHNCPNE,0.0
18195,LGKRYPS,0.0
18196,FQLLHKPRGG,0.0
18197,PTVNHTYEG,0.0
18198,GDGLFPEK,0.0
18199,HTTDG,0.0
18200,DQMPTGRTV,0.0
18201,PSANATFSS,0.0
18202,MEWESSIMS,0.0
18203,SMLNQRKL,0.0
18204,PNFNARTRR,0.0
18205,GDQQHPRTLI,0.0
18206,PPEYIFDVA,0.0
18207,NALNEPTGLH,0.0
18208,TSFSDENI,0.0
18209,ISLRRM,0.0
18210,WNYSKVNA,0.0
18211,DAERGRPKHI,0.0
18212,DCMNMTG,0.0
18213,FEVLDMFNP,0.0
18214,TGRANTVGV,0.0
18215,CYAEEY,0.0
18216,VKMESLFVR,0.0
18217,QIVTTMMP,0.0
18218,CGSTIRFQRT,0.0
18219,QSDQGQTVF,0.0
18220,HTQEMVD,0.0
18221,ELSIDPGLM,0.0
18222,NDFKDYARA,0.0
18223,PLEANC,0.0
18224,QIQSAKKC,0.0
18225,NTFEMKG,0.0
18226,IVSNQPNRF,0.0
18227,VQRSSHTQ,0.0
18228,GMGAAGGF,0.0
18229,REKDETTW,0.0
18230,GTVTS,0.0
18231,EGKHLTFMG,0.0
18232,PLYLDHQQ,0.0
18233,MMRVVQR,0.0
18234,EKCLKEVC,0.0
18235,YATPADDEFQ,0.0
18236,HTDVHS,0.0
18237,WWYRDVDKQ,0.0
18238,CNAKETRVM,0.0
18239,DGCPQY,0.0
18240,RQAICPQWGT,0.0
18241,PQCER,0.0
18242,RDMQII,0.0
18243,LSMQSIR,0.0
18244,IIHSDDD,0.0
18245,RHEAEREIC,0.0
18246,IPQVIK,0.0
18247,CPKPMEGC,0.0
18248,MEHKHAMLE,0.0
18249,MLGSD,0.0
18250,LRLPIKTG,0.0
18251,HELDRCH,0.0
18252,ARPRD,0.0
18253,AEASFS,0.0
18254,VCDGPRR,0.0
18255,YGDMTPTTVQ,0.0
18256,GHAPNNAYEL,0.0
18257,GFKWCAGAR,0.0
18258,PWDGIQHRA,0.0
18259,ELFARM,0.0
18260,NKNLLACGCV,0.0
18261,GSRQEQF,0.0
18262,CNHADSPENN,0.0
18263,FRNITRAV,0.0
18264,GGNYE,0.0
18265,VGCQQNPN,0.0
18266,QWKNSRWVAE,0.0
18267,YNSGLETQNR,0.0
18268,HTEVDGSNWP,0.0
18269,EENAA,0.0
18270,QILYDFVVE,0.0
18271,GPRSC,0.0
18272,LLFQIID,0.0
18273,NLASPTFQVK,0.0
18274,IILETMD,0.0
18275,GLHSETSG,0.0
18276,ILTRCDTKM,0.0
18277,MNLEM,0.0
18278,PDGTMTFQ,0.0
18279,AKCFWNICK,0.0
18280,ATDDLN,0.0
18281,YDGEQQFP,0.0
18282,DMCNCPATH,0.0
18283,ARDEW,0.0
18284,TSARGPDP,0.0
18285,QHNGACIIEK,0.0
18286,SDCVNKHK,0.0
18287,METENDRI,0.0
18288,VGEVHIEKQV,0.0
18289,CKTNIN,0.0
18290,ADRGIVLTW,0.0
18291,MCGSCALPP,0.0
18292,DKCDTP,0.0
18293,CNRWHLPRNM,0.0
18294,LALPG,0.0
18295,DPKDIAAGP,0.0
18296,CNDPA,0.0
18297,NANMCS,0.0
18298,DNVFIN,0.0
18299,CLKESDM,0.0
18300,PNKESIPLI,0.0
18301,HMKKER,0.0
18302,PCHNDVC,0.0
18303,MKVQS,0.0
18304,KTTTIQNFR,0.0
18305,PGRRAQEKTS,0.0
18306,AQEYE,0.0
18307,IIVNGVGTDD,0.0
18308,TIVIGEHLTD,0.0
18309,AQLSSMIS,0.0
18310,RRPLRGAP,0.0
18311,EKQMLMYA,0.0
18312,VDCMIKEVKS,0.0
18313,RRYLG,0.0
18314,DRRKTSRHV,0.0
18315,ECQEGKDECY,0.0
18316,TPYDKNAI,0.0
18317,VFQNKA,0.0
18318,TMRESNSGG,0.0
18319,VSQLRHNFQQ,0.0
18320,EQRCVK,0.0
18321,TKRMNAEA,0.0
18322,CDAML,0.0
18323,QGQYEMTTM,0.0
18324,RSPYKSN,0.0
18325,ECLPV,0.0
18326,IMVTMGVRD,0.0
18327,ERDLPR,0.0
18328,NHDEDVD,0.0
18329,SAQYWED,0.0
18330,TCEEEDAP,0.0
18331,EAGKQQVW,0.0
18332,SGKPDNG,0.0
18333,CCSYIMMQQG,0.0
18334,VCENAHDWDY,0.0
18335,HNFLNSREK,0.0
18336,GADHQRSLTI,0.0
18337,RVLMGQVVSA,0.0
18338,MQQPRCP,0.0
18339,DHWLEYSSCN,0.0
18340,RAFFIQHQ,0.0
18341,EQRLSTCN,0.0
18342,SINAPGT,0.0
18343,DKYGYNMQG,0.0
18344,WELYAERPDE,0.0
18345,ITVELGDSEM,0.0
18346,ADGDLT,0.0
18347,QGQGCYSGD,0.0
18348,CQGECT,0.0
18349,DCFMTGEH,0.0
18350,QVAVMMRWNN,0.0
18351,MDKNVR,0.0
18352,FNMRL,0.0
18353,MCCRQQAQG,0.0
18354,AMQHVQREA,0.0
18355,LDEPGGEA,0.0
18356,DQPEYHWAQK,0.0
18357,KRATWKM,0.0
18358,LAEMYEAYES,0.0
18359,DRDGCRGVDG,0.0
18360,VVETDHHKTM,0.0
18361,VLKYR,0.0
18362,AWTAHIDNQT,0.0
18363,QACVPSL,0.0
18364,TEHLQTGCC,0.0
18365,VQGMHWQLRA,0.0
18366,DVNKD,0.0
18367,LKKSR,0.0
18368,VECMMGGNMS,0.0
18369,VREQI,0.0
18370,SHDVDNVKPP,0.0
18371,IIAQDHHLL,0.0
18372,RCTLLVVEK,0.0
18373,ICTETNSS,0.0
18374,HGGGIMPQ,0.0
18375,VEQLTRRLP,0.0
18376,ARPMVE,0.0
18377,HRNFQDRYKG,0.0
18378,EKGKRFTLS,0.0
18379,NAISTDD,0.0
18380,HGSEQVCE,0.0
18381,RLPKTEEMGN,0.0
18382,EKGRDY,0.0
18383,KAMVK,0.0
18384,GCNNLEME,0.0
18385,DPVQFAMI,0.0
18386,VRFKNLMV,0.0
18387,PEHDM,0.0
18388,QEKAHL,0.0
18389,QTRISRVC,0.0
18390,LLDQRV,0.0
18391,AINLRKHFC,0.0
18392,NFLPELKEA,0.0
18393,DDQEQDP,0.0
18394,FRGRHEE,0.0
18395,EWEFGWHG,0.0
18396,EEEQSIVNRR,0.0
18397,RTKECGY,0.0
18398,KKHDFGCINA,0.0
18399,RGTKSHAGTK,0.0
18400,TQVRSDDWGK,0.0
18401,MINDE,0.0
18402,CTTNPRM,0.0
18403,KNGLYRKIG,0.0
18404,NWAVIRACL,0.0
18405,EFCGA,0.0
18406,WGDMENEL,0.0
18407,AIFRVQ,0.0
18408,VMRADKYTS,0.0
18409,TSMIFDIS,0.0
18410,HPSNYEGC,0.0
18411,QRNGGNQC,0.0
18412,LERKDFR,0.0
18413,KMGDCSRRM,0.0
18414,EHVTEKFYG,0.0
18415,NKMINNAF,0.0
18416,AWQMVQQARP,0.0
18417,QRGAHG,0.0
18418,CECCV,0.0
18419,NSLHRGPFA,0.0
18420,SHNVCHTGCQ,0.0
18421,INWDQKHR,0.0
18422,DPRPKRPELV,0.0
18423,DGDKVGYATE,0.0
18424,YSRIKRDL,0.0
18425,IMLCENM,0.0
18426,DLRRPMLG,0.0
18427,NRIIN,0.0
18428,VCSFESIDT,0.0
18429,EADQDCWVV,0.0
18430,RPKAQARIED,0.0
18431,ESYINREAS,0.0
18432,KQGPE,0.0
18433,FTFINEQE,0.0
18434,EQKQQLGW,0.0
18435,SMPRG,0.0
18436,QRNLCEE,0.0
18437,PTPRMKD,0.0
18438,GARPSHIC,0.0
18439,CLDHPGCCVA,0.0
18440,FTKED,0.0
18441,DLQPQELWY,0.0
18442,CDCCSMTS,0.0
18443,CYRYNKNSAQ,0.0
18444,CKCRRYNVD,0.0
18445,EYISEEAPK,0.0
18446,RYDNMDTAQ,0.0
18447,AACASFSKNH,0.0
18448,RQALVSQ,0.0
18449,HNGTGHRC,0.0
18450,WKAQV,0.0
18451,AVQIP,0.0
18452,HDPIWDPPV,0.0
18453,GRGNS,0.0
18454,HKRLHHPN,0.0
18455,GINGE,0.0
18456,PSYVDPETT,0.0
18457,METDSML,0.0
18458,GSTHPPK,0.0
18459,CDCDLT,0.0
18460,SCRNN,0.0
18461,SSATI,0.0
18462,REASVSRQ,0.0
18463,EAPEEN,0.0
18464,QSEYDQNIP,0.0
18465,RMKYRVYNAK,0.0
18466,LWPQEKMACD,0.0
18467,DNAMVM,0.0
18468,SGKHSQYK,0.0
18469,QVRGQST,0.0
18470,VRQGSADALI,0.0
18471,ARRWEKCK,0.0
18472,IKNGENCC,0.0
18473,QYNCMWQQEL,0.0
18474,DSNKARAK,0.0
18475,IQTLLQRVC,0.0
18476,GNDPWDLPP,0.0
18477,NQHSDMCHSG,0.0
18478,VVQTEKENCA,0.0
18479,RVHGR,0.0
18480,QLPCTGPDS,0.0
18481,VQNCGQCKH,0.0
18482,HKNLKGG,0.0
18483,QMLTYTTMR,0.0
18484,RSRFAIACRY,0.0
18485,RALAHI,0.0
18486,RPTNGIKI,0.0
18487,QRIKSKD,0.0
18488,CTCEG,0.0
18489,DTNTCLVH,0.0
18490,APENTGD,0.0
18491,RSKWTGHV,0.0
18492,LLAGKH,0.0
18493,MMECEDQAS,0.0
18494,FWAIVDDNEG,0.0
18495,RTAQH,0.0
18496,GVHKGMM,0.0
18497,DEVVWAG,0.0
18498,DYSNKDDVFG,0.0
18499,KICCTWNPR,0.0
18500,PKQRLYMNR,0.0
18501,ISFEEH,0.0
18502,ARRDPEDWW,0.0
18503,PWTGDDG,0.0
18504,WDNAC,0.0
18505,EGIKPL,0.0
18506,RQVWDSICG,0.0
18507,QQRTWGVG,0.0
18508,RTVNACPFAG,0.0
18509,NTIEDSFKF,0.0
18510,QEEQN,0.0
18511,EYTTALFER,0.0
18512,CQTGDGLH,0.0
18513,SQEQM,0.0
18514,LDLQA,0.0
18515,DAMQETHNG,0.0
18516,NFEELDLSG,0.0
18517,VLNGEQ,0.0
18518,TTQRGH,0.0
18519,GSSHHG,0.0
18520,LKVRVA,0.0
18521,ESCASAD,0.0
18522,SVDSNC,0.0
18523,PCDGKQGN,0.0
18524,NHDKGGNN,0.0
18525,EVNPFNIMH,0.0
18526,YDERRCKPPM,0.0
18527,RICRDQRKAV,0.0
18528,DPSVEFE,0.0
18529,PSRDCKAFDT,0.0
18530,FIDKFTRQ,0.0
18531,NWGSVVGTNV,0.0
18532,APISCTK,0.0
18533,RYTLCDR,0.0
18534,TNLQDCE,0.0
18535,QTNQH,0.0
18536,QSHIVNLVTR,0.0
18537,GREKEPGPK,0.0
18538,CQRPLFKK,0.0
18539,VETSC,0.0
18540,QVESSKLVN,0.0
18541,LPCNG,0.0
18542,QDHNQR,0.0
18543,AHNGGLDKGH,0.0
18544,KRRKTIQW,0.0
18545,TIEDKYNHG,0.0
18546,FRFILEKAAK,0.0
18547,FIGQGGQPA,0.0
18548,KQAEEEGRR,0.0
18549,ASVQEI,0.0
18550,VGPDI,0.0
18551,NAACYGQTV,0.0
18552,LDAQGPS,0.0
18553,MQQEHHESD,0.0
18554,TAEAQLDN,0.0
18555,NEMAGKDS,0.0
18556,NKMGRNRKD,0.0
18557,NWTAPKKFGS,0.0
18558,VPSDESET,0.0
18559,ISQHIDT,0.0
18560,QEEMQH,0.0
18561,FGSQDCVRQK,0.0
18562,VETGYSNWT,0.0
18563,LTLVIKKC,0.0
18564,YLEKYLEVND,0.0
18565,GCTCVSHCA,0.0
18566,QPKIWLDE,0.0
18567,EVHASH,0.0
18568,ETYAQFESNT,0.0
18569,MAVKINSPRQ,0.0
18570,NFIVTK,0.0
18571,EGCAPWKNDC,0.0
18572,HQKVNSR,0.0
18573,LEEFV,0.0
18574,WGTVRTID,0.0
18575,WWNFCRQPE,0.0
18576,VRDPD,0.0
18577,SNNRST,0.0
18578,PEAEVWHS,0.0
18579,FKSSDFRP,0.0
18580,VAKEL,0.0
18581,YLSTGVND,0.0
18582,GNRYWPQIRA,0.0
18583,PRPQMMMKC,0.0
18584,RRSKARR,0.0
18585,TIGIRCLQCC,0.0
18586,THAPSKDKAI,0.0
18587,IDCQLFPQCA,0.0
18588,HRQQD,0.0
18589,EHYLTSTCS,0.0
18590,LIDQTCI,0.0
18591,QCYEDTQIH,0.0
18592,HSNDACCR,0.0
18593,LWGGAGLQE,0.0
18594,NIPEGIKI,0.0
18595,NCITLKMIT,0.0
18596,AHIQRAR,0.0
18597,AAVDIIVVDP,0.0
18598,ASTGFGSEH,0.0
18599,KQFRCTS,0.0
18600,KTAVKRIIS,0.0
18601,CHKSIGEIP,0.0
18602,PYGKRAGNQT,0.0
18603,GLFIAGD,0.0
18604,MGGGWNQSQD,0.0
18605,NQRGFNM,0.0
18606,HCNNRA,0.0
18607,TKSSTAM,0.0
18608,GLMQMKCCNV,0.0
18609,QVTIFNPR,0.0
18610,RMPKKDS,0.0
18611,NDPESAN,0.0
18612,LCERLGEADC,0.0
18613,WAENTKDVDM,0.0
18614,NGFRDGQ,0.0
18615,MRVWIKIDE,0.0
18616,GQCKRWT,0.0
18617,GEGAH,0.0
18618,DFMTDACRLG,0.0
18619,TAVEKIVWV,0.0
18620,PEQDPI,0.0
18621,MPEPCS,0.0
18622,NETHPHYSR,0.0
18623,QMFPVATALE,0.0
18624,LKMGVRNMEL,0.0
18625,TNTDLTLAH,0.0
18626,HWDNFRDG,0.0
18627,CAFSVQGV,0.0
18628,FDNDMTDE,0.0
18629,QNGRW,0.0
18630,IPNMCG,0.0
18631,PWGHDGV,0.0
18632,KIGGNN,0.0
18633,DHVPPFVSA,0.0
18634,NMEEVCHV,0.0
18635,MDSQQSLQF,0.0
18636,FGIMDLMT,0.0
18637,MVARPT,0.0
18638,GNNAIR,0.0
18639,DPWDM,0.0
18640,GNNKKHQG,0.0
18641,DPNSRML,0.0
18642,EHNNHEGP,0.0
18643,PGHGANHC,0.0
18644,WGHNENFSN,0.0
18645,GIQNEMGE,0.0
18646,CIVTRTIP,0.0
18647,SGWALCTECG,0.0
18648,NLNTR,0.0
18649,FLENRVYDEM,0.0
18650,HAETPG,0.0
18651,NRSMLKWM,0.0
18652,YDYRVQVHE,0.0
18653,KKDSDPWK,0.0
18654,EAGTDIGITH,0.0
18655,PKEKVEKNSM,0.0
18656,SGSQGV,0.0
18657,MLIPKKC,0.0
18658,PQMPQEVG,0.0
18659,RGRETR,0.0
18660,VINLFPQAD,0.0
18661,YKKKMVING,0.0
18662,RLIRLDNGN,0.0
18663,TIKQEQVNY,0.0
18664,VGHLADGSF,0.0
18665,YQCQWSDRRK,0.0
18666,ERPNN,0.0
18667,HFGYTDHLD,0.0
18668,NQKMIL,0.0
18669,CRGSQ,0.0
18670,QRCGH,0.0
18671,EGSNHI,0.0
18672,IPDSC,0.0
18673,TKKCGD,0.0
18674,DTRGINH,0.0
18675,SDVKSEVP,0.0
18676,QWNHESPES,0.0
18677,ACDNNTTFC,0.0
18678,RKARCQGT,0.0
18679,ANQGMPL,0.0
18680,EYQVI,0.0
18681,RCNEKNE,0.0
18682,KKWTR,0.0
18683,RDGLCFEAY,0.0
18684,YVFLPGKQDE,0.0
18685,KPWPQKAKD,0.0
18686,IHDIRESN,0.0
18687,GQRIMLIYQ,0.0
18688,QRVCQ,0.0
18689,MDEVQY,0.0
18690,DWVPCWEMM,0.0
18691,AQIECMFPTG,0.0
18692,TGGNPS,0.0
18693,VGRDNLVP,0.0
18694,NNNQNSCV,0.0
18695,EECVVPLRL,0.0
18696,TVSRK,0.0
18697,RKLRHRIEHD,0.0
18698,DEVIL,0.0
18699,EDCYNICG,0.0
18700,MVNDCAR,0.0
18701,RCCKKWLI,0.0
18702,LCLDIDQDAF,0.0
18703,HCNQEC,0.0
18704,GSAAFE,0.0
18705,EGFRVPK,0.0
18706,ARDALMS,0.0
18707,RSKRFIE,0.0
18708,ADLVFRWCGR,0.0
18709,VLLMCNMNER,0.0
18710,YRQSAQKPQI,0.0
18711,NDDIDFQRIE,0.0
18712,CYDCSQRRL,0.0
18713,YMDSGQDKR,0.0
18714,RCNIDDELG,0.0
18715,MAPKGVMMV,0.0
18716,SEQLNVPFT,0.0
18717,KKKTW,0.0
18718,FQHHTVNC,0.0
18719,ELEKGY,0.0
18720,DGKGA,0.0
18721,AAICTQV,0.0
18722,KQTSGEWKK,0.0
18723,CTCNRQAFQQ,0.0
18724,CNNKSSPVS,0.0
18725,IYNIRRN,0.0
18726,EKPPKEAQN,0.0
18727,GGDKTFMPL,0.0
18728,GFATSIG,0.0
18729,RPYTMRKVRQ,0.0
18730,GHDYWLHDA,0.0
18731,SRRSNGEDYD,0.0
18732,SYGPECMYQ,0.0
18733,VTESSVEAF,0.0
18734,PQVCPMD,0.0
18735,LKYKMQEQ,0.0
18736,ASSQPVFP,0.0
18737,SKRLANSM,0.0
18738,SHFESIDLV,0.0
18739,FQGTLQ,0.0
18740,RGCTMRA,0.0
18741,NEWHPHID,0.0
18742,PVEMCMGM,0.0
18743,VLVFEGFD,0.0
18744,IVYQQSPNS,0.0
18745,FVDPDH,0.0
18746,SIKHSGNC,0.0
18747,CTCGDC,0.0
18748,KKINRGISQ,0.0
18749,TLNGC,0.0
18750,NEMKDYLR,0.0
18751,IKIETKGK,0.0
18752,EPSGHGRKW,0.0
18753,KDCRQGATPR,0.0
18754,TSRTRA,0.0
18755,KMSPTANRI,0.0
18756,RGWKNKAVAM,0.0
18757,GQREMG,0.0
18758,ELINHPLP,0.0
18759,MNMELVKCT,0.0
18760,PRQQCCL,0.0
18761,CTRIHEDTC,0.0
18762,EDYAQTM,0.0
18763,GIDEARDYN,0.0
18764,MNENNN,0.0
18765,WALEDE,0.0
18766,KNKCRMKN,0.0
18767,HVNTTGN,0.0
18768,MSQRN,0.0
18769,PGQKKNT,0.0
18770,HSEDEF,0.0
18771,SEKAPYR,0.0
18772,PRPMKKRYY,0.0
18773,KTNKTLAR,0.0
18774,LGVPHENN,0.0
18775,IGNGTAHD,0.0
18776,SMQMK,0.0
18777,KTSCAP,0.0
18778,EYAGNTI,0.0
18779,DNYEDP,0.0
18780,KQNGI,0.0
18781,PHMQMNHAKD,0.0
18782,YISHLAAGV,0.0
18783,DECGG,0.0
18784,DVDNYFHDM,0.0
18785,HTGPVQEHK,0.0
18786,CPCQA,0.0
18787,DQHIEIIS,0.0
18788,AHSNLEK,0.0
18789,IARMM,0.0
18790,LLSLRCES,0.0
18791,MVQCKEEDRL,0.0
18792,NQWGIRCKT,0.0
18793,MPEGKKV,0.0
18794,WCGQCKNA,0.0
18795,VVDCEL,0.0
18796,AVEEEHMF,0.0
18797,NRVRLPCL,0.0
18798,IRCQALMRK,0.0
18799,MMCGMD,0.0
18800,KERMK,0.0
18801,WEPALEHQK,0.0
18802,MKRSMNS,0.0
18803,DPNGEKWLE,0.0
18804,CNDVSIP,0.0
18805,ERCECTLT,0.0
18806,EIGGNQMG,0.0
18807,MIVMVQNR,0.0
18808,CSSTCNV,0.0
18809,PWTMNE,0.0
18810,ELGWEGPCVT,0.0
18811,VNWRMKQ,0.0
18812,KESIAKDWP,0.0
18813,LVDSSGDT,0.0
18814,RLKQQNDIW,0.0
18815,NQDCNDS,0.0
18816,QFACE,0.0
18817,TARAEAYGT,0.0
18818,GRDLQ,0.0
18819,IACTADPIHQ,0.0
18820,CICVDQG,0.0
18821,LRLRL,0.0
18822,QEVNIRID,0.0
18823,REHKQP,0.0
18824,RSENVAKGFQ,0.0
18825,NLFIAKRF,0.0
18826,ALKDVNL,0.0
18827,NVCGQ,0.0
18828,VINRQGA,0.0
18829,HMGQM,0.0
18830,IHPNDPDNAT,0.0
18831,GCRNQ,0.0
18832,MDAFKNPE,0.0
18833,AWTNKC,0.0
18834,EIKAK,0.0
18835,IQASIMH,0.0
18836,LRVYRFIQ,0.0
18837,EEDHTV,0.0
18838,DWESMPS,0.0
18839,GVGAQPNDE,0.0
18840,GTMMN,0.0
18841,CAKACKM,0.0
18842,SATVSTR,0.0
18843,RATPRKR,0.0
18844,ESEMIIEP,0.0
18845,TPEDAQE,0.0
18846,PFAIHSEGD,0.0
18847,GEEASKGGP,0.0
18848,TPVAEYLPA,0.0
18849,NKFNPIGT,0.0
18850,IMDRMHDP,0.0
18851,VDKKDHTP,0.0
18852,LRTRSDFP,0.0
18853,MDRGGGRV,0.0
18854,LEMTDPLP,0.0
18855,LLGHEVCMAA,0.0
18856,LEVNDEM,0.0
18857,RLVRGDKW,0.0
18858,FGARHTNVNR,0.0
18859,NVLQNMRE,0.0
18860,RKQQLQAEDT,0.0
18861,FRSGMIGN,0.0
18862,RENASPGFDL,0.0
18863,VADFDA,0.0
18864,CCLGRL,0.0
18865,HDTRYQE,0.0
18866,DGEVRPVETR,0.0
18867,DDWGGT,0.0
18868,NWGTEFD,0.0
18869,DDIQI,0.0
18870,FWTKRLEQ,0.0
18871,AKMGA,0.0
18872,SEETCCWC,0.0
18873,LCDFIADCG,0.0
18874,KDACEICCQ,0.0
18875,KRKKGDDPSN,0.0
18876,DPDWDFST,0.0
18877,LNNWRYQ,0.0
18878,NQEHQ,0.0
18879,TEAHMRQ,0.0
18880,TTLSQNC,0.0
18881,SQAEC,0.0
18882,LKDWHEQG,0.0
18883,SSLAHAMSPI,0.0
18884,SGQGEHAWV,0.0
18885,PDLDF,0.0
18886,KALAKQ,0.0
18887,EPDAMSSP,0.0
18888,YIENHYAFN,0.0
18889,GEMVCCLS,0.0
18890,TILDVQ,0.0
18891,DVCPQLFN,0.0
18892,ATEKCK,0.0
18893,RDRWVAGN,0.0
18894,QHPEEL,0.0
18895,QFNSEKNQI,0.0
18896,AFGKTPYIKM,0.0
18897,CNQGKVF,0.0
18898,NTAQS,0.0
18899,RGVIDKRG,0.0
18900,NQNAQQEQK,0.0
18901,NPKDFMSACK,0.0
18902,TTRPQMAL,0.0
18903,GCRQVMR,0.0
18904,LHTIDCECK,0.0
18905,GCCRA,0.0
18906,RLGAAKMNY,0.0
18907,RRIMQ,0.0
18908,LAHIVEL,0.0
18909,ADVNRDL,0.0
18910,NTQHDES,0.0
18911,HSDTKTHIE,0.0
18912,NVIMAITG,0.0
18913,ESTPNK,0.0
18914,EEVVKM,0.0
18915,ASKDEPKCSH,0.0
18916,MQLYTSQEQM,0.0
18917,HPMAPGKP,0.0
18918,GRDDHGP,0.0
18919,WDDINNP,0.0
18920,HEEQCPVV,0.0
18921,DLEDPRKHRR,0.0
18922,CAANGL,0.0
18923,QKRKGF,0.0
18924,GKQQGME,0.0
18925,FELNCNAHK,0.0
18926,SNMQHHDISD,0.0
18927,WRFKTRKDN,0.0
18928,IPMNTVQNQ,0.0
18929,FDTQKHNKNI,0.0
18930,DNDGAEN,0.0
18931,QCGME,0.0
18932,NQEFIAT,0.0
18933,AMSHYEINQM,0.0
18934,HNIMVKQ,0.0
18935,PGERMHA,0.0
18936,GEHKFNK,0.0
18937,SQPCTT,0.0
18938,DVTCT,0.0
18939,GDGRDIMQQ,0.0
18940,YIRTCSKM,0.0
18941,YLRKSRFQ,0.0
18942,LNAGL,0.0
18943,DTKFPSQ,0.0
18944,NNFGTA,0.0
18945,AIIAG,0.0
18946,ATLLESNRP,0.0
18947,SRSKVKPT,0.0
18948,RNYNLDIK,0.0
18949,DEWYQD,0.0
18950,EATSHLG,0.0
18951,EQQKNQ,0.0
18952,LLLGKIVTLG,0.0
18953,SRWCRKVPRC,0.0
18954,NPITRP,0.0
18955,DYDRVFD,0.0
18956,FSEEANGFK,0.0
18957,NISKKS,0.0
18958,EWMLHEQIP,0.0
18959,SDGMHLRE,0.0
18960,KVHLPSQLQK,0.0
18961,PNLAD,0.0
18962,LKMWALKQD,0.0
18963,TRTRTADT,0.0
18964,HVKGPSHR,0.0
18965,WQDNNW,0.0
18966,CEYANL,0.0
18967,KCDKV,0.0
18968,ENGKMS,0.0
18969,AQLYLQWRKL,0.0
18970,PALKQGR,0.0
18971,NMNGR,0.0
18972,NIYIYLQCQ,0.0
18973,QQLNSM,0.0
18974,LSRAKM,0.0
18975,GNVQN,0.0
18976,TMQNI,0.0
18977,KCKVC,0.0
18978,RLNREM,0.0
18979,KDDSLRIWM,0.0
18980,NPQMCS,0.0
18981,DMEHAL,0.0
18982,GQSKSTI,0.0
18983,GERSVCQT,0.0
18984,RIRDSSPY,0.0
18985,GWFDHKHEG,0.0
18986,GLLHVLER,0.0
18987,AKNRTGDEPH,0.0
18988,YTKTKFTSS,0.0
18989,ENGLEQK,0.0
18990,MEYDSINQ,0.0
18991,SISPRE,0.0
18992,IFQKR,0.0
18993,VDENEQHVM,0.0
18994,ANCHQ,0.0
18995,PSADTYIEI,0.0
18996,ELDCNNRT,0.0
18997,KLHCTR,0.0
18998,RKGTNTCKTH,0.0
18999,QICDK,0.0
19000,EEQMKFGYH,0.0
19001,HMTGCLPEF,0.0
19002,FQAMN,0.0
19003,AQNQCH,0.0
19004,RPYQPSR,0.0
19005,RDLDTCV,0.0
19006,HNINQAK,0.0
19007,QYMALNNKCQ,0.0
19008,DAGAC,0.0
19009,CYENCSMVVD,0.0
19010,SASKAA,0.0
19011,MDLQDNAHHR,0.0
19012,VAYILLTNEL,0.0
19013,AQQNR,0.0
19014,LSAASCNDPA,0.0
19015,CYFMQPNQE,0.0
19016,MRVMM,0.0
19017,QIRSPKR,0.0
19018,GVDIAVLM,0.0
19019,LNVRKPLWR,0.0
19020,PRELKK,0.0
19021,IEGMRWLQ,0.0
19022,YLTRHNCRNS,0.0
19023,NSYQR,0.0
19024,DAHHEVMG,0.0
19025,GQWNLGEVK,0.0
19026,EYECLNMNGA,0.0
19027,MPTQRGS,0.0
19028,VAKNRNCMD,0.0
19029,EYGAG,0.0
19030,IQIRA,0.0
19031,PKVLVVIVPQ,0.0
19032,YQQHQT,0.0
19033,KEVKS,0.0
19034,AIERGEMRE,0.0
19035,PFIMDD,0.0
19036,ASTCHQ,0.0
19037,CCDIICPQ,0.0
19038,FLEPALMEH,0.0
19039,CGQNL,0.0
19040,NTMLIM,0.0
19041,REIKDNIWAM,0.0
19042,EQDNDIV,0.0
19043,ICPEETLVIT,0.0
19044,DGAGFAPEA,0.0
19045,KNECAS,0.0
19046,CQNHQTG,0.0
19047,HKYNRPS,0.0
19048,GINVHSETIK,0.0
19049,ACMIPKS,0.0
19050,PFKQQP,0.0
19051,GGKIAWEK,0.0
19052,QETRHIMSD,0.0
19053,PVGVHENT,0.0
19054,DRGKIAFN,0.0
19055,KKHDTTD,0.0
19056,TRDILFIKNP,0.0
19057,GVENLKE,0.0
19058,QMERVVEYEP,0.0
19059,GCFQVSN,0.0
19060,VCLPNRCIE,0.0
19061,SAKKWGS,0.0
19062,IDRKCKF,0.0
19063,DDRFAMLNN,0.0
19064,QDHVFETVAN,0.0
19065,YFLKHVEEGN,0.0
19066,MYSGNAVTD,0.0
19067,FQDDY,0.0
19068,FDEQY,0.0
19069,ERSCPKIEQ,0.0
19070,CDTAANEKR,0.0
19071,TPGSRFEG,0.0
19072,MVHVQTR,0.0
19073,YQTGMLME,0.0
19074,NDEDYFS,0.0
19075,MLVQQVE,0.0
19076,EIGCSNT,0.0
19077,LTKRVMHDQ,0.0
19078,FTMLNEK,0.0
19079,EAEDMS,0.0
19080,IPQCRAQGFD,0.0
19081,PKCAA,0.0
19082,ATSYMCISI,0.0
19083,GDPTLM,0.0
19084,ITRVDGA,0.0
19085,VNHRGEM,0.0
19086,ILIGNQLAA,0.0
19087,FVDFMNQG,0.0
19088,AKSMPGCPC,0.0
19089,GHADQGMF,0.0
19090,AGVRNNL,0.0
19091,MHVINTITA,0.0
19092,CEMNLVK,0.0
19093,MADDVMMS,0.0
19094,SCERDKP,0.0
19095,AVGPVM,0.0
19096,AANHNL,0.0
19097,QFEVFDEEDC,0.0
19098,ENWKIKA,0.0
19099,AATQV,0.0
19100,CMNHCRKLI,0.0
19101,KRMTQH,0.0
19102,KAFGKKSQP,0.0
19103,KKLSLTKNVM,0.0
19104,FETGNS,0.0
19105,MMVKTN,0.0
19106,CLVINTAI,0.0
19107,MEGIKR,0.0
19108,AKDSSGCQE,0.0
19109,YDNPLSPA,0.0
19110,MQPDACHE,0.0
19111,SDQIKVTS,0.0
19112,NQEDE,0.0
19113,QSQEFGYKRQ,0.0
19114,NHVKQKL,0.0
19115,NWSNNMQ,0.0
19116,KLLKSSND,0.0
19117,GAGQTQ,0.0
19118,HTNGTM,0.0
19119,FGRTIRP,0.0
19120,PQGDNHQW,0.0
19121,QGCEMKSY,0.0
19122,KVPGC,0.0
19123,GGMDWDEWHA,0.0
19124,HGAQFQKMND,0.0
19125,DTPHPIM,0.0
19126,ICDMTK,0.0
19127,MQKNDM,0.0
19128,VKVSTCRKNY,0.0
19129,VDHDFDDPL,0.0
19130,RPEDEMLFM,0.0
19131,KIMQTGKIA,0.0
19132,EGMDGTWNK,0.0
19133,DGQKR,0.0
19134,NFTHNCG,0.0
19135,GIAGEWGID,0.0
19136,VQAAM,0.0
19137,YRQSA,0.0
19138,SSSSYCEQI,0.0
19139,CEMDAQ,0.0
19140,QLGLQLN,0.0
19141,QFLFQQR,0.0
19142,HDADVNKD,0.0
19143,KHRKQAI,0.0
19144,VAGHDS,0.0
19145,DSLFGVAAE,0.0
19146,RVRHP,0.0
19147,SMSPKQA,0.0
19148,AQMEPL,0.0
19149,QEMDLNVYWA,0.0
19150,MKTPTIIKT,0.0
19151,VGCCR,0.0
19152,CCTDNQS,0.0
19153,KDSDYTN,0.0
19154,AQPPYLTSLQ,0.0
19155,GKIMLLIV,0.0
19156,EESPPAH,0.0
19157,FNHRVTG,0.0
19158,FFCGGRGR,0.0
19159,PEGEK,0.0
19160,ELHCPMI,0.0
19161,MEDHRPVR,0.0
19162,PSDQG,0.0
19163,GWAAATGQR,0.0
19164,QVCGSRD,0.0
19165,FDDCRARDVT,0.0
19166,GMVGMGG,0.0
19167,SMRKG,0.0
19168,EWISNND,0.0
19169,DKHAKNSGKW,0.0
19170,FSAELLQVL,0.0
19171,EVNSWEH,0.0
19172,EENNLDP,0.0
19173,YMTRKGRGP,0.0
19174,RDGSQQQ,0.0
19175,CHFERGTSGS,0.0
19176,VGNKR,0.0
19177,EVYGSMSST,0.0
19178,GSCSCSK,0.0
19179,TLARMD,0.0
19180,ACQMIRVHG,0.0
19181,QEINSYPC,0.0
19182,WILAGVMLE,0.0
19183,CSKDDV,0.0
19184,NLPKIHRC,0.0
19185,QSPCCHPET,0.0
19186,APSEA,0.0
19187,GLKMNGPKD,0.0
19188,PHPLCDNGG,0.0
19189,INAEALP,0.0
19190,TECVVMPK,0.0
19191,EPPKIN,0.0
19192,KRHFVSQK,0.0
19193,MDTELENWTQ,0.0
19194,RNCLDILQ,0.0
19195,EPLGTDTE,0.0
19196,FRRAPLI,0.0
19197,KQNWMDE,0.0
19198,FKDPCKKED,0.0
19199,FRQAIA,0.0
19200,EMCSICIED,0.0
19201,DFPKVE,0.0
19202,QDMIDPPVL,0.0
19203,HAQVRSQ,0.0
19204,VACLLGNIVT,0.0
19205,DPLNDVGDT,0.0
19206,CGVNCK,0.0
19207,CKPTLVMVV,0.0
19208,AICRLCNEQ,0.0
19209,DSMRHKC,0.0
19210,LEMTTRV,0.0
19211,QSPDKNCTLI,0.0
19212,DGKWLDQC,0.0
19213,FRNQS,0.0
19214,GTTGMHC,0.0
19215,NTGCEY,0.0
19216,WKQNRHK,0.0
19217,PYQKEGTEQ,0.0
19218,VRYKERDC,0.0
19219,TETTNPVRLC,0.0
19220,EQFEFV,0.0
19221,KVGRNPI,0.0
19222,FDDKEWSM,0.0
19223,TRRYGNHSV,0.0
19224,NDDID,0.0
19225,ASQIRVKIRK,0.0
19226,TGAHDPRFQD,0.0
19227,YEMAYN,0.0
19228,DPLPEHLRIN,0.0
19229,VQAAMGDWSG,0.0
19230,RILPERMKHC,0.0
19231,QYGNCVWNTR,0.0
19232,HRHPR,0.0
19233,TREIMRTGA,0.0
19234,VDMTPT,0.0
19235,CETLA,0.0
19236,NWEDQWE,0.0
19237,MGKDEHP,0.0
19238,INDYWEWQD,0.0
19239,GPCVEGD,0.0
19240,VQCEC,0.0
19241,EEIQEIRHR,0.0
19242,MGCDV,0.0
19243,YFEDMTP,0.0
19244,QPWAHSTKS,0.0
19245,GTRWDRKDIT,0.0
19246,LPTMKHRM,0.0
19247,TENLAAMEF,0.0
19248,GDSVNQMLA,0.0
19249,DDPTV,0.0
19250,VCPCFQGKTK,0.0
19251,KMQVMTR,0.0
19252,RWVNKAGIDV,0.0
19253,GDLEHDP,0.0
19254,NNEHKNQS,0.0
19255,DEHLIDQM,0.0
19256,RWSIIRQPE,0.0
19257,IQNIKGLE,0.0
19258,AKDRQ,0.0
19259,TMIPED,0.0
19260,DHSLGMGELL,0.0
19261,GHLSND,0.0
19262,EVPSFDD,0.0
19263,LQQRKPSV,0.0
19264,HGQQKVCL,0.0
19265,VFKRSK,0.0
19266,VSQGGMTR,0.0
19267,KNEALMFG,0.0
19268,EEPQPVKMYC,0.0
19269,SAENHAL,0.0
19270,MGWQMDDK,0.0
19271,DFKCYQNVP,0.0
19272,NLFSLRDAG,0.0
19273,LLTQN,0.0
19274,RHNMVAIKGQ,0.0
19275,QRQAMEVCCN,0.0
19276,KHIWTTRQ,0.0
19277,HLNFPNVDN,0.0
19278,GCHTNQN,0.0
19279,YCPIEQI,0.0
19280,DKDPQTT,0.0
19281,KDERCTEF,0.0
19282,KRYAVCMCVG,0.0
19283,WMNSRR,0.0
19284,PNCSDRNP,0.0
19285,IRTINEFEE,0.0
19286,QMIER,0.0
19287,ELPLVEY,0.0
19288,VETADIAPRG,0.0
19289,HDTTP,0.0
19290,SHQHLMSQ,0.0
19291,HTDQPAEM,0.0
19292,HCPRTQEH,0.0
19293,YIGEQRHAL,0.0
19294,TPIPGKQMM,0.0
19295,TQAGK,0.0
19296,QTMKQED,0.0
19297,DNCPL,0.0
19298,HYCPNQFMI,0.0
19299,CYCFDITDLE,0.0
19300,LNVIWRNRG,0.0
19301,RRMPK,0.0
19302,CGGRTNWM,0.0
19303,QMSHAGGMD,0.0
19304,RGHIPQSE,0.0
19305,DKYKFNKC,0.0
19306,TVGPMVRP,0.0
19307,QRAPPR,0.0
19308,RMYWKGQ,0.0
19309,DFDFEP,0.0
19310,NINLMKM,0.0
19311,EMHVIWE,0.0
19312,ASADKH,0.0
19313,WWSNDEPL,0.0
19314,ATWALGIL,0.0
19315,EIPGYNAAQF,0.0
19316,YAEALIECMN,0.0
19317,TRHSIKGRK,0.0
19318,WEPRLRN,0.0
19319,SSGWEHGQ,0.0
19320,MSSEN,0.0
19321,GPNAQVMTAA,0.0
19322,EQKFDEI,0.0
19323,RGEGC,0.0
19324,HESDHPHPY,0.0
19325,MFTQTSSD,0.0
19326,LVAAGHE,0.0
19327,QSQLND,0.0
19328,QSVKTKSDHE,0.0
19329,CLMKQGQH,0.0
19330,TCEECIQP,0.0
19331,LCPEVPD,0.0
19332,MGDIQNF,0.0
19333,VNTCFQAQW,0.0
19334,AKDYQIIDK,0.0
19335,RKVGHITFH,0.0
19336,HATMP,0.0
19337,KENGEQDLLW,0.0
19338,YNQHLMKD,0.0
19339,GCVCQ,0.0
19340,SSKMVQDE,0.0
19341,IISRDTKD,0.0
19342,SGDLQ,0.0
19343,ELWEQNNVV,0.0
19344,VIIKMRDKMD,0.0
19345,NEANFVEK,0.0
19346,MKHVNDNNQH,0.0
19347,HDKQWADV,0.0
19348,MHHQNEDWE,0.0
19349,NDTYHEK,0.0
19350,MKWNLSDMM,0.0
19351,QRACCPQKY,0.0
19352,CGEYIKQT,0.0
19353,ASCTPERNGR,0.0
19354,NEPFLEHFA,0.0
19355,QPDCTGV,0.0
19356,PVESNPPKAE,0.0
19357,AYAEEV,0.0
19358,RCLSAQGV,0.0
19359,ISKQISMMLR,0.0
19360,MDMCIR,0.0
19361,VDVDMVKV,0.0
19362,GRCLFEKGY,0.0
19363,VQETPKTE,0.0
19364,NWNFEK,0.0
19365,RCRGCCQG,0.0
19366,RKESYNVR,0.0
19367,DDMGHCSI,0.0
19368,HNWVRTLNE,0.0
19369,NPQPKPM,0.0
19370,VKAGFRSS,0.0
19371,VETQN,0.0
19372,GLPCTGAFG,0.0
19373,ERNKC,0.0
19374,IHNRAEEN,0.0
19375,TMPFHSNVQ,0.0
19376,LGKPG,0.0
19377,FQEAV,0.0
19378,ILINAP,0.0
19379,FAIPEE,0.0
19380,RNADI,0.0
19381,TGRAGMMASL,0.0
19382,GCRRQCCF,0.0
19383,YDDNN,0.0
19384,PSKKNTPW,0.0
19385,DPTILN,0.0
19386,VHDNAI,0.0
19387,GGDLSGIM,0.0
19388,HERRNCAG,0.0
19389,PDGHGQG,0.0
19390,NWQTWCMDQ,0.0
19391,NEFAMMGCEM,0.0
19392,QLPDQ,0.0
19393,EKCRNCNC,0.0
19394,KVEEGYQRSV,0.0
19395,IASGVHGNR,0.0
19396,RDTGVE,0.0
19397,FQANHCRVSV,0.0
19398,TRFQSN,0.0
19399,VDEKHYDS,0.0
19400,AAIMHPLCQA,0.0
19401,CICFRFKNEG,0.0
19402,YSLAMEQ,0.0
19403,RIDPYLKKKE,0.0
19404,KEPWLQVA,0.0
19405,VESKLLSG,0.0
19406,VTPYDQNHD,0.0
19407,HGSMGK,0.0
19408,KLNCDCGQCQ,0.0
19409,TIKCMENRCK,0.0
19410,GGSMVKWAM,0.0
19411,TTDEMF,0.0
19412,NPIDRFK,0.0
19413,IQQPGL,0.0
19414,GSQCRVTR,0.0
19415,IWATTDAQLN,0.0
19416,AFLAVINNK,0.0
19417,NTCTNNH,0.0
19418,AAISM,0.0
19419,NGQIHIGDMG,0.0
19420,ICNLQPV,0.0
19421,WGLDGKVTAD,0.0
19422,HKNPNRQGGR,0.0
19423,NAYDLWTSI,0.0
19424,LVSCKGS,0.0
19425,MTEDSGAQVV,0.0
19426,DRRQTCNG,0.0
19427,TGCMNGK,0.0
19428,KWKSAPPQ,0.0
19429,EHLHKTE,0.0
19430,YLATPYDDVL,0.0
19431,DLGCISSDIQ,0.0
19432,FTWTIMRK,0.0
19433,NTLEG,0.0
19434,TPTEWETVH,0.0
19435,MLREHEVHP,0.0
19436,ETKILYCKN,0.0
19437,TGFEAMQEW,0.0
19438,EKQHVTMG,0.0
19439,VTCRSG,0.0
19440,AHPHENM,0.0
19441,EPENSG,0.0
19442,RPRCV,0.0
19443,SQARMG,0.0
19444,YQAMPR,0.0
19445,ERKQDN,0.0
19446,EMLDWHAN,0.0
19447,RWGVEKCA,0.0
19448,PTTVDTR,0.0
19449,AQRPD,0.0
19450,EDDDIH,0.0
19451,GNVEM,0.0
19452,ANMVG,0.0
19453,RHGLVSCTKA,0.0
19454,QWDLCPMP,0.0
19455,KDKVCN,0.0
19456,DPLLGQN,0.0
19457,DENYTQTTL,0.0
19458,CDGNTMTREH,0.0
19459,PNMMNTI,0.0
19460,THLEEEQ,0.0
19461,ETKHAC,0.0
19462,AFTHEDSG,0.0
19463,LGQSTMVM,0.0
19464,PQMWGGRG,0.0
19465,VRLACP,0.0
19466,GGEDDFKK,0.0
19467,KKFNL,0.0
19468,TIQQSNRI,0.0
19469,MNMPR,0.0
19470,RRADL,0.0
19471,KAMKM,0.0
19472,SSVEGWCSMT,0.0
19473,FWTHSMEE,0.0
19474,ALPRMA,0.0
19475,GQDWTAHYG,0.0
19476,EIWMQSR,0.0
19477,GMVEV,0.0
19478,HAIET,0.0
19479,NPPCDK,0.0
19480,KKGRFPT,0.0
19481,YVTNNLEDSR,0.0
19482,CVRDRL,0.0
19483,TVINCCKN,0.0
19484,FQRIENDDID,0.0
19485,DEYKVSACQ,0.0
19486,HKFRGGVLLK,0.0
19487,MTMCWRIR,0.0
19488,ARGNKG,0.0
19489,NNDCKE,0.0
19490,HTDNLLNNP,0.0
19491,MEMQSIIL,0.0
19492,GDCKSE,0.0
19493,YTGHVGFIEQ,0.0
19494,ASEHCV,0.0
19495,GASCDMI,0.0
19496,WLINEGEE,0.0
19497,DYDHQMS,0.0
19498,HRQMRAKHA,0.0
19499,CAGPDLPEQ,0.0
19500,MSKITRWK,0.0
19501,EDLGINGRAN,0.0
19502,EMCTKLCQ,0.0
19503,ELNVDAV,0.0
19504,DWPSEEA,0.0
19505,ILRNKLMG,0.0
19506,GKELCK,0.0
19507,AIQIQGPGN,0.0
19508,DFEFTEMI,0.0
19509,CERTD,0.0
19510,RRQPH,0.0
19511,WKNAPN,0.0
19512,KWKDRQL,0.0
19513,CNYTLGHTN,0.0
19514,VDDNY,0.0
19515,DQIEERGCVL,0.0
19516,DRQNCHV,0.0
19517,CNNCDSFHDS,0.0
19518,VKPRVGFEN,0.0
19519,CGLRKTMAVQ,0.0
19520,CVKFDRDGGI,0.0
19521,EFSDPTA,0.0
19522,EVDLICTN,0.0
19523,EDKDGVSC,0.0
19524,DVTDD,0.0
19525,QSCTMTWEE,0.0
19526,QRVNQE,0.0
19527,DGEVVWM,0.0
19528,QTDVG,0.0
19529,GTNWPRMVPT,0.0
19530,VEWADDN,0.0
19531,AIKAQ,0.0
19532,WRDREERH,0.0
19533,KHIQNLM,0.0
19534,YMCEAADAD,0.0
19535,AAAWDI,0.0
19536,PNVQIQRHI,0.0
19537,GDYEDD,0.0
19538,MMKAVVN,0.0
19539,RSDKC,0.0
19540,SNDAAT,0.0
19541,RWAGKPQTIC,0.0
19542,RIRTGI,0.0
19543,FEPRRK,0.0
19544,QDSYGGEST,0.0
19545,KSLEDKG,0.0
19546,GKSVAQ,0.0
19547,SEQMLNCS,0.0
19548,QHIGRNGQ,0.0
19549,MGSKTV,0.0
19550,HTGTMNAEMI,0.0
19551,RDQENLTV,0.0
19552,GDHQGMRTPM,0.0
19553,QNDLH,0.0
19554,EAPPYEES,0.0
19555,MLRDAHN,0.0
19556,GFADIYEDQN,0.0
19557,RWRLKP,0.0
19558,YNQQYEQNI,0.0
19559,SCEDSNDAQT,0.0
19560,ATLSEMM,0.0
19561,NHQVALQG,0.0
19562,PNKHDEGSR,0.0
19563,TQNPLVPQN,0.0
19564,CLNMQ,0.0
19565,MKKWVNHKRF,0.0
19566,MLRQG,0.0
19567,QGVTVG,0.0
19568,KNMVL,0.0
19569,VQSTSN,0.0
19570,MRVRETNG,0.0
19571,DDPMD,0.0
19572,CEGEFFHDY,0.0
19573,FVCQHPDE,0.0
19574,IKSTIMSRN,0.0
19575,FRLQLKR,0.0
19576,RKWMAGQ,0.0
19577,KPIVSCEVGL,0.0
19578,GMSHQSKSCI,0.0
19579,RQRLY,0.0
19580,CARPEYSN,0.0
19581,ELTLA,0.0
19582,LIRLNSQRD,0.0
19583,CCCHEKE,0.0
19584,LDKMKDCIV,0.0
19585,LADCLQL,0.0
19586,QKWGKLE,0.0
19587,GWQQPNM,0.0
19588,WGQESG,0.0
19589,AACDTHFCE,0.0
19590,DLERSTK,0.0
19591,LNWDEPPTH,0.0
19592,SLQGGLRP,0.0
19593,RHDIAEMGA,0.0
19594,QKFVSQSPS,0.0
19595,MGNSRFV,0.0
19596,DPHMNVQV,0.0
19597,FPGSEPGS,0.0
19598,KTRGVT,0.0
19599,WDSRCRVR,0.0
19600,CVDNKGFGP,0.0
19601,EEYCGSCSQF,0.0
19602,DFVLDFGVI,0.0
19603,TATGMPFQGC,0.0
19604,EEASNY,0.0
19605,DVEQLK,0.0
19606,GEFQNKEE,0.0
19607,ECVGECQNR,0.0
19608,MDNEKIFP,0.0
19609,FARRY,0.0
19610,EKPEQH,0.0
19611,PKQCSHQG,0.0
19612,CRCYIIGDR,0.0
19613,GRIDIPFLE,0.0
19614,EMENFQ,0.0
19615,CKNHLHNG,0.0
19616,RQLVGTE,0.0
19617,QPNHSHRLLM,0.0
19618,AFEAN,0.0
19619,HRVRKMNAW,0.0
19620,ASYQSN,0.0
19621,GLGKWSLD,0.0
19622,KQRTC,0.0
19623,NANMIQRMRL,0.0
19624,WALDCESH,0.0
19625,AYENS,0.0
19626,KMMWEEQYQ,0.0
19627,EWGVDQGN,0.0
19628,KTEAGAAHTS,0.0
19629,WCDPIAKE,0.0
19630,LMRKSTYKK,0.0
19631,QWSVDMEIPP,0.0
19632,EEMFCMFMQR,0.0
19633,WGDYQRSGM,0.0
19634,STKQEEP,0.0
19635,QMGDTG,0.0
19636,ERIKI,0.0
19637,GEEMQG,0.0
19638,AQTLDQQPR,0.0
19639,RAGQSK,0.0
19640,EFEMIQ,0.0
19641,DMVASNLNTR,0.0
19642,MNCGD,0.0
19643,VMDVGIKC,0.0
19644,NLRPAS,0.0
19645,MRREN,0.0
19646,HYLNNEGECW,0.0
19647,SRPDAK,0.0
19648,IANDNMALKL,0.0
19649,CIGSCAGRL,0.0
19650,MCTALTI,0.0
19651,DSPILKAL,0.0
19652,VQRTWSR,0.0
19653,QPNSCGRRYN,0.0
19654,DMKGCATP,0.0
19655,DDIWQ,0.0
19656,EMQVESFC,0.0
19657,GVGPIALL,0.0
19658,NQVIKLQF,0.0
19659,GIRAPVS,0.0
19660,IVMLCAVLE,0.0
19661,QEGHD,0.0
19662,QHENIRP,0.0
19663,HTCQEL,0.0
19664,NENISWLFK,0.0
19665,SMDMDQH,0.0
19666,HECDGIIPIK,0.0
19667,SDSGRRIE,0.0
19668,PQKKSVK,0.0
19669,QNTDYLNI,0.0
19670,VNFGFRALP,0.0
19671,NIFDLLEC,0.0
19672,DYGLIIEIVD,0.0
19673,ILNLRDLERE,0.0
19674,CKQGHHYRP,0.0
19675,KRVPNSQH,0.0
19676,FVEDRCNCI,0.0
19677,KSRCPQNK,0.0
19678,GQGHQCSILK,0.0
19679,CQVNAEH,0.0
19680,DDPTK,0.0
19681,NLPGTLTP,0.0
19682,ECKSNATKK,0.0
19683,NQCRTGDC,0.0
19684,NPVNVPIK,0.0
19685,WVGDWVITE,0.0
19686,RQQHSKRAQ,0.0
19687,ARFAA,0.0
19688,SGCEAA,0.0
19689,LKYQVRK,0.0
19690,EDWSGDVK,0.0
19691,VGLHAGKSEP,0.0
19692,SLLLRRQF,0.0
19693,AAVHCVRMRR,0.0
19694,PGECG,0.0
19695,MRTHSHTG,0.0
19696,RTQCHCNVEQ,0.0
19697,LKCRWFRHN,0.0
19698,GEQMDTTK,0.0
19699,QVEEY,0.0
19700,DDNPMPRG,0.0
19701,LYGTGEKNQL,0.0
19702,QMPNPPHR,0.0
19703,GGCGKLQ,0.0
19704,KTIYQNTEN,0.0
19705,CSILKGQGHQ,0.0
19706,TDWGYIVT,0.0
19707,DKVKHCCWT,0.0
19708,VFSGKSRT,0.0
19709,LFDFVQNV,0.0
19710,VELAQD,0.0
19711,MTEDS,0.0
19712,MYDPEGRI,0.0
19713,TRKLRPGE,0.0
19714,ARTEQTV,0.0
19715,QFSRVKI,0.0
19716,PHGTVPQD,0.0
19717,ENVQRKYTI,0.0
19718,PRGGRVFM,0.0
19719,GKQEWD,0.0
19720,IKKWTTRH,0.0
19721,VVGRERCIP,0.0
19722,HGCQRGLNA,0.0
19723,GPFVCPEP,0.0
19724,PAVNDV,0.0
19725,FDGDGKFN,0.0
19726,FGRVFGCRNK,0.0
19727,EGNFMCEE,0.0
19728,RDAYQG,0.0
19729,NGYGFIQ,0.0
19730,GHGRYR,0.0
19731,EESRLDRSD,0.0
19732,DNAYRNKPFN,0.0
19733,CGNSGS,0.0
19734,SNKAQT,0.0
19735,STVAHRQT,0.0
19736,DIADW,0.0
19737,DNNKHSVEDV,0.0
19738,MSKMEAGG,0.0
19739,DSLLD,0.0
19740,DQFCDKKR,0.0
19741,GNRIVCGF,0.0
19742,EEYLWRSDG,0.0
19743,QFCSYED,0.0
19744,MISSMVVRSG,0.0
19745,DFGAR,0.0
19746,GVVNFLIS,0.0
19747,AMYIIEN,0.0
19748,DNTINISTI,0.0
19749,QPCISLTH,0.0
19750,PLDND,0.0
19751,EIVTM,0.0
19752,EVKRITE,0.0
19753,GEDVAP,0.0
19754,QRHVYHGR,0.0
19755,YNQLDAHQDD,0.0
19756,VSLDDQTYE,0.0
19757,GGNMSVECMM,0.0
19758,MCKRAGECNG,0.0
19759,WTQEQGMTS,0.0
19760,VGSSDQCY,0.0
19761,VNLCCE,0.0
19762,TQMIENWN,0.0
19763,FGKVRG,0.0
19764,EQMVDACTRC,0.0
19765,YASDSVCLK,0.0
19766,VFDGMPSN,0.0
19767,TSHHSPPDGS,0.0
19768,GWNHMTKA,0.0
19769,AEQGCYPSM,0.0
19770,AFNNTT,0.0
19771,IFSQRQ,0.0
19772,ARPRLQHVSK,0.0
19773,RVDDLHSVDN,0.0
19774,HDMSQGMTC,0.0
19775,KNYGDVGQ,0.0
19776,QKWKSKS,0.0
19777,PQTSMKEYY,0.0
19778,DNGCCHSR,0.0
19779,MSCDRRC,0.0
19780,GRNPYRGTC,0.0
19781,GGMEGV,0.0
19782,MVGDLCDV,0.0
19783,IDNKGWSG,0.0
19784,AAITDTGT,0.0
19785,PDQQM,0.0
19786,SCQQIL,0.0
19787,TMAVQCGLRK,0.0
19788,HDAVMSTSF,0.0
19789,AQMEFEGHG,0.0
19790,KAIKTSAKGR,0.0
19791,GRNTR,0.0
19792,SQPQNRKT,0.0
19793,EFPGQEYWNK,0.0
19794,THDPSM,0.0
19795,CPLQRGE,0.0
19796,GWLISRGHD,0.0
19797,AFKRDE,0.0
19798,EGEGRCE,0.0
19799,NDYTRGIDNT,0.0
19800,FQEHFMNQI,0.0
19801,ECHGQGQA,0.0
19802,NKQMFQHNDG,0.0
19803,LPYRMTTVR,0.0
19804,QAKRKT,0.0
19805,ASWAHEMMEA,0.0
19806,VERLKVWK,0.0
19807,FRQKKFSHK,0.0
19808,RPHPKP,0.0
19809,RAVVMVIEG,0.0
19810,AFETTEM,0.0
19811,SQMSIQDS,0.0
19812,FNALNLSNGR,0.0
19813,PCGQEKRW,0.0
19814,EQEWDE,0.0
19815,YANEL,0.0
19816,KCAVEQGMA,0.0
19817,MLETQCP,0.0
19818,SLAEIIHK,0.0
19819,EKRYRFKMNC,0.0
19820,NDPRQFD,0.0
19821,KNRSST,0.0
19822,KEKPWIRKQ,0.0
19823,QQDGICPDY,0.0
19824,TEKSPHG,0.0
19825,QHQAGIC,0.0
19826,TRRCRPFLC,0.0
19827,PVASKVQET,0.0
19828,GDTLQMYNR,0.0
19829,KKSHQCKF,0.0
19830,LTPIE,0.0
19831,KCALEVA,0.0
19832,KHQTDGVR,0.0
19833,NDIAWD,0.0
19834,NNVFMCDP,0.0
19835,TYRSKL,0.0
19836,DQWYIAG,0.0
19837,DDHDISYKSI,0.0
19838,ADAFKM,0.0
19839,MTKTCMPMK,0.0
19840,HLDNGGIQQ,0.0
19841,EAKYFE,0.0
19842,IRNQWKSG,0.0
19843,EDTSW,0.0
19844,SWSKNANDP,0.0
19845,NVIHVQHECD,0.0
19846,NFEDH,0.0
19847,GNKLNE,0.0
19848,AWLLPPDKK,0.0
19849,NIPNEDKRFY,0.0
19850,LVCAEQEDFK,0.0
19851,DLLNGPSS,0.0
19852,SHLAENH,0.0
19853,CKMAND,0.0
19854,ISNEG,0.0
19855,LEQSSSNR,0.0
19856,AVPQLP,0.0
19857,ISEYNTNA,0.0
19858,HHCFFKDDC,0.0
19859,VIKMMN,0.0
19860,LMEHA,0.0
19861,PRTVDNGLMA,0.0
19862,EMPAPIPYI,0.0
19863,QKPSMN,0.0
19864,LCNERIQT,0.0
19865,QDVADAIGER,0.0
19866,WARTRN,0.0
19867,DMPWETLGDY,0.0
19868,KCDAWQEP,0.0
19869,HHMRHA,0.0
19870,DQEMMAALF,0.0
19871,NPQHLDQ,0.0
19872,AYEKDLVCP,0.0
19873,DISDRWDD,0.0
19874,GVAEDKR,0.0
19875,CMMGKPLV,0.0
19876,IGQRIVVVMK,0.0
19877,DDPME,0.0
19878,ANHDMYTFI,0.0
19879,EMPQVSE,0.0
19880,ENRSCA,0.0
19881,EPGQRIQ,0.0
19882,LVSECDVTCT,0.0
19883,GTQLTDFKT,0.0
19884,PMNGNMPKRF,0.0
19885,KDCDVN,0.0
19886,NVEVQKFI,0.0
19887,GGRKT,0.0
19888,TATWKWARR,0.0
19889,VGNTAMV,0.0
19890,LDSEHK,0.0
19891,HPAEQG,0.0
19892,ETIRRDMNFP,0.0
19893,LMNKLI,0.0
19894,NPDHELQT,0.0
19895,QYGVR,0.0
19896,MGKNV,0.0
19897,PNAGRCETHS,0.0
19898,LDPEKPE,0.0
19899,SEYRNMEMQG,0.0
19900,HQKGCRLH,0.0
19901,IDFCTFSNQE,0.0
19902,QRQHTC,0.0
19903,FLGNG,0.0
19904,DEPIHLTMNR,0.0
19905,ATYGDARGK,0.0
19906,DCCNSDVC,0.0
19907,TIPINRNRE,0.0
19908,TCFGCQK,0.0
19909,TKITARNTV,0.0
19910,AIKCGTTLEN,0.0
19911,CGQPI,0.0
19912,EKYSENV,0.0
19913,TQELC,0.0
19914,MPGGDASAPF,0.0
19915,AHQEGAGP,0.0
19916,RDCFKEHEDE,0.0
19917,GMTIIQIYS,0.0
19918,PFDPLIMEPC,0.0
19919,DFTHTSNST,0.0
19920,QCDNFEGW,0.0
19921,QSKDPYMTAK,0.0
19922,MNVDM,0.0
19923,VNIVSDNEI,0.0
19924,SQDNRSEQ,0.0
19925,HCYRRG,0.0
19926,EFMKEVPL,0.0
19927,QQLPP,0.0
19928,LNAIRLDEHD,0.0
19929,SRAET,0.0
19930,GEGCLRCH,0.0
19931,MMTVGAG,0.0
19932,KNTSKWT,0.0
19933,TDFRVTDVEE,0.0
19934,NTNNKCFEC,0.0
19935,ASRQFRQLKV,0.0
19936,WKQQNCLM,0.0
19937,HRPNQAASLP,0.0
19938,IMDERGFDCH,0.0
19939,MTPPPDPIRA,0.0
19940,SMARR,0.0
19941,FTGSYRVAQ,0.0
19942,EKENC,0.0
19943,ALNNAWC,0.0
19944,HAQLPIGQG,0.0
19945,DLHEDGQCCG,0.0
19946,GEKDNFGE,0.0
19947,GEDRTHWTP,0.0
19948,AEGDVCLM,0.0
19949,ELLWVQCE,0.0
19950,NSNGYN,0.0
19951,TVFHNDDPTV,0.0
19952,TIEDKLC,0.0
19953,ISSQWKR,0.0
19954,GIAGQTEH,0.0
19955,QLAWLGLLS,0.0
19956,AQTEMWAEG,0.0
19957,KVDARPW,0.0
19958,CATNPKFGIA,0.0
19959,SCVKCQG,0.0
19960,CGSVR,0.0
19961,SFRVRL,0.0
19962,GKNPI,0.0
19963,RIQHSAQL,0.0
19964,AMIDCC,0.0
19965,SREEQHD,0.0
19966,TKGECG,0.0
19967,ADDPV,0.0
19968,RPQNRIAV,0.0
19969,ITMNYCCIED,0.0
19970,NGTPM,0.0
19971,AKKQTY,0.0
19972,QMSQHHCDG,0.0
19973,YWQNMSMSDT,0.0
19974,MCVLVRAD,0.0
19975,LTLLDEK,0.0
19976,EDHIP,0.0
19977,EMIQQIT,0.0
19978,SSGTE,0.0
19979,LFQNNQ,0.0
19980,ADCTEGKEKE,0.0
19981,AVGNGGV,0.0
19982,YNDQRHQSK,0.0
19983,LQWGMGKEGG,0.0
19984,MKCTDKSKC,0.0
19985,LSSTTMK,0.0
19986,TEQTTC,0.0
19987,NGVVLVAP,0.0
19988,IWGPDA,0.0
19989,NNTVRC,0.0
19990,ASVERA,0.0
19991,CELDGMQE,0.0
19992,DVWRMVNL,0.0
19993,CAHPPKE,0.0
19994,ATNQNRGG,0.0
19995,RLLSHRNR,0.0
19996,AWSTSQLR,0.0
19997,TYFTTLGPE,0.0
19998,SNYRDHDQ,0.0
19999,NLAMWKMKT,0.0
20000,IVTGHCDR,0.0
20001,IDSIG,0.0
20002,GCSQLEKCF,0.0
20003,VDNMNSSD,0.0
20004,PRMQH,0.0
20005,MQIGRG,0.0
20006,STWTDED,0.0
20007,RHQFPLGG,0.0
20008,QGCEDIICV,0.0
20009,TEDHRQMC,0.0
20010,YIVVVVTEA,0.0
20011,EVVDRFAHD,0.0
20012,ESVMM,0.0
20013,PPVDSN,0.0
20014,KCGYK,0.0
20015,PDGHTVE,0.0
20016,VKLPGNT,0.0
20017,IQSTILVP,0.0
20018,MWDVNNHHG,0.0
20019,GMTWGTARCT,0.0
20020,QTVICPCC,0.0
20021,DNYDVCGDK,0.0
20022,GHRLHNHKNR,0.0
20023,GACDP,0.0
20024,WGEQMFALA,0.0
20025,ESQFTG,0.0
20026,MMEDCCWTH,0.0
20027,HGHPHSQHG,0.0
20028,EINFDHNEQK,0.0
20029,WTANCHDEKS,0.0
20030,QIGQTC,0.0
20031,LCNPSDPN,0.0
20032,GCMDGTV,0.0
20033,KTKRYCLTNP,0.0
20034,KVRKD,0.0
20035,RKQGNSTR,0.0
20036,MAPCDA,0.0
20037,RRAVW,0.0
20038,GEEIWMHS,0.0
20039,YFYTSLDASQ,0.0
20040,NRGTGC,0.0
20041,LQDCLKVVF,0.0
20042,TGAHPDG,0.0
20043,KGMDCGE,0.0
20044,DPLRTQER,0.0
20045,HPGTHKHN,0.0
20046,AVDTSQKTP,0.0
20047,DGDFAICREW,0.0
20048,KVVGHTRI,0.0
20049,QDIENNE,0.0
20050,MRKWKQDGT,0.0
20051,SNCLSEHQ,0.0
20052,RGCAQ,0.0
20053,KHMKGTALY,0.0
20054,GNATSLWMR,0.0
20055,CKDNLQTP,0.0
20056,AIGDPMMNVV,0.0
20057,TPPTTSDLPA,0.0
20058,DFGQHLCM,0.0
20059,LNKRCVGVH,0.0
20060,ECALYQGNH,0.0
20061,QDLRQKIV,0.0
20062,NDGQMN,0.0
20063,LNMDM,0.0
20064,KTKKQFFMN,0.0
20065,CPWVSANE,0.0
20066,YMMDQA,0.0
20067,QTNDQF,0.0
20068,NPCSWTSTN,0.0
20069,SHNCETRNNM,0.0
20070,DHVYEQDPPF,0.0
20071,QDILC,0.0
20072,SDASNK,0.0
20073,LNSKFKSE,0.0
20074,GGPEIYS,0.0
20075,FQRSDWG,0.0
20076,WLKRQLA,0.0
20077,REVGEFT,0.0
20078,GACPEKESI,0.0
20079,MSRKKMIWL,0.0
20080,RQHSQCNE,0.0
20081,SFNSCNVN,0.0
20082,QPMQKWPT,0.0
20083,CSKMKDKEYC,0.0
20084,IDSVVHNN,0.0
20085,QVAEG,0.0
20086,VRRLHICCD,0.0
20087,CEEGIRIV,0.0
20088,LCTEGEQ,0.0
20089,DSILWQCLH,0.0
20090,NGKEDTDL,0.0
20091,EEHTSMEELG,0.0
20092,DWEWFHDSP,0.0
20093,YRRKWGQKGY,0.0
20094,SGNPVLG,0.0
20095,GYQRQEAKK,0.0
20096,KEEGM,0.0
20097,MFDHEIC,0.0
20098,ESDMVGVIE,0.0
20099,TPGNVP,0.0
20100,LSQCSQR,0.0
20101,WETET,0.0
20102,AFIAHACKK,0.0
20103,SFVEDCSPR,0.0
20104,QVAAVEGSF,0.0
20105,DGWKTSDND,0.0
20106,VEFCILYGQE,0.0
20107,FPHTDEQN,0.0
20108,DHQKSP,0.0
20109,NTFLWKQI,0.0
20110,SNRESRT,0.0
20111,VSLAKT,0.0
20112,SRDPD,0.0
20113,YLEGEQHV,0.0
20114,LCAQPNLML,0.0
20115,DWEAFQGS,0.0
20116,SHRMTRRD,0.0
20117,FDAVN,0.0
20118,EPRNP,0.0
20119,HQIFCDVDCQ,0.0
20120,DHNLAIQ,0.0
20121,SCKGQTCLP,0.0
20122,CKDHRDD,0.0
20123,KDVDM,0.0
20124,ATDQV,0.0
20125,GCYDQ,0.0
20126,LLIRGPCT,0.0
20127,QKNCRFSKVC,0.0
20128,IDVNRPMR,0.0
20129,EWAQNSSVQM,0.0
20130,PQAYHDCVT,0.0
20131,AGYPRVERD,0.0
20132,QQNTVYIQ,0.0
20133,CCDMTCDFES,0.0
20134,RSAPA,0.0
20135,LNMDPRL,0.0
20136,DNQPHMTQ,0.0
20137,EDPQMIL,0.0
20138,CGCAENSFN,0.0
20139,WKTRN,0.0
20140,QYVASCQRT,0.0
20141,PTHDKLDCV,0.0
20142,PGEVTIEMV,0.0
20143,DIKAKQPDR,0.0
20144,MQRNSHEST,0.0
20145,IKRPRYTE,0.0
20146,CVLKRNL,0.0
20147,YNTEQ,0.0
20148,IGKDMTKL,0.0
20149,SFQERE,0.0
20150,YREWDAKRT,0.0
20151,NMFQEG,0.0
20152,GTATSTM,0.0
20153,GCCPNRKGM,0.0
20154,QLDSAHAII,0.0
20155,QIAAHGIEAV,0.0
20156,DKDIQQWQH,0.0
20157,MWKFSRPN,0.0
20158,KKVEDHEDSD,0.0
20159,GHTWETHS,0.0
20160,NGSTLGNNH,0.0
20161,CDDCLSKG,0.0
20162,TDSSDFEV,0.0
20163,EEKLTCLIK,0.0
20164,IRAEDMRLKN,0.0
20165,QMVIE,0.0
20166,ASEGFN,0.0
20167,EDETPWPV,0.0
20168,HEEFN,0.0
20169,GDQCKLEL,0.0
20170,MLRYK,0.0
20171,WEAQMD,0.0
20172,QFTIRCK,0.0
20173,PTHNNRC,0.0
20174,ENHAHC,0.0
20175,CTAPALK,0.0
20176,EEWNSIEWTP,0.0
20177,WERGQVPKK,0.0
20178,EIHQLMEDPY,0.0
20179,FSGVES,0.0
20180,NLGVEKRRH,0.0
20181,PITDKAGCL,0.0
20182,QDLTCMRVE,0.0
20183,DEFCM,0.0
20184,DDCAWPYTG,0.0
20185,GSTACI,0.0
20186,RELWRRFCV,0.0
20187,DCQSR,0.0
20188,HCPIATEGR,0.0
20189,YETANMDYNK,0.0
20190,FNHFPHTTE,0.0
20191,GAPVFSN,0.0
20192,HFRAQ,0.0
20193,DICKEDNI,0.0
20194,EMVTDALK,0.0
20195,KHFDCQQKNT,0.0
20196,REMSDP,0.0
20197,VTIKQIM,0.0
20198,QGKESWQ,0.0
20199,ERSLQRWEM,0.0
20200,PSKACMI,0.0
20201,SGWSKNAQ,0.0
20202,FAKNA,0.0
20203,VVKKGTT,0.0
20204,LRTEQC,0.0
20205,NSFGRTENGI,0.0
20206,LLICQGGP,0.0
20207,SLSVCQDA,0.0
20208,LMETFND,0.0
20209,LYQGMQLKGD,0.0
20210,EQRAI,0.0
20211,CDPHHLEDLD,0.0
20212,YVNRA,0.0
20213,PRQGY,0.0
20214,HVQHVVSQQ,0.0
20215,KQGEEN,0.0
20216,DPTSIVS,0.0
20217,RTAAIEGPI,0.0
20218,SEYMESR,0.0
20219,DVEMMLF,0.0
20220,HEQVGD,0.0
20221,NAQYPGGGMV,0.0
20222,ARMKCREYRY,0.0
20223,YDYSMDVHG,0.0
20224,HMLGKMPQ,0.0
20225,RTPVQK,0.0
20226,PVVNDKAHR,0.0
20227,RFRSRMHWIN,0.0
20228,NFDSAQWSA,0.0
20229,NHDEGW,0.0
20230,TVPNDRN,0.0
20231,RHNHLRSKES,0.0
20232,EPRDGVW,0.0
20233,DPVAI,0.0
20234,GVKCLKKELD,0.0
20235,RESVR,0.0
20236,KSKEPR,0.0
20237,DNTGLI,0.0
20238,EFPAPEQSEQ,0.0
20239,LHGAEYGNLL,0.0
20240,AQAISQEP,0.0
20241,RSRTNYEKR,0.0
20242,EQVWVDDD,0.0
20243,RMAAV,0.0
20244,KRCGPMP,0.0
20245,WRSLSGNLGL,0.0
20246,HPGIYEQE,0.0
20247,FCGRKI,0.0
20248,KGNILIA,0.0
20249,RQCIFQN,0.0
20250,IQPRQEV,0.0
20251,DTGFQARGNS,0.0
20252,PMMDMGAE,0.0
20253,RWWWMTKR,0.0
20254,TFELGSCDK,0.0
20255,RQRQRK,0.0
20256,VTSRQNQS,0.0
20257,PLEEASP,0.0
20258,GDIQGT,0.0
20259,EATDAYTIV,0.0
20260,IGNEMMHQL,0.0
20261,FKENSTNT,0.0
20262,TQEQW,0.0
20263,DQYDYVCLK,0.0
20264,QYMRQS,0.0
20265,EVWIDFLAD,0.0
20266,VNAGECC,0.0
20267,NCKGFSVQC,0.0
20268,KAPQR,0.0
20269,LGRVECRPIQ,0.0
20270,RPRGLR,0.0
20271,PNQDRCKGS,0.0
20272,TLETAG,0.0
20273,RGQFIPNC,0.0
20274,DCSHMNM,0.0
20275,CFSCRDG,0.0
20276,CHPTYGQR,0.0
20277,DRCSCEGRH,0.0
20278,PEVAQR,0.0
20279,FSTVQGPMN,0.0
20280,KLWGAQPET,0.0
20281,HLEMN,0.0
20282,VFENTASL,0.0
20283,KNGCV,0.0
20284,MGKPI,0.0
20285,PGECGERSQY,0.0
20286,NVDGPTGL,0.0
20287,SGRSFPTGNC,0.0
20288,DGKEYKRAYR,0.0
20289,LVHNRCCGL,0.0
20290,KTLTLTA,0.0
20291,RTSRKWGQIK,0.0
20292,VRAYVACLC,0.0
20293,IDGCVWD,0.0
20294,QSNPL,0.0
20295,NSGVNIPMLS,0.0
20296,NEQILPGF,0.0
20297,KVELGL,0.0
20298,KDAEF,0.0
20299,CHRGFLRR,0.0
20300,DEASRLS,0.0
20301,KTYYCGRT,0.0
20302,FEGEM,0.0
20303,YSLTTKPP,0.0
20304,RTWDIDSVQP,0.0
20305,EWNDKTGPS,0.0
20306,SSAAQTKDAW,0.0
20307,FTCKPSR,0.0
20308,SFTQMMIFD,0.0
20309,KVGMWQK,0.0
20310,IQFDWEWD,0.0
20311,RNSNP,0.0
20312,EFIED,0.0
20313,EYTEQSE,0.0
20314,DTVTGHWANV,0.0
20315,WDTDDKEL,0.0
20316,SKKNMTCSTG,0.0
20317,SKDDDIK,0.0
20318,HRALEILRQS,0.0
20319,CDVYDSLGR,0.0
20320,ENDPERN,0.0
20321,GWSNRRKW,0.0
20322,ENRLYG,0.0
20323,CQEKIE,0.0
20324,ELDASNEG,0.0
20325,ESKWHNKEG,0.0
20326,KRIMHG,0.0
20327,HERIQTD,0.0
20328,DTFEA,0.0
20329,MMDII,0.0
20330,VWECITME,0.0
20331,VNGKMA,0.0
20332,NMCFADPL,0.0
20333,NQHHNCD,0.0
20334,CGKSK,0.0
20335,NLEDDVG,0.0
20336,VIRKTKIKCA,0.0
20337,DMRLGA,0.0
20338,NPWELGAGN,0.0
20339,IQKKPTSK,0.0
20340,QNQMPM,0.0
20341,YEGEEMNKA,0.0
20342,EEQQC,0.0
20343,NGMVIHGADL,0.0
20344,DRMCQLP,0.0
20345,IDQNPKWK,0.0
20346,CVQNLTWEN,0.0
20347,PDPCND,0.0
20348,FVERNSKM,0.0
20349,RAQQQKKFC,0.0
20350,GCVPDL,0.0
20351,CQTSHCSE,0.0
20352,RMPSRE,0.0
20353,DAWCNLIM,0.0
20354,RCKENSVYM,0.0
20355,ATDQVHGVYK,0.0
20356,FKHRKP,0.0
20357,IACSRQTQRA,0.0
20358,GMQTQYQQAD,0.0
20359,SSHEVSE,0.0
20360,VNAKERAVG,0.0
20361,EDSCE,0.0
20362,WWGENWDPP,0.0
20363,NTWGRCL,0.0
20364,PTWRGPKS,0.0
20365,CAIVQ,0.0
20366,QYQARTE,0.0
20367,QYQSQDFKQQ,0.0
20368,QDDYERRCF,0.0
20369,YLVNNKN,0.0
20370,KLSRLITI,0.0
20371,EDIPWVNQR,0.0
20372,DDVHALE,0.0
20373,NGYQSILKKR,0.0
20374,TQIQHNE,0.0
20375,EHQGDFFG,0.0
20376,HKGSRCV,0.0
20377,SMKGNC,0.0
20378,VGGISTMGT,0.0
20379,RKEELVKE,0.0
20380,QDTLDWIS,0.0
20381,SIISEGCN,0.0
20382,NYNVTTKAV,0.0
20383,HTTDPDHNDC,0.0
20384,QQCVN,0.0
20385,EAMQDCWIK,0.0
20386,YLTIKNKIDR,0.0
20387,TLENI,0.0
20388,FRKGIL,0.0
20389,LIHKTQIR,0.0
20390,MDVREKM,0.0
20391,TAGDKHECAM,0.0
20392,TWTDQRIQ,0.0
20393,DVSINCQGQG,0.0
20394,VPTGHIED,0.0
20395,KFCHEDGQT,0.0
20396,NMRCIQT,0.0
20397,GQFQGTVQ,0.0
20398,EYSSP,0.0
20399,GDIELMSQP,0.0
20400,RESVMKRPR,0.0
20401,GNIVTVACLL,0.0
20402,GSTPMNKY,0.0
20403,EMKDDKVRQ,0.0
20404,EKELKSQRDL,0.0
20405,DVCAYCIEC,0.0
20406,FSVRKK,0.0
20407,PIEEYWNIQ,0.0
20408,SINWEDTT,0.0
20409,KHGTAQA,0.0
20410,ITGIRDGLD,0.0
20411,GRDAQEYII,0.0
20412,GIPDS,0.0
20413,NPADCD,0.0
20414,AMMPPSKIM,0.0
20415,AMMERRMWRP,0.0
20416,VRNMCEA,0.0
20417,ACVWHRGSP,0.0
20418,KKLVLTQ,0.0
20419,CVKEVTTDST,0.0
20420,KLLEAAWN,0.0
20421,TYITNNGRL,0.0
20422,DTANHET,0.0
20423,EKVDLWGN,0.0
20424,GPGGSFFCG,0.0
20425,MKKRNFV,0.0
20426,VQTVCLSE,0.0
20427,CCHQNE,0.0
20428,EEINMC,0.0
20429,VFSRRFK,0.0
20430,NEKYDN,0.0
20431,AREKND,0.0
20432,NNIYWEHN,0.0
20433,KIRCN,0.0
20434,MMQMSNQG,0.0
20435,EEMLHITG,0.0
20436,VTDLPPMTIA,0.0
20437,TMLMPMRTQ,0.0
20438,PDTPWEEQ,0.0
20439,LVNYDSHG,0.0
20440,KIEHEA,0.0
20441,GTTDRI,0.0
20442,QKGPCCKC,0.0
20443,GESIQWT,0.0
20444,KATGI,0.0
20445,KINPA,0.0
20446,MRQLQ,0.0
20447,YMRRAHVIE,0.0
20448,KYRMRYFRKM,0.0
20449,KNEPQGIVF,0.0
20450,PNQAD,0.0
20451,DCDFEQRSA,0.0
20452,CECQKA,0.0
20453,KGNKQMKVLR,0.0
20454,CGYQCEATI,0.0
20455,KHTSVKP,0.0
20456,EYINILCAEV,0.0
20457,NIARVYYCQ,0.0
20458,SMNQKFRAIK,0.0
20459,VNCWDWYGED,0.0
20460,MMGDN,0.0
20461,TDETTVDYLR,0.0
20462,MKKTK,0.0
20463,ANHIDVQED,0.0
20464,DPVYTDTSSS,0.0
20465,GPQNSTFV,0.0
20466,SPKMDDEYMN,0.0
20467,EDFQNRFLA,0.0
20468,RQCLR,0.0
20469,NAWDSPL,0.0
20470,VPQMRT,0.0
20471,YHHQEDG,0.0
20472,SEGSSPDRVF,0.0
20473,DKQCER,0.0
20474,IHNGIMKDR,0.0
20475,DIYWDDV,0.0
20476,GSMEC,0.0
20477,NWERLNPST,0.0
20478,QQVIM,0.0
20479,HAHQPED,0.0
20480,NDGHTK,0.0
20481,GTIWEQHE,0.0
20482,DKWKMQEKD,0.0
20483,DRYTRHNLN,0.0
20484,ERYTHGT,0.0
20485,LCRTEKN,0.0
20486,SPRMQQCGF,0.0
20487,MNCVLNQPSD,0.0
20488,DNTYYVTS,0.0
20489,MMAWMECEQD,0.0
20490,CAEIM,0.0
20491,DDVTIS,0.0
20492,DMRDLLDRK,0.0
20493,KQADN,0.0
20494,NQTPRC,0.0
20495,RHLLNWTLQ,0.0
20496,KCKVCQEMDE,0.0
20497,LLDSEQ,0.0
20498,KCSMRSHAV,0.0
20499,MEHGFGAGGG,0.0
20500,QDCCIR,0.0
20501,QNLGP,0.0
20502,DWDPE,0.0
20503,SYNEIEGDV,0.0
20504,GSNMDNGTVH,0.0
20505,FDFNLTE,0.0
20506,HSQKIGKKIE,0.0
20507,DSNATRVIC,0.0
20508,KKAQS,0.0
20509,SVASTNENQM,0.0
20510,IRQYSHMMG,0.0
20511,VTRTN,0.0
20512,SIVVELCG,0.0
20513,GTPCTMVP,0.0
20514,GGCIVQNP,0.0
20515,NLGNEQRFE,0.0
20516,FVLGGGKGM,0.0
20517,QMHVAKTR,0.0
20518,GTLQPPE,0.0
20519,GHTFNLTS,0.0
20520,FSKGRIV,0.0
20521,NHHNTVSVC,0.0
20522,NSRQMTVT,0.0
20523,CNVSSCHVN,0.0
20524,DQSGGMSH,0.0
20525,QDPHKKK,0.0
20526,PNQNYDQCL,0.0
20527,NEPNENK,0.0
20528,QEEFDPETW,0.0
20529,IGQKYQQH,0.0
20530,PLETGPVV,0.0
20531,DPMSVN,0.0
20532,HMQRGSICVN,0.0
20533,YKNMR,0.0
20534,NDGEKP,0.0
20535,GHFRCKFMA,0.0
20536,KKVENRDE,0.0
20537,SSNICNL,0.0
20538,DTDEDTQIRW,0.0
20539,KNSNKSC,0.0
20540,NDKWKMK,0.0
20541,PWRCANK,0.0
20542,EYMVGTP,0.0
20543,PISIEPESF,0.0
20544,MTLGPM,0.0
20545,KEQRKMHDRC,0.0
20546,PRLEGCI,0.0
20547,DWPRNCGYR,0.0
20548,TWQDRNTM,0.0
20549,HQSHGNQ,0.0
20550,FANFYGTQQ,0.0
20551,IGENY,0.0
20552,QNTRDDDG,0.0
20553,SQQYGRH,0.0
20554,RANMLVPS,0.0
20555,VHDKKRFI,0.0
20556,QREASRSVT,0.0
20557,LQQIMEGMC,0.0
20558,GNTHCKTC,0.0
20559,GCRGITL,0.0
20560,GLIGA,0.0
20561,GFADI,0.0
20562,TVRRDHGVSE,0.0
20563,RGQDLR,0.0
20564,DSDIHHFQTR,0.0
20565,KELYDSCRNN,0.0
20566,AAMLN,0.0
20567,MICSTKKM,0.0
20568,IKQHADEK,0.0
20569,IQPDKDLNR,0.0
20570,IHNQE,0.0
20571,FQDNMIMSLP,0.0
20572,ENIQGP,0.0
20573,AVQYKPLDAT,0.0
20574,NWRRGI,0.0
20575,WDESSEECQD,0.0
20576,GYMDGQ,0.0
20577,YEALFHCIA,0.0
20578,TGFRAG,0.0
20579,NSGQSYPPKG,0.0
20580,RCGGSFGS,0.0
20581,PDNEPNTF,0.0
20582,DREEDF,0.0
20583,MNIQID,0.0
20584,CPHEGM,0.0
20585,QYESA,0.0
20586,PYRWERE,0.0
20587,VIKKQVELA,0.0
20588,NCTIGSA,0.0
20589,GDRYLHNEQ,0.0
20590,TGPGNI,0.0
20591,KCQCVRQSGE,0.0
20592,DKHQWSCR,0.0
20593,LSKQCKT,0.0
20594,VHGDG,0.0
20595,IMNMM,0.0
20596,KENEKEVGSH,0.0
20597,SSKLCYKNK,0.0
20598,KDRGGPFTGL,0.0
20599,NLECGCLEI,0.0
20600,DNLNAFFD,0.0
20601,HHGAQQ,0.0
20602,LERMS,0.0
20603,VWCFTCEE,0.0
20604,DTDVK,0.0
20605,NRNGSR,0.0
20606,KEGMCE,0.0
20607,SDSNAQVI,0.0
20608,KNIKH,0.0
20609,SWGKCGSMK,0.0
20610,WDIWARPPT,0.0
20611,EELAHKQM,0.0
20612,HGNMDEY,0.0
20613,EPLDAFIFGS,0.0
20614,GQRHCNRRW,0.0
20615,TQQNVRC,0.0
20616,DWDHWLLNDP,0.0
20617,SLPEMP,0.0
20618,WPQTEME,0.0
20619,GFMNDM,0.0
20620,HGHGPEDFW,0.0
20621,IEGMNKQKLN,0.0
20622,PDDFE,0.0
20623,GILLCNFAG,0.0
20624,QKRAQHSW,0.0
20625,YAGLK,0.0
20626,FTENHEHN,0.0
20627,DKVRCMVD,0.0
20628,VDMQA,0.0
20629,HANPRG,0.0
20630,VSSRNESCG,0.0
20631,MRPESANTAA,0.0
20632,IRNRSIWMRP,0.0
20633,SVTNDQ,0.0
20634,DVSVE,0.0
20635,MAKTEMTTG,0.0
20636,KIDHRKGK,0.0
20637,NWCACWEEPQ,0.0
20638,HSDFHSRIQQ,0.0
20639,WSADAIEGV,0.0
20640,VSGMA,0.0
20641,NNRCVAIY,0.0
20642,IQNYNQQT,0.0
20643,SLDRQPLWN,0.0
20644,PKEKRE,0.0
20645,IQDEC,0.0
20646,NCGVESH,0.0
20647,MPCSQ,0.0
20648,KWRDEDC,0.0
20649,TPAFRDLKCK,0.0
20650,GLWYRNKV,0.0
20651,LVHWAQAQEE,0.0
20652,RWEPSCR,0.0
20653,RSNMKMR,0.0
20654,WKHVNRN,0.0
20655,KSVGGAFTC,0.0
20656,KTKPA,0.0
20657,CEWLQWESS,0.0
20658,TVCEC,0.0
20659,ENAMKLPTN,0.0
20660,KGDCN,0.0
20661,LPKNVAC,0.0
20662,NRCCLFSLV,0.0
20663,LRCPWIARD,0.0
20664,RKFNSYSIL,0.0
20665,LDEHD,0.0
20666,TTTKPMP,0.0
20667,WTQGFCSLD,0.0
20668,QLPTVPIQ,0.0
20669,TTAMSYSEVT,0.0
20670,IYTKARPPP,0.0
20671,CGQTTKEFL,0.0
20672,WRAECTHSGK,0.0
20673,FDQMLMDQV,0.0
20674,QEFSEHMIYP,0.0
20675,RCHHANMKM,0.0
20676,TIRREC,0.0
20677,QDKTHKTNTR,0.0
20678,YKIRHTKK,0.0
20679,NAHEDMSQQH,0.0
20680,DPNMTPHRSG,0.0
20681,NWDLWRNK,0.0
20682,SRTTGK,0.0
20683,NCRRDNG,0.0
20684,ECGRCDDPAY,0.0
20685,MLTALMRR,0.0
20686,VQIPEI,0.0
20687,RNHRVDK,0.0
20688,TAQQEC,0.0
20689,IEEHINK,0.0
20690,MGHTMSLS,0.0
20691,ACNGGWSGDV,0.0
20692,MDMPDQMRCL,0.0
20693,DMCYCDKGVG,0.0
20694,IGQNPNMR,0.0
20695,HDECWGEMWP,0.0
20696,TDGNMC,0.0
20697,AWSLTTVK,0.0
20698,QIQSISGVRN,0.0
20699,LERHCTE,0.0
20700,MTGHHHQIRN,0.0
20701,KKAYQQ,0.0
20702,GCTFEAIGR,0.0
20703,EDTAGHMS,0.0
20704,MNACTAMVCQ,0.0
20705,DQCFTEEEWS,0.0
20706,DTQST,0.0
20707,FTQPEE,0.0
20708,IKTMYRN,0.0
20709,MGAAD,0.0
20710,EMNFMSN,0.0
20711,TKCGYKRN,0.0
20712,TDPRRCDQD,0.0
20713,PQRLDLS,0.0
20714,WDNLDE,0.0
20715,CPNVA,0.0
20716,SYITRDRS,0.0
20717,CQCNYET,0.0
20718,ECGFQFSDSK,0.0
20719,GDTWKVQF,0.0
20720,QRPLFIG,0.0
20721,MVNKSGI,0.0
20722,IQGNRRFS,0.0
20723,REFDAN,0.0
20724,CDTIKLMV,0.0
20725,QQGHLE,0.0
20726,NSQHLWGE,0.0
20727,CCNEVMTC,0.0
20728,EGTQCTTQ,0.0
20729,RRGECCNL,0.0
20730,GDWGHWLGQ,0.0
20731,KEELC,0.0
20732,NKEGTWFAR,0.0
20733,KGCLNKCVM,0.0
20734,NSSTQKHSM,0.0
20735,FCMEIVNC,0.0
20736,ERNVEAQS,0.0
20737,RQAATF,0.0
20738,ATKHGIH,0.0
20739,QKMWRPAS,0.0
20740,QEMGLI,0.0
20741,CQAYEELGG,0.0
20742,IQHEYADG,0.0
20743,MIEDF,0.0
20744,PCTDICDR,0.0
20745,FTAWCFEEV,0.0
20746,LGNKWADV,0.0
20747,VTITNKLSRR,0.0
20748,VCHTDMVQ,0.0
20749,LNAHG,0.0
20750,EGDPMQFNW,0.0
20751,HDMGSMDVW,0.0
20752,NNKMPT,0.0
20753,GMHFAGCAS,0.0
20754,EGEPF,0.0
20755,GTQPG,0.0
20756,KQGEETAENG,0.0
20757,QESQN,0.0
20758,RDGGI,0.0
20759,KRDNLRLM,0.0
20760,PGSIAALHR,0.0
20761,DPGSSGERMG,0.0
20762,SSDQAMG,0.0
20763,DHSTHGEYDV,0.0
20764,NPRSTRMNYP,0.0
20765,DGYQP,0.0
20766,QRVTT,0.0
20767,KHKGPTE,0.0
20768,RNCDR,0.0
20769,NIMAGYLDN,0.0
20770,KNQKMRTRH,0.0
20771,PAKVA,0.0
20772,IMNAKD,0.0
20773,GGNYRAMIY,0.0
20774,GKLRTW,0.0
20775,KKIMETMV,0.0
20776,GTVEGCN,0.0
20777,NCQGIHE,0.0
20778,SSTYCNRN,0.0
20779,GSQTL,0.0
20780,TRPNP,0.0
20781,FRRTKSWPP,0.0
20782,ARARLV,0.0
20783,FGIKRFVRA,0.0
20784,HPDQSFINA,0.0
20785,YDQTELWQ,0.0
20786,NHSFVKVP,0.0
20787,CSGGQDALAS,0.0
20788,AGGNITR,0.0
20789,TEKEIAKRK,0.0
20790,MAKNGE,0.0
20791,KCQYEKQC,0.0
20792,EGWENIHIYG,0.0
20793,EKHPDNFPT,0.0
20794,VKDEIKSPL,0.0
20795,QVIQSCRT,0.0
20796,DNITFCQ,0.0
20797,GEGCMLFAV,0.0
20798,DPQEFST,0.0
20799,ENVNGST,0.0
20800,GHSHGEAQQL,0.0
20801,CTIHDANRRI,0.0
20802,SEIGVVE,0.0
20803,SQVLIDN,0.0
20804,KRHHPMNMT,0.0
20805,YKPVR,0.0
20806,IYEVEA,0.0
20807,MTTCDRL,0.0
20808,GIIPWQRGEI,0.0
20809,AQCRVEIQF,0.0
20810,TPVVTSGM,0.0
20811,AWQEA,0.0
20812,HRVLQA,0.0
20813,GLGQA,0.0
20814,WKNPR,0.0
20815,GSPVNSR,0.0
20816,VEESCNSYI,0.0
20817,AKNIWCNKLA,0.0
20818,HGQLECHNTI,0.0
20819,MKLLI,0.0
20820,PPHQSKND,0.0
20821,KSWNYKKT,0.0
20822,DNSGAV,0.0
20823,GMVMRIN,0.0
20824,LTGWKTMNV,0.0
20825,KNYSSWNGQD,0.0
20826,SPKAQCAFN,0.0
20827,QDTTWDVC,0.0
20828,PTTVTR,0.0
20829,QTRLLVTI,0.0
20830,MDWTVCVDQL,0.0
20831,RQNERG,0.0
20832,SDSSEQC,0.0
20833,TGVQG,0.0
20834,EQYIHWDHL,0.0
20835,NIDRFWARR,0.0
20836,KTQNSQTYD,0.0
20837,ARYTYGLNRA,0.0
20838,HGCSIIQEM,0.0
20839,CGQREVGHV,0.0
20840,ERIRPSG,0.0
20841,DQKRGRLNS,0.0
20842,REENAV,0.0
20843,ATFCTDQHNS,0.0
20844,IHGKGGVGI,0.0
20845,GPSQN,0.0
20846,FREIIKSGDD,0.0
20847,MDEGGISHKH,0.0
20848,ACEIFNNHLE,0.0
20849,TQRESSDQC,0.0
20850,KVCALLSIA,0.0
20851,GSCNPYHQ,0.0
20852,LCDQEYNFD,0.0
20853,NQSMVCAAY,0.0
20854,DVRRMP,0.0
20855,QLETAEMIF,0.0
20856,RNKIFNLE,0.0
20857,MPIKRIQV,0.0
20858,PLQRTGQ,0.0
20859,DGYLHWQDL,0.0
20860,MIPCQD,0.0
20861,LELKTGT,0.0
20862,ESAQF,0.0
20863,PHFFGDET,0.0
20864,CIVAFVEAQ,0.0
20865,TPNMG,0.0
20866,MVNNDGGIC,0.0
20867,DKQTG,0.0
20868,QEMQSGCCS,0.0
20869,IIAHSREQV,0.0
20870,QRQNCFI,0.0
20871,QLKGD,0.0
20872,IETFTKLKV,0.0
20873,HGNKENHP,0.0
20874,IITKQ,0.0
20875,CLCRCETG,0.0
20876,IYGSDAGMEK,0.0
20877,PDSLSICDY,0.0
20878,TLRRN,0.0
20879,CNNCD,0.0
20880,DTGDHQHEPP,0.0
20881,GQMRVGYLNN,0.0
20882,PHNDHSEM,0.0
20883,ESKCQPGT,0.0
20884,ELLRMDH,0.0
20885,CGDCRIKTRV,0.0
20886,MYEEIA,0.0
20887,RGLGDLDWA,0.0
20888,CEFDGPYGS,0.0
20889,GITFVPCE,0.0
20890,DMHGQKHDN,0.0
20891,IAEAMKAQTM,0.0
20892,TALVN,0.0
20893,MNHSLRR,0.0
20894,MCTKPQMPA,0.0
20895,RAMMTPQQD,0.0
20896,HKIVKTEK,0.0
20897,YKQQMNG,0.0
20898,CSNTEFVICT,0.0
20899,QMNHCRDI,0.0
20900,NIQQFQLM,0.0
20901,SESMNL,0.0
20902,RNKNGAMGWL,0.0
20903,HGTEED,0.0
20904,QLIDTRK,0.0
20905,TKCDPCI,0.0
20906,NQTVKGLWAR,0.0
20907,NWLRAR,0.0
20908,VKRDR,0.0
20909,RVPNYAMI,0.0
20910,PQRDQI,0.0
20911,EHGVHLSH,0.0
20912,RQIECSHA,0.0
20913,DYTDKCCVPN,0.0
20914,KHGQGMM,0.0
20915,GGKIV,0.0
20916,AIAFDGEVY,0.0
20917,MRQGQKTSP,0.0
20918,RGGRY,0.0
20919,MGGVNDID,0.0
20920,ITMKARV,0.0
20921,EIGWMQV,0.0
20922,DINCV,0.0
20923,ECQNQMN,0.0
20924,KWNFDPGPS,0.0
20925,LGSDRRSEA,0.0
20926,GMSDNMETL,0.0
20927,WCEAEINMNQ,0.0
20928,GMQLQS,0.0
20929,PRHDDHDA,0.0
20930,PTIACRTYMK,0.0
20931,KDEQWET,0.0
20932,DDIPQ,0.0
20933,LDMMM,0.0
20934,DTFEL,0.0
20935,IWEGHDPIEE,0.0
20936,TRSYEDAAP,0.0
20937,KISSKQVRD,0.0
20938,LEYCSQSEQP,0.0
20939,IEPNIPLLS,0.0
20940,DANYTPLP,0.0
20941,GLGQAQPESF,0.0
20942,KDYEQSSGIA,0.0
20943,KNDYTSRF,0.0
20944,EQLGNGHPM,0.0
20945,GATHFDDHQS,0.0
20946,QLFASKPNGT,0.0
20947,IDPDMVH,0.0
20948,NNAIGFQCE,0.0
20949,EPSSD,0.0
20950,WEGIITLG,0.0
20951,DFKQQ,0.0
20952,KKVEEES,0.0
20953,INGKHWGQVK,0.0
20954,DEQVCGLD,0.0
20955,LLRKLQGG,0.0
20956,QPFKRCS,0.0
20957,FNAEY,0.0
20958,DAEHDYWQS,0.0
20959,SNRSWNLC,0.0
20960,NMIEWKIPN,0.0
20961,MRPEN,0.0
20962,QLSMQ,0.0
20963,QGTSCE,0.0
20964,PGRGEYLHVD,0.0
20965,THVNDA,0.0
20966,FTNNAQ,0.0
20967,HKPWLKRC,0.0
20968,DCGKQ,0.0
20969,CNALD,0.0
20970,HRDPDILNL,0.0
20971,ESIQS,0.0
20972,NYISRQLGH,0.0
20973,AFKDGHPAVA,0.0
20974,KITNKGLR,0.0
20975,EGNVNGIY,0.0
20976,CEMLPNV,0.0
20977,IHGCHGSD,0.0
20978,GDTSWTPAN,0.0
20979,CQNLVPRQ,0.0
20980,DTVFISDG,0.0
20981,GNESLKCAKE,0.0
20982,QHQPINHMQ,0.0
20983,DAMCP,0.0
20984,CTRGMTIMLR,0.0
20985,SRSDQGMG,0.0
20986,NFLDLMQQVE,0.0
20987,QRNGR,0.0
20988,ELTSHC,0.0
20989,GTDDTMFN,0.0
20990,CDHDEGL,0.0
20991,QWRRNDTHA,0.0
20992,WAQLGAFRH,0.0
20993,LNDESH,0.0
20994,KPQNIL,0.0
20995,VDFAD,0.0
20996,GNYKSPQPLN,0.0
20997,LQPDDHLS,0.0
20998,PNCGRI,0.0
20999,LITNINIM,0.0
21000,WATTCQCPQD,0.0
21001,HTQQDEYV,0.0
21002,VHEPGCV,0.0
21003,KLSRTHA,0.0
21004,NHNMIPR,0.0
21005,LRKSKPQS,0.0
21006,DTMYQFHDDV,0.0
21007,YDLCCHDP,0.0
21008,EWDAPIHKS,0.0
21009,QKNPPIEM,0.0
21010,GDSAL,0.0
21011,EGYGLRFGQR,0.0
21012,MHSATISER,0.0
21013,HVMCTADC,0.0
21014,QQNIRGNQMH,0.0
21015,IDNPRKCP,0.0
21016,QGLED,0.0
21017,QKDPS,0.0
21018,DSEWFHKPT,0.0
21019,NYDADY,0.0
21020,KESGK,0.0
21021,REPRMAG,0.0
21022,ADKCMRRN,0.0
21023,LKVPKYRRQV,0.0
21024,NCSGEDSMS,0.0
21025,DRDQCVL,0.0
21026,SQTQIR,0.0
21027,GSAMDEITT,0.0
21028,HGQCCGHM,0.0
21029,ATSYPRIR,0.0
21030,TPSKSLC,0.0
21031,SPLDGVDGN,0.0
21032,TSCKQSKG,0.0
21033,GNDCFGES,0.0
21034,VPRQKRA,0.0
21035,SHLAAPMLA,0.0
21036,NGLKRCHSHR,0.0
21037,ETWDMIAN,0.0
21038,YGVVKCIK,0.0
21039,LQNRQIATSN,0.0
21040,VGCKC,0.0
21041,NINCCQPHQ,0.0
21042,EKMQFPQMT,0.0
21043,CRKKISN,0.0
21044,AMQNDM,0.0
21045,EIMAHQN,0.0
21046,NVLQIKIST,0.0
21047,VMKPQKC,0.0
21048,RQPKGT,0.0
21049,VNKWVRIK,0.0
21050,RSGPM,0.0
21051,DEAPHCRGE,0.0
21052,RECNTERPDY,0.0
21053,STVSTRQDQC,0.0
21054,FPQDLQMC,0.0
21055,SEIYGWQ,0.0
21056,HAMITMDAH,0.0
21057,PEYLSN,0.0
21058,NGHAHMIPS,0.0
21059,RDKWELMDN,0.0
21060,HYTSKDGK,0.0
21061,SLHGSVQG,0.0
21062,HFTFWQPNH,0.0
21063,HNVSFCDA,0.0
21064,CNGMCGV,0.0
21065,RPNAM,0.0
21066,LDKMK,0.0
21067,CMPRSG,0.0
21068,DCVIDYYEAT,0.0
21069,DTTVGL,0.0
21070,EGDPLF,0.0
21071,VEYLPDRNV,0.0
21072,EMMREFFEP,0.0
21073,TTMGYMGN,0.0
21074,CARRWQM,0.0
21075,MEVIP,0.0
21076,SESVLSVGF,0.0
21077,QMNQSHRYCN,0.0
21078,ETDRMPDTIG,0.0
21079,FPVEN,0.0
21080,KQNNEQD,0.0
21081,RQKHPCERMQ,0.0
21082,EQEVLLP,0.0
21083,KEYRRIICKM,0.0
21084,RRRFVFVRW,0.0
21085,EHPPQM,0.0
21086,EWGVQ,0.0
21087,RAKRQSICHM,0.0
21088,QEEVRLMRSP,0.0
21089,SVEGLEQ,0.0
21090,QCKKGS,0.0
21091,DPVNGRM,0.0
21092,NNDSSEHR,0.0
21093,MLGKNNP,0.0
21094,SQSKCPK,0.0
21095,YKRQNTG,0.0
21096,CGDCR,0.0
21097,MQQVA,0.0
21098,LMEDRQYNR,0.0
21099,CDGGCVGA,0.0
21100,LSDPDER,0.0
21101,SCLETQ,0.0
21102,NEIAGCH,0.0
21103,MKATTR,0.0
21104,SFPKGAKQR,0.0
21105,NNTMTYGLQN,0.0
21106,AYEISHYPD,0.0
21107,VAGLAKAI,0.0
21108,EKKKSYV,0.0
21109,AVTRIGT,0.0
21110,PTSDWRLDDE,0.0
21111,SGYAGE,0.0
21112,EGIQQH,0.0
21113,MEEYTVWAV,0.0
21114,ITNAHARIT,0.0
21115,FISMQSHR,0.0
21116,HVINLDQHL,0.0
21117,MIIQESDG,0.0
21118,GANGGPMQ,0.0
21119,QCSIHDTQST,0.0
21120,QTWEQS,0.0
21121,RDTTETNY,0.0
21122,DCVKGNMP,0.0
21123,QTGITE,0.0
21124,RMLMLMV,0.0
21125,VMRDG,0.0
21126,HENSAYTSGR,0.0
21127,ERVKPGFVP,0.0
21128,TKMASAIRA,0.0
21129,QLALAL,0.0
21130,DDHFMAQWA,0.0
21131,PDAQYMQPP,0.0
21132,EEHDCIIVTL,0.0
21133,ANVRTEDES,0.0
21134,KGGIPNDH,0.0
21135,RITMCHDAKT,0.0
21136,EVRMTMRRPA,0.0
21137,PKEVNKCPTD,0.0
21138,GSYSGWWQD,0.0
21139,KCRMGVIVT,0.0
21140,QICWCIRR,0.0
21141,AMAMMEKGGQ,0.0
21142,TCRGR,0.0
21143,HEDSD,0.0
21144,YESCVALLP,0.0
21145,RMSYGRCC,0.0
21146,NTVIQG,0.0
21147,DCNFDVCI,0.0
21148,VVLQQLQDE,0.0
21149,QFLDTA,0.0
21150,CEFEY,0.0
21151,DKRAM,0.0
21152,EMENKGILS,0.0
21153,DLINWKR,0.0
21154,NCNALACHG,0.0
21155,CVQRPKD,0.0
21156,GNLNKTMH,0.0
21157,HQDNTWIP,0.0
21158,LHANPGDFN,0.0
21159,QCKHWEIPK,0.0
21160,KRHKTTGQQ,0.0
21161,NLVTNNQRN,0.0
21162,MHGKVLPN,0.0
21163,FQGTYHGKG,0.0
21164,YELGTHCE,0.0
21165,DYRARECTVD,0.0
21166,VTHQFQKN,0.0
21167,HNQTHLGD,0.0
21168,GNKMLCTL,0.0
21169,ADMVMQ,0.0
21170,EVENFTD,0.0
21171,SVLTVQWGKQ,0.0
21172,QKRVNM,0.0
21173,NIMNNWQN,0.0
21174,MMGDEQSR,0.0
21175,TILSFGSQ,0.0
21176,DCLHEE,0.0
21177,KSCKPGTL,0.0
21178,QATILYDE,0.0
21179,PMQSTGN,0.0
21180,WQQSNRQ,0.0
21181,TMASVGHMKQ,0.0
21182,VHSEFAQC,0.0
21183,FFLHTEDQV,0.0
21184,ENIKSQHKQ,0.0
21185,VKRCCICM,0.0
21186,FCGGKAAGY,0.0
21187,KCIEVSR,0.0
21188,MKGIALD,0.0
21189,VTVELCGS,0.0
21190,FAIQFDCNI,0.0
21191,YEAAI,0.0
21192,PQPGIDT,0.0
21193,TAGNKDSIKI,0.0
21194,RLHCIKQE,0.0
21195,AVGVG,0.0
21196,RNHHEIKEN,0.0
21197,QNQSN,0.0
21198,CPIAID,0.0
21199,EDLDKSKIP,0.0
21200,KTMRME,0.0
21201,MVVDEVT,0.0
21202,GNNVQN,0.0
21203,EWSHTGKSD,0.0
21204,DQNRKSTAAD,0.0
21205,QNAKWPQ,0.0
21206,MCHMLRHGR,0.0
21207,KYSTVQGRHR,0.0
21208,QFTGE,0.0
21209,SAGFLDE,0.0
21210,PHRREA,0.0
21211,RSGPMWERRE,0.0
21212,CVWRNWLRQ,0.0
21213,IPENSHTD,0.0
21214,REDVTLG,0.0
21215,MGKIRDSM,0.0
21216,TKETQ,0.0
21217,KCRVISIEA,0.0
21218,GAARQETFKV,0.0
21219,VAWHDNQM,0.0
21220,WNRRQQ,0.0
21221,HHTSCEI,0.0
21222,LQDQSPI,0.0
21223,DNKRKSV,0.0
21224,QWTTGS,0.0
21225,ACKTEMRC,0.0
21226,CFMMSREGK,0.0
21227,RTEGMSTTD,0.0
21228,PDGAH,0.0
21229,RNNVVHSQLK,0.0
21230,YPIGKG,0.0
21231,NWDIQ,0.0
21232,PDGVSMPG,0.0
21233,DVYTNSKC,0.0
21234,IDDAHEGCYL,0.0
21235,TSMDTDEVAS,0.0
21236,ICRHETDGT,0.0
21237,FSRFPSAAN,0.0
21238,YHMPDD,0.0
21239,DAHIQQCSAI,0.0
21240,WPQHEYSLGN,0.0
21241,FDKSNQIES,0.0
21242,FKHNGNPQ,0.0
21243,PSDPS,0.0
21244,GRGTSFE,0.0
21245,RAKIVGHTH,0.0
21246,YVKNRAARCS,0.0
21247,MYDNIEDPQ,0.0
21248,NIEGVA,0.0
21249,IQKRVRD,0.0
21250,MKACCKPLDK,0.0
21251,MFQQNQT,0.0
21252,YNYQMR,0.0
21253,SGMICNGVE,0.0
21254,KTFCNAEKGD,0.0
21255,GEDKS,0.0
21256,VGSTCGIS,0.0
21257,DKQSPQLHHQ,0.0
21258,QKNARGWCA,0.0
21259,FKARCL,0.0
21260,MSNKYQRE,0.0
21261,FEDSAYQQRP,0.0
21262,HGNTYKIK,0.0
21263,CKVMEQAM,0.0
21264,RHEGCQR,0.0
21265,QLPNDAIYK,0.0
21266,RPVQNIAA,0.0
21267,ERIVTARMT,0.0
21268,QIEIIIK,0.0
21269,GMEPYESFL,0.0
21270,HVDMRNVI,0.0
21271,QDMHRSR,0.0
21272,KKTYRK,0.0
21273,FCEQMD,0.0
21274,AAKHC,0.0
21275,AVSLMA,0.0
21276,VDYLRTDETT,0.0
21277,HPELGPSI,0.0
21278,APCGKQ,0.0
21279,IDWEKNLM,0.0
21280,DLDIVEK,0.0
21281,RQAKD,0.0
21282,DADCA,0.0
21283,FIRFQEKDD,0.0
21284,CIKDLSMK,0.0
21285,LDERRYC,0.0
21286,DLVSHMQVQ,0.0
21287,NVDQQPES,0.0
21288,CKTKGKI,0.0
21289,SCEQRE,0.0
21290,VQQIEPIEPL,0.0
21291,YDDKHVVS,0.0
21292,EHQFGTF,0.0
21293,AHTDGC,0.0
21294,QEVWIIGCL,0.0
21295,RCGKRNNE,0.0
21296,RITQVQK,0.0
21297,AQDGL,0.0
21298,IFNNRN,0.0
21299,NQRFRRSLK,0.0
21300,KPNPDGGPCD,0.0
21301,ACIGENVDRR,0.0
21302,TQNSQ,0.0
21303,DEATPSI,0.0
21304,EPPDMDNICS,0.0
21305,EVSWYIANR,0.0
21306,QRINFGN,0.0
21307,YREDTGFC,0.0
21308,NSNHTMGM,0.0
21309,LFEGCSN,0.0
21310,FENGEC,0.0
21311,EVCHSGA,0.0
21312,ARITQC,0.0
21313,TECQDV,0.0
21314,DQKSRAVLGA,0.0
21315,IFRGERVTG,0.0
21316,QRHHVCKVA,0.0
21317,ANPAKMNLP,0.0
21318,LHAARYPIK,0.0
21319,RGCHIWALG,0.0
21320,HQCEKQ,0.0
21321,GDGRQSCHW,0.0
21322,VCQNRCMGG,0.0
21323,IMEEQ,0.0
21324,EEHTIPMTP,0.0
21325,IQIAK,0.0
21326,VIQIA,0.0
21327,EFEQFSD,0.0
21328,DDLAQS,0.0
21329,CVHSVNGN,0.0
21330,NQIPM,0.0
21331,RQRIGKR,0.0
21332,DLHKVCK,0.0
21333,EFCGALDPLG,0.0
21334,TGSFNCAN,0.0
21335,ADGMYI,0.0
21336,EFQDKDCKMC,0.0
21337,LNNYSDN,0.0
21338,FTPDIPKNV,0.0
21339,DDLQRY,0.0
21340,KPSPSGVRV,0.0
21341,DLERE,0.0
21342,QWFCEQEQ,0.0
21343,QAGVQSQ,0.0
21344,EQFTHTMD,0.0
21345,VNPAGGQWE,0.0
21346,NTKWNSAV,0.0
21347,GLHPKEFG,0.0
21348,FTPKPDLTAQ,0.0
21349,RVLAII,0.0
21350,EAAHEAGHK,0.0
21351,NMNER,0.0
21352,AEGGD,0.0
21353,KDMMGHACGD,0.0
21354,TKKEDLNDPE,0.0
21355,EDVCGTT,0.0
21356,LCGMSR,0.0
21357,FVDAHQP,0.0
21358,CDGLHACRP,0.0
21359,GYHCASTRY,0.0
21360,PDCIETD,0.0
21361,NSSGQGCCCQ,0.0
21362,GHVEP,0.0
21363,AMTYCIEREE,0.0
21364,EDTRQSE,0.0
21365,MSESNKRGDF,0.0
21366,ESQPTNT,0.0
21367,GEFFKGTL,0.0
21368,GTLGGDQV,0.0
21369,MQWYESLVGD,0.0
21370,VQEATTWKL,0.0
21371,ELAHWDQ,0.0
21372,GNDPKT,0.0
21373,NDFWIKKQ,0.0
21374,DERDDFVA,0.0
21375,PHQEG,0.0
21376,AGREHVTYE,0.0
21377,NEQKWTDG,0.0
21378,DTNQHDDNPA,0.0
21379,KNFQRD,0.0
21380,FFAETIRKD,0.0
21381,CEAQRVTK,0.0
21382,EVELVTAGY,0.0
21383,SIDTMVLEQT,0.0
21384,SFMSMNKLNG,0.0
21385,EVIGQYTLNC,0.0
21386,EPALAGLDLA,0.0
21387,PQHDDII,0.0
21388,QSQMGR,0.0
21389,GPKNSRKCD,0.0
21390,GCQTNSVYH,0.0
21391,MRGRSEWAY,0.0
21392,WQNKIILSQK,0.0
21393,VDCDLVG,0.0
21394,TGQLNSG,0.0
21395,NQRND,0.0
21396,QNTLR,0.0
21397,ANDAI,0.0
21398,LEGFDRDPH,0.0
21399,SNFVQTPID,0.0
21400,RARPT,0.0
21401,VHHEARCHV,0.0
21402,EGVHE,0.0
21403,PRSTKTFT,0.0
21404,EIDWE,0.0
21405,DGNEHGL,0.0
21406,GPTHIILNQ,0.0
21407,IAGHR,0.0
21408,VGSWIPET,0.0
21409,FWGNKQG,0.0
21410,EPVMV,0.0
21411,KCLAIVDR,0.0
21412,EVYPQCDSW,0.0
21413,TNYYSNQGV,0.0
21414,GHYQRA,0.0
21415,GAYEVINLV,0.0
21416,KRHRTAHKWQ,0.0
21417,PPLKPLI,0.0
21418,PISQVHECQ,0.0
21419,MCDDVLDD,0.0
21420,TAGEV,0.0
21421,KECASLKIGW,0.0
21422,GSCDDASYC,0.0
21423,DAGACANAFV,0.0
21424,AHNEAWDGNF,0.0
21425,YCACAIEVG,0.0
21426,FDGLQVKT,0.0
21427,NANRIA,0.0
21428,TGLTRTQN,0.0
21429,WNRNGS,0.0
21430,ESDCMG,0.0
21431,QTGIWKCAKL,0.0
21432,PCKKKQFRY,0.0
21433,QGNIDTKAYD,0.0
21434,SFDPSTQE,0.0
21435,NCRLKHLLDL,0.0
21436,GGTVP,0.0
21437,DRVKHNP,0.0
21438,PCGSQAMKK,0.0
21439,DIAHCSP,0.0
21440,AEKRP,0.0
21441,QHFCPRQCQ,0.0
21442,EWWQRGPK,0.0
21443,KRENVAN,0.0
21444,KYKKKW,0.0
21445,WECENIKG,0.0
21446,ICLQTK,0.0
21447,NGDAQYPSR,0.0
21448,QGELSVVH,0.0
21449,TNTRFQ,0.0
21450,IEIAFMCSEC,0.0
21451,TIEMVMKVK,0.0
21452,VQTNLSLSVS,0.0
21453,SQMDPREMIE,0.0
21454,IGRECTCV,0.0
21455,NSSITAPKC,0.0
21456,SNTVWLDHI,0.0
21457,TAITQ,0.0
21458,GNSAGNKVC,0.0
21459,QLFTMKDGHE,0.0
21460,LINGTPNN,0.0
21461,VDCCIPPK,0.0
21462,INNTPPMDA,0.0
21463,EKIGMDH,0.0
21464,CHFDARIHC,0.0
21465,HEYHMECI,0.0
21466,DTTAV,0.0
21467,ENYFEVRR,0.0
21468,ELNLTSMM,0.0
21469,PLADK,0.0
21470,DCKRDR,0.0
21471,WVDLKGNNV,0.0
21472,MPARQ,0.0
21473,MATALL,0.0
21474,SNMWEAQP,0.0
21475,DNDTQYM,0.0
21476,KRASKN,0.0
21477,NGTPARLKY,0.0
21478,YEDAG,0.0
21479,EKRKAQ,0.0
21480,ARCEMPDTW,0.0
21481,VCAGTHEHM,0.0
21482,ACQDAGAQS,0.0
21483,SRAQTT,0.0
21484,FQNVWIDQMD,0.0
21485,VCNDI,0.0
21486,DRICKLV,0.0
21487,MDKGCI,0.0
21488,WGNCNGAG,0.0
21489,EIHGMN,0.0
21490,DAKDFGRGNS,0.0
21491,QDPVASTMVV,0.0
21492,DSIAREWRR,0.0
21493,CFQCGTNN,0.0
21494,QCQIRCC,0.0
21495,DDYPIP,0.0
21496,CHTEWGD,0.0
21497,DFRLWIQVQ,0.0
21498,FCEDYSDQ,0.0
21499,HWTWKMAGQ,0.0
21500,VEPDSSWAEP,0.0
21501,NPNPN,0.0
21502,VQMYPMD,0.0
21503,VVSDKPEE,0.0
21504,AREYSQI,0.0
21505,PCMLMGE,0.0
21506,PQHAQDTP,0.0
21507,GGEITDL,0.0
21508,NDGGTMWIY,0.0
21509,MTKCACR,0.0
21510,EDSTN,0.0
21511,TEGTGMK,0.0
21512,KVGMTMGN,0.0
21513,ILGARHM,0.0
21514,IDGGS,0.0
21515,DICNIT,0.0
21516,GTFSNNRNLM,0.0
21517,CKCMDPEYN,0.0
21518,MWEKPQE,0.0
21519,QPCAVDQWS,0.0
21520,VECMM,0.0
21521,AENGEP,0.0
21522,EVIKLQ,0.0
21523,QTAQRCMI,0.0
21524,MTAQA,0.0
21525,CWVDTCKIAR,0.0
21526,IDPDKD,0.0
21527,HNCDCKTASA,0.0
21528,VKQELSKEH,0.0
21529,EYNANNVP,0.0
21530,HRTKLDKD,0.0
21531,QGEGEMDHM,0.0
21532,DPMLSQKE,0.0
21533,DIFHEIQCCM,0.0
21534,TANTD,0.0
21535,MLINNCHK,0.0
21536,QEQKHVQ,0.0
21537,GPCSVAECGT,0.0
21538,IKRCCAVVS,0.0
21539,EYQGQWIKQ,0.0
21540,CDDYQNN,0.0
21541,CGNSDDPN,0.0
21542,SDCDN,0.0
21543,KPTDDQ,0.0
21544,SKTGWREQ,0.0
21545,MYRINCGVLA,0.0
21546,EVMDCHSMLA,0.0
21547,EQEFQF,0.0
21548,IRLRSHRI,0.0
21549,HGQQF,0.0
21550,DNRVSLSKL,0.0
21551,RCKTHVQSV,0.0
21552,LMGGGQ,0.0
21553,VTPRRSTRVP,0.0
21554,NHGWEGG,0.0
21555,QTGII,0.0
21556,QHLFQRA,0.0
21557,CEAGRLGGP,0.0
21558,MSKRCYDLS,0.0
21559,HWCNYGDA,0.0
21560,QRQNTEHQ,0.0
21561,RMQQRRWRGD,0.0
21562,DMAYN,0.0
21563,CEPTN,0.0
21564,LRDPEIGP,0.0
21565,QNISGV,0.0
21566,RGQRVKIMGR,0.0
21567,DFKMENR,0.0
21568,CWKCKGLAM,0.0
21569,CVVYAQTTL,0.0
21570,KENYFLTKAR,0.0
21571,DTGHQGP,0.0
21572,TDFQNVK,0.0
21573,VCNSVIGRHS,0.0
21574,RFGWKDED,0.0
21575,CKIAR,0.0
21576,YHAGMWGTQ,0.0
21577,AKGHGDS,0.0
21578,YDQQQN,0.0
21579,QEAMF,0.0
21580,YNDYNGTG,0.0
21581,DIWKDYRCCA,0.0
21582,QLMAN,0.0
21583,VAACS,0.0
21584,NEVESPTLTQ,0.0
21585,ECNSVNY,0.0
21586,GMIFSRIK,0.0
21587,YDARQE,0.0
21588,ARAQLD,0.0
21589,TICEHITS,0.0
21590,GTAVNYMCV,0.0
21591,QRTGQSKCCN,0.0
21592,GNCIV,0.0
21593,QQWPQ,0.0
21594,GRRGLERH,0.0
21595,KSGMFTVGI,0.0
21596,HRRVMNAR,0.0
21597,PTGER,0.0
21598,CEGFIEV,0.0
21599,GDQLDITCDI,0.0
21600,NQIDFR,0.0
21601,TGAWKGIE,0.0
21602,QHQCVE,0.0
21603,GTEVK,0.0
21604,MPEYVAIAND,0.0
21605,MVENRSD,0.0
21606,HVEETNFATF,0.0
21607,PEVFE,0.0
21608,KDNGWTDVLN,0.0
21609,HNRHMHVLE,0.0
21610,EHCLFHMNR,0.0
21611,MDMEDKMCLW,0.0
21612,KAWQRWSYRR,0.0
21613,HSDLVDWADP,0.0
21614,IELNR,0.0
21615,VNSMGVGRAQ,0.0
21616,KQVIIKP,0.0
21617,HAVGDQ,0.0
21618,EMMEISPC,0.0
21619,TMSIPITN,0.0
21620,NFNNN,0.0
21621,VQDQAMHAR,0.0
21622,KEEILIES,0.0
21623,INACS,0.0
21624,AEDFWYANI,0.0
21625,YGSQYAEPRD,0.0
21626,QTSQDI,0.0
21627,PGDGDSQ,0.0
21628,AIPRCR,0.0
21629,PAQEMDHP,0.0
21630,KEAAMI,0.0
21631,TLQRIN,0.0
21632,MNVQDCD,0.0
21633,VPWQDDIGA,0.0
21634,YENVTPMKPD,0.0
21635,WKMESRDK,0.0
21636,PLGKHTHQ,0.0
21637,FRSVK,0.0
21638,HTRISQSDL,0.0
21639,DCINPNVG,0.0
21640,RKEDYEK,0.0
21641,EVWEKGQ,0.0
21642,LAHTCQ,0.0
21643,LQCCDDG,0.0
21644,AKGFQRSENV,0.0
21645,RCEPFAMHD,0.0
21646,MKDNHNGV,0.0
21647,CHFRDQGG,0.0
21648,KERMNKHR,0.0
21649,CIFVDNSCD,0.0
21650,AKDSK,0.0
21651,KIRAFVFDVQ,0.0
21652,TSPNLMD,0.0
21653,SDLMM,0.0
21654,MTHSDLCG,0.0
21655,NGLRQENV,0.0
21656,MCLDAD,0.0
21657,HKHGRHQICR,0.0
21658,DVATRKPH,0.0
21659,EKGLMT,0.0
21660,FSGARD,0.0
21661,GWQMMVDMIN,0.0
21662,QIEMDQF,0.0
21663,AACNTT,0.0
21664,GAMLL,0.0
21665,EGCAP,0.0
21666,KCCWQSILN,0.0
21667,EGFSEYP,0.0
21668,YDMVQRKC,0.0
21669,KEAGSMYTC,0.0
21670,AKQDNCILAF,0.0
21671,QLIEEVT,0.0
21672,RPNPTK,0.0
21673,NAFAQCWRQL,0.0
21674,GHRSDTFEL,0.0
21675,RAAIKGV,0.0
21676,GAFNPI,0.0
21677,TEDHIMKQ,0.0
21678,RIAPVAS,0.0
21679,QLVKRRDT,0.0
21680,RDPPEVD,0.0
21681,AFSTGDC,0.0
21682,RCPDANMML,0.0
21683,ITRDADNEAG,0.0
21684,CRQFTKFTG,0.0
21685,GWQYVTR,0.0
21686,VQQRSSEAYP,0.0
21687,TAGEVETERR,0.0
21688,VGWGMQSNS,0.0
21689,TMAVQ,0.0
21690,QPIGKNDSCN,0.0
21691,SKNPTA,0.0
21692,VMKRPSYVN,0.0
21693,STDQPIH,0.0
21694,DHDHV,0.0
21695,HVNGECA,0.0
21696,KGEKWTYCN,0.0
21697,MTAVNIQH,0.0
21698,CYDCPIGNV,0.0
21699,DTFSFLN,0.0
21700,LGRKDRN,0.0
21701,IAEMAIITH,0.0
21702,MLMQQMDIS,0.0
21703,WMVDISSD,0.0
21704,NKMFCKDKAH,0.0
21705,VMDRSEQN,0.0
21706,EQIFVGQ,0.0
21707,KGEVDH,0.0
21708,AGGDC,0.0
21709,RDVVGIVN,0.0
21710,YEDVD,0.0
21711,CGNLTP,0.0
21712,EGAWI,0.0
21713,MINRLLM,0.0
21714,GIDHNMYM,0.0
21715,NICFDVGAT,0.0
21716,ETKPKCP,0.0
21717,LQVEYYAME,0.0
21718,SHTKHK,0.0
21719,SFNVLGEP,0.0
21720,RNNVV,0.0
21721,NWPLQQD,0.0
21722,CIQSCIGL,0.0
21723,SCDQKMFGS,0.0
21724,WTHKGRN,0.0
21725,QWAHAN,0.0
21726,WFTCEEVKA,0.0
21727,PYDVECC,0.0
21728,LDQWEMGML,0.0
21729,HIRTAIVTKD,0.0
21730,GLLDSIG,0.0
21731,TEMHDPIMAI,0.0
21732,SQSFDRDH,0.0
21733,CTDQEYW,0.0
21734,IHNQEIESW,0.0
21735,VKGVG,0.0
21736,RYSRPHSLKR,0.0
21737,RHQDDRSFD,0.0
21738,ANDTRT,0.0
21739,GTKRSMSED,0.0
21740,DKNMQPI,0.0
21741,GEPHRDFD,0.0
21742,WCKKYHKVRD,0.0
21743,NGYDMVQFP,0.0
21744,CQTVN,0.0
21745,EDAKS,0.0
21746,YTTLPCCGM,0.0
21747,CPDKKGDPDE,0.0
21748,IRHRNADDE,0.0
21749,IRTKKTSYRK,0.0
21750,QGGGCPIN,0.0
21751,LYQLLTQR,0.0
21752,DASSQ,0.0
21753,GNYGGRSDLR,0.0
21754,NDWAQ,0.0
21755,CVQEHVL,0.0
21756,FGTVTGDT,0.0
21757,HERIGRS,0.0
21758,AEAFHFKAV,0.0
21759,YRKRHIHGA,0.0
21760,LEQFLMD,0.0
21761,LQDTK,0.0
21762,FNDMEV,0.0
21763,QACTTPHQRG,0.0
21764,QRTKFNPV,0.0
21765,KQEQLRAE,0.0
21766,QWETPGLEL,0.0
21767,RERHDCND,0.0
21768,AGSAYSSAW,0.0
21769,RYRSDVIK,0.0
21770,GESRGWEP,0.0
21771,GCTKIPS,0.0
21772,QMNERYGL,0.0
21773,NQGHM,0.0
21774,MISCEPYKN,0.0
21775,ACRESLI,0.0
21776,DHGCHDRG,0.0
21777,ICYQREQSI,0.0
21778,QCHEDFR,0.0
21779,HMIMKCG,0.0
21780,DNVGQWGT,0.0
21781,PDGRVFRV,0.0
21782,CTVDPN,0.0
21783,RDREQESAHK,0.0
21784,CGLANNNLAE,0.0
21785,QSTSDDQTD,0.0
21786,AKHHKKK,0.0
21787,LIRGPI,0.0
21788,DDHDSA,0.0
21789,FPHTREGD,0.0
21790,IKQREQDTV,0.0
21791,YCNYRRSAMT,0.0
21792,TSQEN,0.0
21793,CVKRHSG,0.0
21794,GKLEST,0.0
21795,HQNEE,0.0
21796,CIMQKLRV,0.0
21797,AENQDWADYL,0.0
21798,EPSMDCVYL,0.0
21799,IVGNCPRHE,0.0
21800,GDDMGSI,0.0
21801,CPDHLDVGN,0.0
21802,IMGPRTVLAI,0.0
21803,VDFEA,0.0
21804,YTMKIMKD,0.0
21805,KDKNLIEPSG,0.0
21806,GDELTV,0.0
21807,TTIPTG,0.0
21808,SADLDGNDAM,0.0
21809,GAHALMAVGC,0.0
21810,VISTAPCPK,0.0
21811,LCTEHIAENY,0.0
21812,CALERQFCR,0.0
21813,ATLQAG,0.0
21814,DTPHMDGNS,0.0
21815,WHEAEI,0.0
21816,AWSIKA,0.0
21817,EDAIIFWMAD,0.0
21818,GMCCHAKGH,0.0
21819,QDWNYVDPAK,0.0
21820,CFVQLNKKRN,0.0
21821,ECLGNLI,0.0
21822,PCTINSN,0.0
21823,DMHVDK,0.0
21824,SRNAR,0.0
21825,GVALRMQSSN,0.0
21826,KFAKDSEQCE,0.0
21827,VSRDPIGMMT,0.0
21828,DLCKVHKTKK,0.0
21829,TPNATN,0.0
21830,LKMTRDER,0.0
21831,YIRLNVAEDQ,0.0
21832,CELKLK,0.0
21833,CCRRV,0.0
21834,YPIAFKMKA,0.0
21835,LKRRNETDQ,0.0
21836,EPDEC,0.0
21837,ACNEGRNW,0.0
21838,NERQS,0.0
21839,QDSRMMS,0.0
21840,AVHAMN,0.0
21841,GNTVVKKEND,0.0
21842,FADKYKSMQ,0.0
21843,EHNFMNQ,0.0
21844,LRTCIPRNVI,0.0
21845,ACLPKSK,0.0
21846,GQLKNGRP,0.0
21847,DPDSETYQ,0.0
21848,QIGNNDADKP,0.0
21849,AVSWNKVPKE,0.0
21850,GMKPVTPP,0.0
21851,DYLMKTA,0.0
21852,VENRRWI,0.0
21853,LTGIPMR,0.0
21854,SGTSIDLN,0.0
21855,SDSSTTQ,0.0
21856,HLDPTRNYA,0.0
21857,TNGQPMLH,0.0
21858,QCDPCTPL,0.0
21859,LRREPLMR,0.0
21860,RELNCKI,0.0
21861,TNVHMTCQR,0.0
21862,AHADQK,0.0
21863,VEFPETI,0.0
21864,DCPPDYSHNQ,0.0
21865,RGFGCR,0.0
21866,PSVRGLGSDN,0.0
21867,AAMQKL,0.0
21868,EAESLT,0.0
21869,PMMGSVRC,0.0
21870,QCCCR,0.0
21871,CNKETK,0.0
21872,RWARPEEAK,0.0
21873,QAVPWRTTQM,0.0
21874,NAICDHGVM,0.0
21875,DAWWEESMSM,0.0
21876,DVQGCHR,0.0
21877,MAQAQQRRQ,0.0
21878,HHKARA,0.0
21879,VPAQCLCGS,0.0
21880,SQEIVQNMAD,0.0
21881,DHRVEA,0.0
21882,QNQSNCAIVQ,0.0
21883,LDDEEFE,0.0
21884,KRINCK,0.0
21885,RGLIIG,0.0
21886,ENEVFGVE,0.0
21887,DKAQRT,0.0
21888,LDTHA,0.0
21889,QNYTHCDQS,0.0
21890,NYSGRLAH,0.0
21891,HDCDET,0.0
21892,QYEWGMAWN,0.0
21893,CKTVLPEPM,0.0
21894,GPRDVCQ,0.0
21895,WSDATQH,0.0
21896,IRARG,0.0
21897,NKDKAVHP,0.0
21898,KAMPESGPH,0.0
21899,FTGTRC,0.0
21900,MRRLINDCDG,0.0
21901,MMEAAE,0.0
21902,TSLCSTCNA,0.0
21903,IQVIAVR,0.0
21904,LLRKKNYHT,0.0
21905,RKSGFT,0.0
21906,NRRRLGLF,0.0
21907,QILDLSMARR,0.0
21908,NEDMWLEKKP,0.0
21909,SENGRMCWL,0.0
21910,NGLMQIVVR,0.0
21911,FRQLEIMDKL,0.0
21912,SHDSNKHTQ,0.0
21913,ACQGML,0.0
21914,EQETMRFH,0.0
21915,KDLTCPGS,0.0
21916,MEYCQIV,0.0
21917,NTEIHPFGE,0.0
21918,CETFKKA,0.0
21919,IRRIRQGH,0.0
21920,ELANGN,0.0
21921,GEYTA,0.0
21922,QGRLLRIE,0.0
21923,QNKTNGVDAG,0.0
21924,DRVTFRTGKQ,0.0
21925,IGHKKC,0.0
21926,STSYAVDGY,0.0
21927,PYGMNA,0.0
21928,WTNDCEHIRQ,0.0
21929,QCCNSNDHD,0.0
21930,QEGKLHEN,0.0
21931,QVEVGFAM,0.0
21932,MQSKKPNDE,0.0
21933,ACCPQLRH,0.0
21934,DGKRN,0.0
21935,AIRCM,0.0
21936,YNKQMASDA,0.0
21937,AKNRT,0.0
21938,FEFRNSVI,0.0
21939,HTMPNLEHP,0.0
21940,DEARIKLLN,0.0
21941,TAKDEVAVW,0.0
21942,KLQNA,0.0
21943,DLIGAI,0.0
21944,QPCQSGK,0.0
21945,KAWGR,0.0
21946,RNCNVQEKMQ,0.0
21947,CKATDIT,0.0
21948,EFQDK,0.0
21949,KIDAGAMD,0.0
21950,GNCHVQRTY,0.0
21951,HDTEYQSFSE,0.0
21952,ASDHMFETQC,0.0
21953,NAQMQ,0.0
21954,NPSTERCEH,0.0
21955,TTSVNTYDL,0.0
21956,EACKK,0.0
21957,KFAECEP,0.0
21958,PKKIAE,0.0
21959,MDMIN,0.0
21960,YDQRFRNP,0.0
21961,LCPNN,0.0
21962,SKRRKHEQWL,0.0
21963,GQLTTGGAL,0.0
21964,NKWKEIKCI,0.0
21965,VGVVQA,0.0
21966,DYQIAGQDLL,0.0
21967,EVWTVRA,0.0
21968,MQYGQQVDQ,0.0
21969,HYVCIQEGA,0.0
21970,SNKDETLD,0.0
21971,HCIKIRETRV,0.0
21972,DYGWQVC,0.0
21973,CMATERKI,0.0
21974,IRQWAA,0.0
21975,KNDNAN,0.0
21976,DPRQTMASW,0.0
21977,TQAPILKV,0.0
21978,QSFKLN,0.0
21979,RDERYVFG,0.0
21980,DCRSDYAIF,0.0
21981,APLGDDN,0.0
21982,GWEKHKQ,0.0
21983,WGTFFNSNE,0.0
21984,SGMQNL,0.0
21985,GKERVLLCR,0.0
21986,QDREWEL,0.0
21987,HKKIDNM,0.0
21988,IDVIRGMT,0.0
21989,PKDGQREA,0.0
21990,DHSNNMKR,0.0
21991,IQMEND,0.0
21992,EVCWRDAKC,0.0
21993,RQPDTS,0.0
21994,EIHIQ,0.0
21995,CGAMPDTS,0.0
21996,FGDQMGQN,0.0
21997,SQAQYCPCQA,0.0
21998,VTCVEE,0.0
21999,DEQIIGMI,0.0
22000,FMQWNRRIQ,0.0
22001,VCKLKEPN,0.0
22002,NHCLMLCT,0.0
22003,IHVTRQNFA,0.0
22004,FARWCARH,0.0
22005,YASGQC,0.0
22006,FGGRI,0.0
22007,EMEMYTQS,0.0
22008,MICNM,0.0
22009,VMAEM,0.0
22010,MDMPGIR,0.0
22011,EHMNCKGPLK,0.0
22012,PVLTEE,0.0
22013,TMAMCE,0.0
22014,GQPVCI,0.0
22015,HHSKRPTE,0.0
22016,SCRHSTTP,0.0
22017,NYCDCCAMQ,0.0
22018,EHNPL,0.0
22019,LDDHFFE,0.0
22020,CADFQN,0.0
22021,HQRPR,0.0
22022,RRWKAENNES,0.0
22023,NCPSWDA,0.0
22024,TNSPLYNE,0.0
22025,VDDDENTK,0.0
22026,KDECA,0.0
22027,IHKRN,0.0
22028,DECVVSLK,0.0
22029,FSAVGDSQI,0.0
22030,QRHWKKC,0.0
22031,MDRHEQTWT,0.0
22032,KVCNCG,0.0
22033,SRVYAECK,0.0
22034,IDQTRWGM,0.0
22035,YFNNTTRPH,0.0
22036,GTLWKTLQNR,0.0
22037,QCCGLIP,0.0
22038,ERMEPNKPFN,0.0
22039,VGTKQWN,0.0
22040,RLRINSPN,0.0
22041,TSGSDCLN,0.0
22042,TPQTTG,0.0
22043,DVDCIREI,0.0
22044,HFYETDCYH,0.0
22045,QLKSS,0.0
22046,DIAQDKMAAA,0.0
22047,HQGRYN,0.0
22048,VAKMGGE,0.0
22049,EDHIPDQMVD,0.0
22050,PDQIS,0.0
22051,ERTICRVSQ,0.0
22052,SVQIYRCMN,0.0
22053,PGDEMGILN,0.0
22054,HFGHRDDVI,0.0
22055,DLTRCMC,0.0
22056,QVNDNCM,0.0
22057,WKQQTGFG,0.0
22058,DTCDIES,0.0
22059,IVVEIVV,0.0
22060,CIDMPKRT,0.0
22061,SECEW,0.0
22062,VIVCQPLHEN,0.0
22063,KRWHAIR,0.0
22064,FRGNRFDAVN,0.0
22065,ALILKT,0.0
22066,LEYKSNEFEK,0.0
22067,CFGFEGRDME,0.0
22068,PDRPDTI,0.0
22069,MQGRA,0.0
22070,FKMADVN,0.0
22071,CEESGMT,0.0
22072,KLYPDEE,0.0
22073,AFCADLCPNN,0.0
22074,LIINKTT,0.0
22075,ELLGGQMK,0.0
22076,YWQRTDMGQ,0.0
22077,ANQKL,0.0
22078,SSRVEPRHRS,0.0
22079,MRPIQVRME,0.0
22080,YHMRRRATQ,0.0
22081,EMNSSGEQR,0.0
22082,PRNVA,0.0
22083,ACVDL,0.0
22084,HKMKSNVD,0.0
22085,EMEIPCIL,0.0
22086,LIALPYDDTE,0.0
22087,GIGSDII,0.0
22088,RNIPKA,0.0
22089,IADFWMEYQ,0.0
22090,YPECTA,0.0
22091,QRKVF,0.0
22092,QTQDYPYKAG,0.0
22093,YQQQSEMD,0.0
22094,GDCDVDSAFY,0.0
22095,KRHGKWS,0.0
22096,GGRCC,0.0
22097,HPCQDNTS,0.0
22098,DGQPQRE,0.0
22099,PTKSGTGD,0.0
22100,ESSQEMLWF,0.0
22101,NAESYYVQ,0.0
22102,NRDKVS,0.0
22103,NMEIKFDGN,0.0
22104,FAIEDDINLA,0.0
22105,IKIRL,0.0
22106,GKKNC,0.0
22107,MYRQKLGQ,0.0
22108,DLKRK,0.0
22109,LNKQGATC,0.0
22110,AQIRKQWPW,0.0
22111,ALQQQF,0.0
22112,MNSPQRQ,0.0
22113,PEVGLSVNAV,0.0
22114,DMLLMN,0.0
22115,CGCDILPV,0.0
22116,PEVST,0.0
22117,DSDAWN,0.0
22118,CVDGG,0.0
22119,EDIFHSP,0.0
22120,ESPYTHFWE,0.0
22121,RNDHNKERWS,0.0
22122,GRCIDA,0.0
22123,ADWTEPMHE,0.0
22124,WSDCAQGDR,0.0
22125,ANQFCQEWAA,0.0
22126,AADMED,0.0
22127,CRQPRRV,0.0
22128,ERIFALKGQM,0.0
22129,SLEGVYVAM,0.0
22130,RTLLPKVN,0.0
22131,IENHIGLI,0.0
22132,MENIDHEQG,0.0
22133,VTDKRIDFE,0.0
22134,WDGCTQD,0.0
22135,TEVRIIQTA,0.0
22136,PKFKDQVQ,0.0
22137,EMQVMY,0.0
22138,SRRGSPQYP,0.0
22139,CTEGCISHSV,0.0
22140,NKQMGMR,0.0
22141,AEADTFEEFW,0.0
22142,RPWCACGDD,0.0
22143,LEKACNACE,0.0
22144,WGQTWRRND,0.0
22145,NGLMA,0.0
22146,QILAVCL,0.0
22147,EEDTA,0.0
22148,KEEGAE,0.0
22149,PMTRGRFV,0.0
22150,DWKSYGMGR,0.0
22151,YTMEKCCR,0.0
22152,PSGEM,0.0
22153,EDLGI,0.0
22154,VNHAYHRTV,0.0
22155,DDNTQRVGM,0.0
22156,LDRDKSG,0.0
22157,EERLCA,0.0
22158,IKMRLYTTA,0.0
22159,SPVCEKPR,0.0
22160,LDKELSP,0.0
22161,KKRGHDN,0.0
22162,VECVNAEND,0.0
22163,IHGYEISST,0.0
22164,THETCE,0.0
22165,RVEDIEEQQ,0.0
22166,WDDPM,0.0
22167,APSITKHQV,0.0
22168,NLPENYAHS,0.0
22169,TDFECFAT,0.0
22170,LSDEEIGVSY,0.0
22171,QSTEQCVH,0.0
22172,EECVYEAQI,0.0
22173,NMYMKSRTH,0.0
22174,QDTTSWYQS,0.0
22175,DEHNTRKSF,0.0
22176,NHSTNSSDPC,0.0
22177,KKPAK,0.0
22178,DWNQVDVYY,0.0
22179,EVEGYFP,0.0
22180,KCKSS,0.0
22181,RKCLKHR,0.0
22182,VIVAQN,0.0
22183,ESKHEAT,0.0
22184,IEVLPSKEQ,0.0
22185,EWECI,0.0
22186,QTKYQ,0.0
22187,ETKLLS,0.0
22188,LLFRPETKS,0.0
22189,KCCPTVRE,0.0
22190,EDWGQVEQG,0.0
22191,DMHDSVL,0.0
22192,NWRRAVN,0.0
22193,IVNVRDQ,0.0
22194,MGDDCARRNT,0.0
22195,HCNAMIWAND,0.0
22196,SMIFKCDKL,0.0
22197,MEPDK,0.0
22198,GQITHPMAV,0.0
22199,TNHRWRKHC,0.0
22200,CNKNMETGD,0.0
22201,NYKAKWPMG,0.0
22202,QPLEKQT,0.0
22203,GRRYFVQP,0.0
22204,QRGSE,0.0
22205,NEAMK,0.0
22206,GQQNFWIS,0.0
22207,AMQQA,0.0
22208,ETSNTYKAQA,0.0
22209,DIYQQTCC,0.0
22210,VQQCNVTS,0.0
22211,RQVFGMK,0.0
22212,CGLREMT,0.0
22213,PLRRFIN,0.0
22214,YQRPEMR,0.0
22215,GHVQQLRK,0.0
22216,EYISE,0.0
22217,PGCRQPP,0.0
22218,TKVKKL,0.0
22219,RHGQEQQE,0.0
22220,RTCER,0.0
22221,IKYSAYKHR,0.0
22222,ESPQGENAMT,0.0
22223,RGSNACSEL,0.0
22224,VVKNVKT,0.0
22225,TLEMLQS,0.0
22226,KPEMEDTM,0.0
22227,QCHRFR,0.0
22228,QDQVAFE,0.0
22229,TLSEDCEQ,0.0
22230,AMRLIM,0.0
22231,KTLHSGLQG,0.0
22232,LCDVYPESGR,0.0
22233,QEYDRIHKS,0.0
22234,QRRSQRWL,0.0
22235,CRLAAL,0.0
22236,QVMKSRDR,0.0
22237,QGGNRN,0.0
22238,EQAVVKYPF,0.0
22239,ICEYPE,0.0
22240,TFQEGNS,0.0
22241,RGESLSSEPP,0.0
22242,FPDMYSNCE,0.0
22243,MVAEVRNVNF,0.0
22244,QWKGDR,0.0
22245,QTSLTNE,0.0
22246,AQNCDNMI,0.0
22247,DQFTAD,0.0
22248,IPDDEHQ,0.0
22249,EIINSMI,0.0
22250,AFGDIDEQW,0.0
22251,WEDGEPR,0.0
22252,FGDQKG,0.0
22253,QRGEPN,0.0
22254,TRPPNIMRCI,0.0
22255,EMTGMPMEGE,0.0
22256,DLYVVE,0.0
22257,NDEKM,0.0
22258,KTCQQL,0.0
22259,ASCGTCE,0.0
22260,PKHVKKQKAG,0.0
22261,DYCIKKRA,0.0
22262,IRDEN,0.0
22263,MQDGFFKE,0.0
22264,GVHLNNT,0.0
22265,NENGI,0.0
22266,SATDWSWEI,0.0
22267,VTMREPQP,0.0
22268,NKEIHIIT,0.0
22269,NMEPKNVIV,0.0
22270,LNYRRG,0.0
22271,KCWGSKINPA,0.0
22272,ANEGMLQM,0.0
22273,DGIEQLKCTG,0.0
22274,NLRNT,0.0
22275,CERECNPKKT,0.0
22276,PCASLRWCR,0.0
22277,GNNGKHG,0.0
22278,WREFILKQN,0.0
22279,GMGMSTASTT,0.0
22280,GIIIWREERR,0.0
22281,DVIPGPT,0.0
22282,RKNIRQ,0.0
22283,HMNSALG,0.0
22284,ADVVTRAA,0.0
22285,DARMYLSCQR,0.0
22286,QRMGR,0.0
22287,SSTQPI,0.0
22288,AVADP,0.0
22289,ETFNPQNCF,0.0
22290,INTLKNSL,0.0
22291,EKQNAFQA,0.0
22292,CGDFE,0.0
22293,VDDRTMWGDQ,0.0
22294,PIWDCDTNR,0.0
22295,ATSLNRSSL,0.0
22296,WIRCVQRT,0.0
22297,AELARDHSGN,0.0
22298,PMTSLIVPK,0.0
22299,KMRDKRKR,0.0
22300,CKRHRVTN,0.0
22301,NACELKTFPK,0.0
22302,DDHQS,0.0
22303,GEGIEDIPF,0.0
22304,QNFPCTHQIK,0.0
22305,TRDTAATFPT,0.0
22306,EEMNANETRL,0.0
22307,FDMLLDQEW,0.0
22308,IMTRELQ,0.0
22309,LQSGE,0.0
22310,EHEEI,0.0
22311,NLTQNEP,0.0
22312,NKVGHDDGT,0.0
22313,EHQMDVLFM,0.0
22314,DMCPV,0.0
22315,LQCKSSP,0.0
22316,QNDIAG,0.0
22317,CEFTGD,0.0
22318,KQRMSM,0.0
22319,KVRSQVKC,0.0
22320,DIGIVCV,0.0
22321,GTPHDIEYD,0.0
22322,DCLPPKT,0.0
22323,GEGEMIASLL,0.0
22324,ACENP,0.0
22325,RNVTQ,0.0
22326,KGWRNKEC,0.0
22327,DQDIQ,0.0
22328,LMIRIIMKDG,0.0
22329,NPVRRGECQC,0.0
22330,CITKEQ,0.0
22331,SCCSHCDNR,0.0
22332,DECDAHLNT,0.0
22333,QLQCERTRV,0.0
22334,QDPVA,0.0
22335,SMPCMAVG,0.0
22336,WHTQTDK,0.0
22337,DIKEEEEAIN,0.0
22338,VNQLQSMQNM,0.0
22339,TNTHTQER,0.0
22340,EWQEAD,0.0
22341,DQTRTHLEW,0.0
22342,SKEREKW,0.0
22343,EVTIAIKEI,0.0
22344,CGVNSCNKSM,0.0
22345,YPKPVTVEME,0.0
22346,IDCQS,0.0
22347,HPVQQRL,0.0
22348,ERRWGEY,0.0
22349,AYNFGN,0.0
22350,YGMWRERAN,0.0
22351,CQINPQ,0.0
22352,DCTNEMDIRF,0.0
22353,YECQDIVEM,0.0
22354,QGCTMQE,0.0
22355,HHWCAERLG,0.0
22356,QEKKQTRVFM,0.0
22357,VNPRL,0.0
22358,IANDN,0.0
22359,EAFLKYIKI,0.0
22360,RPYDPHDKK,0.0
22361,KRRTGGTQ,0.0
22362,HSGKDCQR,0.0
22363,NMIGTSND,0.0
22364,AEMTLHGFD,0.0
22365,QEADCDWSK,0.0
22366,ATMMKKKEHH,0.0
22367,TFEQSVLIR,0.0
22368,PTSNMI,0.0
22369,WKQLNFKCP,0.0
22370,EMIQCWEDVC,0.0
22371,NWLQMLNQ,0.0
22372,IAIMRDQGI,0.0
22373,DDCMM,0.0
22374,DFTGCYQRS,0.0
22375,KEIACAANYQ,0.0
22376,NRPLVN,0.0
22377,LKKGEKAPL,0.0
22378,HAACEEYNMN,0.0
22379,PHKSCAQEP,0.0
22380,LRTQHHRDN,0.0
22381,KYEELMPVR,0.0
22382,KHRQKREHPW,0.0
22383,GSRGK,0.0
22384,ELAECW,0.0
22385,KECCK,0.0
22386,ESEHCA,0.0
22387,VERPTKE,0.0
22388,YSKHNPRSD,0.0
22389,IVDMMKG,0.0
22390,DCQCHERTN,0.0
22391,TGVGTMPEV,0.0
22392,TDCKETQ,0.0
22393,DMLSTGWKQ,0.0
22394,NNEGYI,0.0
22395,GCFFLQEGTA,0.0
22396,AVQSI,0.0
22397,NNYEQ,0.0
22398,ASGAC,0.0
22399,DVMVMCGV,0.0
22400,CENDEVGC,0.0
22401,EIDADNL,0.0
22402,PKNNIKT,0.0
22403,QALNSV,0.0
22404,DHHETMNC,0.0
22405,NTKKKMLGDH,0.0
22406,PHHGCRVR,0.0
22407,KNMNRGQEHN,0.0
22408,CLERRE,0.0
22409,VDQAH,0.0
22410,HAQRPQRVKY,0.0
22411,NNQMHPHAQC,0.0
22412,GGILDTKRQ,0.0
22413,NDTVQMCGSM,0.0
22414,QDFKRYRCKC,0.0
22415,LQEAESMTH,0.0
22416,GCMQL,0.0
22417,NIQRT,0.0
22418,LKVAA,0.0
22419,HNKQDET,0.0
22420,RNRYAAPRP,0.0
22421,HCRQPVGMS,0.0
22422,SIKDAGLAHK,0.0
22423,TCEDHRD,0.0
22424,LQNIC,0.0
22425,IRTIKLP,0.0
22426,PRNMLLWQQ,0.0
22427,TNTGHEAHEC,0.0
22428,GTDWCDK,0.0
22429,ETQRIQNE,0.0
22430,GKGCVS,0.0
22431,PSKNGSGEGY,0.0
22432,MNAKE,0.0
22433,DFTVQTRSRL,0.0
22434,EDKKI,0.0
22435,ADCRRTE,0.0
22436,PGQGNE,0.0
22437,DVSTMQDSPW,0.0
22438,YNHTQAPKMG,0.0
22439,CLSHRIKKS,0.0
22440,QEMDE,0.0
22441,HRRTA,0.0
22442,DHQNGA,0.0
22443,ACNNWNQWAA,0.0
22444,SSNANYEMQD,0.0
22445,QSSLYGNGF,0.0
22446,NLLHKND,0.0
22447,FQGKETEKC,0.0
22448,RAKGI,0.0
22449,MEAETIVD,0.0
22450,VRPIPSDDQ,0.0
22451,MDGHLTAPSP,0.0
22452,GARVD,0.0
22453,YCDDGI,0.0
22454,DFMMD,0.0
22455,NHNTGVK,0.0
22456,AAHHPVDMQA,0.0
22457,MRMHRMR,0.0
22458,EHIGPEAYD,0.0
22459,AEMMA,0.0
22460,TSAYILQ,0.0
22461,PTDAL,0.0
22462,LQRAI,0.0
22463,GSCDKKA,0.0
22464,ECKLQGVS,0.0
22465,CGNTNRSGD,0.0
22466,HGLDRK,0.0
22467,KWHHDDEC,0.0
22468,AWPRQGPQ,0.0
22469,EPGTIQG,0.0
22470,SEPNASEEEM,0.0
22471,DGLPEVE,0.0
22472,VQEHKLPTH,0.0
22473,ERCCLM,0.0
22474,RAYLTAMGLG,0.0
22475,WRGQSNSTGE,0.0
22476,SITCAR,0.0
22477,NWEWCQEDH,0.0
22478,HGPWVRGQE,0.0
22479,SGCDA,0.0
22480,SGESKMTQP,0.0
22481,MIYVYQQE,0.0
22482,DNWCEMAKPA,0.0
22483,DNPCYEEGYI,0.0
22484,DSFNYDLLMM,0.0
22485,NVNPC,0.0
22486,VYTDTSRK,0.0
22487,HKMPKSQ,0.0
22488,DRPCGTE,0.0
22489,VQLNNGDLT,0.0
22490,NKHAQSEM,0.0
22491,EYKTWETRT,0.0
22492,LEQNR,0.0
22493,QQCVGTWRRN,0.0
22494,SRAPM,0.0
22495,GSIQTQLM,0.0
22496,CATDEQ,0.0
22497,LSEEETDMMP,0.0
22498,ANCPA,0.0
22499,FMRKDAN,0.0
22500,RFAKSP,0.0
22501,QDMETF,0.0
22502,DNWDVNF,0.0
22503,DWPTMQ,0.0
22504,SVARPADDM,0.0
22505,NYAMDNPPYA,0.0
22506,GEMKVANDG,0.0
22507,NALKMM,0.0
22508,DKRGILVK,0.0
22509,TKCCKDCMRL,0.0
22510,HDASDPFQ,0.0
22511,HHSIFAEKQ,0.0
22512,RTITAKK,0.0
22513,GEFLDD,0.0
22514,AMIPREYEP,0.0
22515,CMPEL,0.0
22516,NLPIWRGND,0.0
22517,RRHNGSW,0.0
22518,QSYKRG,0.0
22519,IMSKG,0.0
22520,KEIIVGNYG,0.0
22521,VCEMINNGI,0.0
22522,RDMHIDAMP,0.0
22523,SFSGNKGC,0.0
22524,NMGERYHD,0.0
22525,MDVCNL,0.0
22526,SLGNLTR,0.0
22527,RHKHRNMCKM,0.0
22528,ANMRMMVNWK,0.0
22529,AHNLNARI,0.0
22530,PMMVCKDN,0.0
22531,SHIVPFRAAQ,0.0
22532,RDKEQIAGT,0.0
22533,DREESMLV,0.0
22534,EFKQQSTA,0.0
22535,AEDELTQY,0.0
22536,SEMTPETWP,0.0
22537,RSVQEPTN,0.0
22538,TYSQHQMG,0.0
22539,PVVDIDNKL,0.0
22540,NVIQCSHGP,0.0
22541,WRDFAGKNY,0.0
22542,QQENHNVFRQ,0.0
22543,NEKHSNDAV,0.0
22544,LMEGC,0.0
22545,PANMRRG,0.0
22546,QQNDCG,0.0
22547,GCLDLQR,0.0
22548,IHDKQHK,0.0
22549,PSEVTK,0.0
22550,ELAKGRYVP,0.0
22551,DFPRSNHGT,0.0
22552,ACLKS,0.0
22553,EPCRR,0.0
22554,QNKEI,0.0
22555,GNCSCVQH,0.0
22556,PQTSVGL,0.0
22557,NCFDFGD,0.0
22558,GRQAGNSD,0.0
22559,PLNGKPMN,0.0
22560,EKCAEV,0.0
22561,SHGIDEQAAV,0.0
22562,HERKMA,0.0
22563,WKQKMVEVQ,0.0
22564,VAELDIFQVA,0.0
22565,DMVVAKRV,0.0
22566,DGFAENG,0.0
22567,IDMGHGRK,0.0
22568,SIGDPR,0.0
22569,NKTEMYDEK,0.0
22570,LERAIE,0.0
22571,SEWPATHGG,0.0
22572,NFSEEKDF,0.0
22573,MKMMSINP,0.0
22574,TADCLHINL,0.0
22575,KSCEEEGLQ,0.0
22576,TRAIK,0.0
22577,THREKPS,0.0
22578,VCEHPKQKAP,0.0
22579,GRRNRCYE,0.0
22580,LWVGCKKK,0.0
22581,FHKCFDTN,0.0
22582,CSGHPCNK,0.0
22583,ELFGQRQ,0.0
22584,PDQSD,0.0
22585,SQLDFPTQIA,0.0
22586,NQHNEHH,0.0
22587,VDHEHA,0.0
22588,VERSQMEG,0.0
22589,ADQDWC,0.0
22590,YERDIFISE,0.0
22591,KWVNQVTN,0.0
22592,KESGKLDIEL,0.0
22593,AGQKGH,0.0
22594,EDTKQHM,0.0
22595,QCADTMFIGN,0.0
22596,DQQAHNNN,0.0
22597,CAMNCQYL,0.0
22598,AEHGGLQPFS,0.0
22599,FGRKRAQ,0.0
22600,RMAISIANRL,0.0
22601,VENRI,0.0
22602,AHCCRKAVQL,0.0
22603,DHREKRE,0.0
22604,DIIQL,0.0
22605,DENGFH,0.0
22606,DNIQDQKM,0.0
22607,DKWKLVEC,0.0
22608,DQCMEHWD,0.0
22609,LCPSKG,0.0
22610,LIGNP,0.0
22611,VCCGSTRR,0.0
22612,AGCSNMWG,0.0
22613,TDQGSY,0.0
22614,ICKTTAR,0.0
22615,PPVFEDEH,0.0
22616,RGMADIL,0.0
22617,CYLHQGENH,0.0
22618,SNARYIHTG,0.0
22619,DWKLQD,0.0
22620,LKKCPAYQEN,0.0
22621,FEVHDNA,0.0
22622,AGYKHPEPN,0.0
22623,LCWKCDEEA,0.0
22624,KRAMAC,0.0
22625,PSKTMEDAKS,0.0
22626,NCVPIQ,0.0
22627,VDMQNHSC,0.0
22628,KKGAREN,0.0
22629,LDNNMAYKG,0.0
22630,MNAWAIRGKA,0.0
22631,YIQGLDQL,0.0
22632,MQDKKN,0.0
22633,YKGDVTMRS,0.0
22634,TDEQDNQ,0.0
22635,EPGRCWHERE,0.0
22636,RHRSERIDVS,0.0
22637,QYEHRPIGDT,0.0
22638,SISDEVKS,0.0
22639,EQTYCH,0.0
22640,TADSGEYHN,0.0
22641,LYECRKTQDK,0.0
22642,WESDVGHGLI,0.0
22643,INNWNMK,0.0
22644,GQGSDV,0.0
22645,DRPTEFNDNV,0.0
22646,EPIPLSP,0.0
22647,RMMNK,0.0
22648,VKHWRKNRPA,0.0
22649,QFHNQE,0.0
22650,DVHSEDHN,0.0
22651,DSDQAYWNG,0.0
22652,NIIQDHGS,0.0
22653,EIDAMLGTV,0.0
22654,SRSIRTQ,0.0
22655,DCQQWVNMAN,0.0
22656,KPKPLRKHFT,0.0
22657,QQCDKY,0.0
22658,NQMGCLLIYQ,0.0
22659,CRSQMD,0.0
22660,QYPYEGRID,0.0
22661,RDNVQTEWVR,0.0
22662,EKEVGNNR,0.0
22663,AFSHNNLEIA,0.0
22664,QTIKMVMT,0.0
22665,GNAFMIGRQ,0.0
22666,NGSARS,0.0
22667,WGHVTTGE,0.0
22668,KPCITAGTR,0.0
22669,AQEACWQQ,0.0
22670,DICLDFEQN,0.0
22671,CIDSSGIW,0.0
22672,NESGEMRCC,0.0
22673,ECKICE,0.0
22674,GGTARGY,0.0
22675,VASIMGVG,0.0
22676,NRFRICGC,0.0
22677,DYQEGGDV,0.0
22678,AADEP,0.0
22679,QEGAAH,0.0
22680,QMEDAMT,0.0
22681,NYDACQHHP,0.0
22682,NQVEKPV,0.0
22683,CTGGNGEF,0.0
22684,PPNLRKNTML,0.0
22685,CILLLMAVN,0.0
22686,WRRKA,0.0
22687,PNVNMEDN,0.0
22688,IANPLD,0.0
22689,MRNRGQDC,0.0
22690,LYKMKNEEKT,0.0
22691,IQVDEAVQSI,0.0
22692,HEARGVERNN,0.0
22693,EHDSFYG,0.0
22694,HLRQGQES,0.0
22695,QEVLNCR,0.0
22696,SGQALEQVAR,0.0
22697,VQQSCIMK,0.0
22698,TWIIGQE,0.0
22699,DWMNQQ,0.0
22700,DMTCSLAT,0.0
22701,HTRMGTQLN,0.0
22702,RKERE,0.0
22703,FCVKSNA,0.0
22704,GTKEHFEAHN,0.0
22705,SHMKQYGRT,0.0
22706,NTIDEHK,0.0
22707,WHATYEDGQ,0.0
22708,DWVYAGEMP,0.0
22709,MKATCSIAGA,0.0
22710,AQQEGNRRRP,0.0
22711,GLSPPRKD,0.0
22712,WEDEGE,0.0
22713,WRHDSPIAK,0.0
22714,QSASRNDHK,0.0
22715,GHVFRTK,0.0
22716,QGYMWIQAC,0.0
22717,KQFNFPKL,0.0
22718,QTIGL,0.0
22719,QENPM,0.0
22720,KTPCMK,0.0
22721,WYDNGRPSEY,0.0
22722,CDLQQPI,0.0
22723,TMRSEGQFR,0.0
22724,SKHRG,0.0
22725,LQENF,0.0
22726,IITQLHEKM,0.0
22727,GCGSTQK,0.0
22728,MMSQAV,0.0
22729,RLMNKQKIY,0.0
22730,VRDKWQVP,0.0
22731,VVKSNMRTK,0.0
22732,EQFNR,0.0
22733,PVDNVVHNP,0.0
22734,VTAKSA,0.0
22735,KRCRHQK,0.0
22736,PCIQKSL,0.0
22737,CMTCKRNH,0.0
22738,NTKNEQDSKR,0.0
22739,GRQIC,0.0
22740,MAVNG,0.0
22741,DSRQIDCL,0.0
22742,ADVWTTGNPA,0.0
22743,KYHPQDDIN,0.0
22744,YEKWHMPIAR,0.0
22745,KGGKMEQK,0.0
22746,RSNRNREW,0.0
22747,PRDRT,0.0
22748,NNGQTGG,0.0
22749,EFDCQGV,0.0
22750,SCAEPGIK,0.0
22751,SQTKYAQILR,0.0
22752,KENSTSDMYQ,0.0
22753,GKPPCC,0.0
22754,QEEKCV,0.0
22755,NLMGGLMRTV,0.0
22756,CAMQGA,0.0
22757,KRDQGPMTCD,0.0
22758,IDMEFEL,0.0
22759,GCVEPK,0.0
22760,EPIRL,0.0
22761,EIVEVDFF,0.0
22762,PRTQPFQLE,0.0
22763,CTNMGIKRT,0.0
22764,QFLQTQS,0.0
22765,FMEHEYIAE,0.0
22766,ERECAFLTRD,0.0
22767,NNTIVKRE,0.0
22768,GNFSETKH,0.0
22769,NTKKK,0.0
22770,SGGST,0.0
22771,REIIK,0.0
22772,AGNQTPYGKR,0.0
22773,EEVTAT,0.0
22774,CNTCDFQACT,0.0
22775,GKCDLQ,0.0
22776,EDGVYLGVS,0.0
22777,YGCGVVGMRD,0.0
22778,WMRVLEDIA,0.0
22779,WGSSQLVEN,0.0
22780,PKVRNCNGQ,0.0
22781,PNVTSGQR,0.0
22782,AAKRP,0.0
22783,GWLQANCET,0.0
22784,PGKNIKGM,0.0
22785,FVKTCVDD,0.0
22786,EHLHQS,0.0
22787,KTRRE,0.0
22788,CPCQQQCD,0.0
22789,ACNGG,0.0
22790,DVRLEM,0.0
22791,IGSRIDK,0.0
22792,PQICSVCEL,0.0
22793,PGIILSMAR,0.0
22794,DVQETL,0.0
22795,HNPEGGKMV,0.0
22796,VKPFR,0.0
22797,EDRQC,0.0
22798,IQQVCEDF,0.0
22799,DENQT,0.0
22800,GEQTDW,0.0
22801,NPFCHVSTN,0.0
22802,KDTAIT,0.0
22803,HHWPDCEPN,0.0
22804,SHITCMCG,0.0
22805,TISFTNDG,0.0
22806,RAPKSMY,0.0
22807,AVEDPF,0.0
22808,KTAVYMRTQ,0.0
22809,GQKTAIALK,0.0
22810,ETCPEQFPEQ,0.0
22811,VAHEQHIP,0.0
22812,TEQGIIN,0.0
22813,QMSSEKCIYS,0.0
22814,PHEAVKITA,0.0
22815,QRETIVI,0.0
22816,PAAYEI,0.0
22817,ATHMNFQMG,0.0
22818,FECPQGC,0.0
22819,VGMQDQ,0.0
22820,EFVSPEDLW,0.0
22821,SGDLQEWGYG,0.0
22822,WRQDKR,0.0
22823,QPWHSQKD,0.0
22824,FNNDAKKPE,0.0
22825,TICIRVCKV,0.0
22826,GNDRGHE,0.0
22827,TKDIPEFAN,0.0
22828,MIFDHECENA,0.0
22829,QTDADNKEHQ,0.0
22830,CIESRVCGC,0.0
22831,LHTTGKKRTQ,0.0
22832,EMHNGQRTKF,0.0
22833,NVTQIM,0.0
22834,FANEANQTLC,0.0
22835,PGHKDVNKV,0.0
22836,DLMCWQME,0.0
22837,NNMLGKIA,0.0
22838,ATRFGLERP,0.0
22839,NPICSSQ,0.0
22840,NRHRESGT,0.0
22841,KLKCIM,0.0
22842,IHPQEIRN,0.0
22843,GQSNQNQR,0.0
22844,FNSQQCFRG,0.0
22845,CAFDDQWLR,0.0
22846,NLQTGTI,0.0
22847,NESYRILMVN,0.0
22848,GSSCEGIR,0.0
22849,EFYDYEAEYA,0.0
22850,IGYTPMQK,0.0
22851,QRGEIGIIPW,0.0
22852,PKKHRR,0.0
22853,TEDDE,0.0
22854,DRPICNQDF,0.0
22855,ILDCE,0.0
22856,MQRDDIHMG,0.0
22857,ADCGE,0.0
22858,LLHRPRA,0.0
22859,GANKQATCPM,0.0
22860,ECCEVHDICL,0.0
22861,LSREFLSNK,0.0
22862,DMEDW,0.0
22863,QWIEKKN,0.0
22864,DQEAA,0.0
22865,KHTTQWGN,0.0
22866,QCVYMEDGK,0.0
22867,HIQLEGSILM,0.0
22868,NMPME,0.0
22869,GYHCAEEDPC,0.0
22870,RPTVMTGMNE,0.0
22871,TQNSPK,0.0
22872,GPWEPMRC,0.0
22873,GNMYSR,0.0
22874,IINCTSD,0.0
22875,GMCWTDCK,0.0
22876,TCEGN,0.0
22877,GMNRMID,0.0
22878,PFNFDRKI,0.0
22879,YDESICKPN,0.0
22880,RGKVILFV,0.0
22881,EHETLPLT,0.0
22882,AMINIID,0.0
22883,GTQGGM,0.0
22884,FAVHLALGCA,0.0
22885,CRQPV,0.0
22886,KCPREDTK,0.0
22887,HPVPIQVCE,0.0
22888,EDAKA,0.0
22889,GSYGPALRK,0.0
22890,QVKVDPRGR,0.0
22891,HVSKGMPEAT,0.0
22892,ESYNEL,0.0
22893,GCQEVQ,0.0
22894,YGNQI,0.0
22895,SGSNQ,0.0
22896,REMRI,0.0
22897,YCDTRSDEH,0.0
22898,CIPRVI,0.0
22899,LGREM,0.0
22900,AEQIC,0.0
22901,TWNSETCDS,0.0
22902,WGEWIED,0.0
22903,KMQWRMEPM,0.0
22904,STQEVKDFR,0.0
22905,LSVKVQHPA,0.0
22906,NAQWQ,0.0
22907,KIKCAVIRKT,0.0
22908,GYDHEYDCHL,0.0
22909,CDVDLWI,0.0
22910,FRKHYKLRC,0.0
22911,GMGVCMEIL,0.0
22912,EHRCCQPP,0.0
22913,CQIEWDRAGC,0.0
22914,GFRIRRARNV,0.0
22915,QRYPKMQRS,0.0
22916,SEMDQSWGS,0.0
22917,DHGKNAR,0.0
22918,WRDVVKIT,0.0
22919,ECCLNTG,0.0
22920,ETCPSFVN,0.0
22921,SVDRCMKV,0.0
22922,AQDYN,0.0
22923,VHNNLCET,0.0
22924,DTLRTRS,0.0
22925,HQNQG,0.0
22926,PDINMP,0.0
22927,KGGPQKEW,0.0
22928,LDVMHRPTA,0.0
22929,DNSKII,0.0
22930,RLKLKRKT,0.0
22931,DMGVQCP,0.0
22932,GTGCAIPM,0.0
22933,QIDKAKNTK,0.0
22934,WEDLVNKQ,0.0
22935,GFNKKTQ,0.0
22936,MEEFGA,0.0
22937,CSQVNKC,0.0
22938,ATHPRQ,0.0
22939,WTHATFVPQN,0.0
22940,EDRRS,0.0
22941,CDDKSDN,0.0
22942,SYKRNFN,0.0
22943,RNNCGYCVFN,0.0
22944,GRSTRL,0.0
22945,PGETQICIV,0.0
22946,ENTYEF,0.0
22947,QPPNEENWK,0.0
22948,DPGMNFNAEY,0.0
22949,VLPAAHADD,0.0
22950,WTERMSRA,0.0
22951,GCRKFR,0.0
22952,NGQYKNCT,0.0
22953,INQRNSNERL,0.0
22954,QPNCG,0.0
22955,VICQRGE,0.0
22956,EDNEGVDLFM,0.0
22957,YQTRFRECS,0.0
22958,ENACPV,0.0
22959,CGAEH,0.0
22960,IIDDLM,0.0
22961,CNQKCRGAEC,0.0
22962,SGEGYPSKNG,0.0
22963,LCAQEL,0.0
22964,HGSDP,0.0
22965,KRNRFEPY,0.0
22966,EHFYQD,0.0
22967,LCCARREQKQ,0.0
22968,NCRLK,0.0
22969,PQADCEIRC,0.0
22970,DPTHDFIL,0.0
22971,GIEDND,0.0
22972,SMEVKPMK,0.0
22973,RMQCPNQS,0.0
22974,SININYGG,0.0
22975,HAQAGM,0.0
22976,AFNRNLLQY,0.0
22977,SNVIRKA,0.0
22978,IDRTTDFGT,0.0
22979,DEMWIDTN,0.0
22980,ARRTGYKEA,0.0
22981,KSIAQMM,0.0
22982,KHVKFQRG,0.0
22983,CDPLQGV,0.0
22984,HLGDVKE,0.0
22985,PMIEGINSY,0.0
22986,QGETLGAHSV,0.0
22987,VCERPHN,0.0
22988,KKTRPHVQ,0.0
22989,CDCSFCDIGK,0.0
22990,PETKAGRNM,0.0
22991,NFATLNPKP,0.0
22992,NEPRDHQKRE,0.0
22993,RGNAC,0.0
22994,TCNNDTLP,0.0
22995,ENSVQEMWVD,0.0
22996,GRRWHCFRL,0.0
22997,DQYWE,0.0
22998,GREVGTTV,0.0
22999,KKPKNNEG,0.0
23000,HQNHDCCE,0.0
23001,CNSQK,0.0
23002,WFCAGSQDT,0.0
23003,TSSNKQAG,0.0
23004,GFTQDLSS,0.0
23005,EAESDP,0.0
23006,PVHLNADKK,0.0
23007,DDPAKLLNY,0.0
23008,TFKRPRSQ,0.0
23009,FDNHTMDAD,0.0
23010,QECMI,0.0
23011,CMSSVET,0.0
23012,IPRGN,0.0
23013,DGMAQH,0.0
23014,AYVTLD,0.0
23015,VSDIRVER,0.0
23016,IDMKPE,0.0
23017,TKMKLA,0.0
23018,RESMVVA,0.0
23019,VQPVWKFEK,0.0
23020,EQQISWEN,0.0
23021,HQKKTE,0.0
23022,AILGR,0.0
23023,KKTGKHQN,0.0
23024,EDLIGDKVYV,0.0
23025,LHHTFTTE,0.0
23026,NVKISQCQIG,0.0
23027,DHWNHRQQ,0.0
23028,PDNIYCIENI,0.0
23029,NDGRDEH,0.0
23030,RTQTV,0.0
23031,TAACQP,0.0
23032,CVYDNKQ,0.0
23033,PELTCDCE,0.0
23034,CNKEDYKDVQ,0.0
23035,EMVTQDK,0.0
23036,LQIGEMS,0.0
23037,DISNILN,0.0
23038,ATIDP,0.0
23039,KCNTCER,0.0
23040,TNGSKT,0.0
23041,QFNKMALLLR,0.0
23042,DVGPTGNEE,0.0
23043,LRHSIRCSID,0.0
23044,AASERP,0.0
23045,EEYDHA,0.0
23046,PFSINDSN,0.0
23047,CNCNEKNFLI,0.0
23048,GLNEENCS,0.0
23049,VTQVGLK,0.0
23050,QEEQEMWWE,0.0
23051,HEQKDYCDNR,0.0
23052,APRIK,0.0
23053,GVNNVIQWEI,0.0
23054,QSNHVLPCNC,0.0
23055,TVVRPCQC,0.0
23056,PDQCAFCQL,0.0
23057,RHNLMR,0.0
23058,MENTPVY,0.0
23059,DASKCD,0.0
23060,PRNDV,0.0
23061,NVWAPIR,0.0
23062,TMREVEQF,0.0
23063,NQNCNEKR,0.0
23064,MNARY,0.0
23065,IRAGV,0.0
23066,EQMMWNGGS,0.0
23067,VTDEMGDQN,0.0
23068,NQDGKVG,0.0
23069,HSPLVPDE,0.0
23070,DSHLGGQH,0.0
23071,RMEGCQNC,0.0
23072,LAEDSLCGV,0.0
23073,MDAWRINK,0.0
23074,ELNIG,0.0
23075,DKMNPL,0.0
23076,TDMDFNPF,0.0
23077,CTTAQI,0.0
23078,NLSLQFERD,0.0
23079,ASLQNHTACI,0.0
23080,ASWLKRRWTK,0.0
23081,WDNMMSLAA,0.0
23082,IMTNST,0.0
23083,DHDTAWR,0.0
23084,EHQDNKQDCF,0.0
23085,ESCRWERNMI,0.0
23086,KLVVLCTHA,0.0
23087,RKMQGMMR,0.0
23088,DTTQATW,0.0
23089,HVTNANE,0.0
23090,DTDCQVPH,0.0
23091,LCLQEVR,0.0
23092,PSKKYCSVA,0.0
23093,AGFMGMESTT,0.0
23094,YTRDPGGR,0.0
23095,DNNPGLSI,0.0
23096,GCIMPSA,0.0
23097,NESLHMDVG,0.0
23098,FSLTRDD,0.0
23099,DKEYC,0.0
23100,HEEEEISMSC,0.0
23101,HDHRWIIFD,0.0
23102,YARRCK,0.0
23103,VDDQNDF,0.0
23104,IEGMDQM,0.0
23105,GWFCARIRRD,0.0
23106,SKHRGMRRYH,0.0
23107,ASKYNKSQH,0.0
23108,HSRMKEVP,0.0
23109,RILECGI,0.0
23110,EEYFTETT,0.0
23111,VRMGVNQTTI,0.0
23112,QSGANWRLNI,0.0
23113,ATQMTD,0.0
23114,HHDAM,0.0
23115,TVKMGMQ,0.0
23116,LACDGSP,0.0
23117,NSLDSDPYP,0.0
23118,AFVTDQIPIV,0.0
23119,AKYQVMSA,0.0
23120,NRFLGGVK,0.0
23121,NHIAALLVQD,0.0
23122,WVDGAEV,0.0
23123,YDCEFL,0.0
23124,YRARNGVKA,0.0
23125,HSWMMRLGQ,0.0
23126,VHCDSIPRL,0.0
23127,KFCEDEQTV,0.0
23128,FAMERCADL,0.0
23129,DQQFAQTGVR,0.0
23130,TRVCTETC,0.0
23131,GTSIQQSVI,0.0
23132,NWFEFRGGT,0.0
23133,DTTFATWDEE,0.0
23134,ARMDRDCLN,0.0
23135,GRDRPSR,0.0
23136,EFMAA,0.0
23137,FDRSGSD,0.0
23138,LCHDNDNH,0.0
23139,WEEKEF,0.0
23140,MQDPDH,0.0
23141,HSNDCHLTR,0.0
23142,KQTGPTITN,0.0
23143,WNMLDDRNAK,0.0
23144,TDKIVEHMVN,0.0
23145,MALKL,0.0
23146,IEADVPRPLT,0.0
23147,PGKLAINI,0.0
23148,ISHGLQI,0.0
23149,HNGLE,0.0
23150,KMKDNMSK,0.0
23151,ENSGIKDWRI,0.0
23152,EPARVAVTM,0.0
23153,FGEKHPREH,0.0
23154,MSGKLE,0.0
23155,GERPLLCA,0.0
23156,QCSNNLN,0.0
23157,DMSEN,0.0
23158,YYKSMEKMK,0.0
23159,WWECAANG,0.0
23160,PTRDLPKECP,0.0
23161,SQQATF,0.0
23162,PWQYKCSKI,0.0
23163,NDDTCHTCQK,0.0
23164,MTEAK,0.0
23165,RVFVIPPNQ,0.0
23166,PGWTFQTYD,0.0
23167,ETQGDDREP,0.0
23168,TMAHDSWE,0.0
23169,NRRGVKPSD,0.0
23170,NTSYASCNK,0.0
23171,LADKITRP,0.0
23172,SEIQKI,0.0
23173,HQENKETA,0.0
23174,LNEADG,0.0
23175,FHDSTQHS,0.0
23176,AEPRD,0.0
23177,DPKFQNEPP,0.0
23178,RKNFTR,0.0
23179,VKCWDQDKDE,0.0
23180,RGFVAGQ,0.0
23181,FKDRESVVYR,0.0
23182,DEHGETV,0.0
23183,QLANQ,0.0
23184,QGHGMSSL,0.0
23185,DITAFILKNN,0.0
23186,YDQGV,0.0
23187,VFEDCD,0.0
23188,HIANR,0.0
23189,TPPDFIDECL,0.0
23190,EQVFMNSI,0.0
23191,WEARNLTEC,0.0
23192,PCLVQDVH,0.0
23193,RPRQKDTW,0.0
23194,CGVSMRMP,0.0
23195,DNQINNE,0.0
23196,QQDENG,0.0
23197,DEPFYLN,0.0
23198,WYGEDVNCWD,0.0
23199,SDELAWDIAT,0.0
23200,TQNED,0.0
23201,GPRQGVER,0.0
23202,ELGMG,0.0
23203,IGVKG,0.0
23204,ESSTIQALP,0.0
23205,AWKSARC,0.0
23206,DIDWLECY,0.0
23207,ISLEE,0.0
23208,SEIYYMVDQ,0.0
23209,EFQHAQPI,0.0
23210,EDKVN,0.0
23211,YTEVHNVD,0.0
23212,TAARAYCCS,0.0
23213,ERMMD,0.0
23214,FGDQVII,0.0
23215,ECYEGQ,0.0
23216,DSRPIAMPSI,0.0
23217,YKRPCWNRE,0.0
23218,AAQIAMM,0.0
23219,AEQKSAM,0.0
23220,LNDRTKWTDR,0.0
23221,EVNYGYDF,0.0
23222,HANEAIGKYT,0.0
23223,VDPPAC,0.0
23224,YEDCMKPQF,0.0
23225,VAEVPCD,0.0
23226,WYANEE,0.0
23227,YPYENES,0.0
23228,GQECQA,0.0
23229,TNKQSHDFP,0.0
23230,EKCNKHP,0.0
23231,GIEAVQIAAH,0.0
23232,SGHWSGNKE,0.0
23233,LASLLISKM,0.0
23234,PRLQM,0.0
23235,NGEFEELWGE,0.0
23236,MATEHQLQNC,0.0
23237,IQGAM,0.0
23238,TEQCEDQT,0.0
23239,PQANVNPYNN,0.0
23240,VFNARKC,0.0
23241,LQCLRDIFDG,0.0
23242,AQLQLGTN,0.0
23243,PGKEGMNY,0.0
23244,EDNEG,0.0
23245,NIIVHMIIR,0.0
23246,CKRST,0.0
23247,CMKNK,0.0
23248,LNNDAEDQD,0.0
23249,ERPNNDNVLR,0.0
23250,PDNVDG,0.0
23251,EMVCQVY,0.0
23252,WKSNDMNHM,0.0
23253,EEDPRQHMPW,0.0
23254,TKGEV,0.0
23255,NGNWERHG,0.0
23256,CCAMKDGM,0.0
23257,VLNSR,0.0
23258,NNIYKTNDH,0.0
23259,LSAHQNDE,0.0
23260,QEHND,0.0
23261,ALGCEQEC,0.0
23262,CSTMCVWAGE,0.0
23263,SCIPGSQTQI,0.0
23264,RMMNKVKLKC,0.0
23265,DAVQGSDEM,0.0
23266,IELIRRPRCI,0.0
23267,DKPSQ,0.0
23268,QQTQMKEGP,0.0
23269,HDVASRG,0.0
23270,LKIKAHG,0.0
23271,ETQYMS,0.0
23272,QNQFAMLCSE,0.0
23273,IQINMKIQ,0.0
23274,SSNKALR,0.0
23275,KSMKYR,0.0
23276,VTHEEEL,0.0
23277,ADEYD,0.0
23278,KAKMEGPVEM,0.0
23279,TEHGT,0.0
23280,HAWEGIA,0.0
23281,FAAQN,0.0
23282,ASATPM,0.0
23283,NLMCYPWEA,0.0
23284,MHRDGMDR,0.0
23285,DVLHVN,0.0
23286,IADIGGQKWE,0.0
23287,PVRLA,0.0
23288,DGVSTSG,0.0
23289,EPLKVQAF,0.0
23290,QIDNVDK,0.0
23291,DQPMWEPR,0.0
23292,QEGKQITGWN,0.0
23293,KNVKKC,0.0
23294,DDDLM,0.0
23295,EVTSNSNE,0.0
23296,QTMSK,0.0
23297,AEWITQSEVT,0.0
23298,TMMSRG,0.0
23299,NISIFEQYS,0.0
23300,NSDYENCWPN,0.0
23301,HCRGMPPT,0.0
23302,RGDHEHM,0.0
23303,FVLDDVG,0.0
23304,PPPIIELE,0.0
23305,GRCSCVV,0.0
23306,ERCLEE,0.0
23307,QQGCD,0.0
23308,KSEDHDIADW,0.0
23309,QQNCQHN,0.0
23310,STHGDCTP,0.0
23311,LRVNSM,0.0
23312,KQDVQ,0.0
23313,SFHDSCNNCD,0.0
23314,PQVEAG,0.0
23315,SSYAETAAA,0.0
23316,IDWIGEGQRA,0.0
23317,DKNTGQK,0.0
23318,FCDDVI,0.0
23319,QVITHCGHN,0.0
23320,KKMTIFKR,0.0
23321,DNECFGKKV,0.0
23322,IEYARIIG,0.0
23323,TAGIKIPKH,0.0
23324,HDECW,0.0
23325,YEEMEIQWT,0.0
23326,SMQSSC,0.0
23327,QDPIVHC,0.0
23328,LIQTVVVSG,0.0
23329,CPDPNC,0.0
23330,QVKNVGACDP,0.0
23331,GVKPVIDR,0.0
23332,RMKRSVYAN,0.0
23333,DVVKKNL,0.0
23334,DNDLHLC,0.0
23335,EAEWKKME,0.0
23336,HKKLTCGK,0.0
23337,RRCWCCIND,0.0
23338,RQSMHMKLD,0.0
23339,MGRLC,0.0
23340,EMRLSMGQ,0.0
23341,IAKMTRLRY,0.0
23342,INREVNERD,0.0
23343,HQKAN,0.0
23344,IEIVDDYGLI,0.0
23345,SMKISKM,0.0
23346,ADTGC,0.0
23347,QDRWPIKEG,0.0
23348,YDQSQCGSA,0.0
23349,QYEFPMKAL,0.0
23350,MTMIHHCDEQ,0.0
23351,CLNIKQPQ,0.0
23352,CDNRSALATS,0.0
23353,NDRVQFDNCG,0.0
23354,PHHDSIVE,0.0
23355,NEASGASN,0.0
23356,LNGAMS,0.0
23357,WDIEQEC,0.0
23358,TWATQCYQGQ,0.0
23359,RGLAFTIRQY,0.0
23360,MINEFWDKDN,0.0
23361,TDMKMVCR,0.0
23362,AIDITKVNK,0.0
23363,RELNACND,0.0
23364,ECIGHAVFE,0.0
23365,SRSVQDALH,0.0
23366,NGEFE,0.0
23367,SQGMD,0.0
23368,QRNDNF,0.0
23369,HQLMNIQRH,0.0
23370,PETRTA,0.0
23371,DTLKTQEYH,0.0
23372,HSNRRDG,0.0
23373,NRINPP,0.0
23374,RPEGGLYGN,0.0
23375,SAARQ,0.0
23376,QREATR,0.0
23377,SLGWKYCGG,0.0
23378,DQHEAIAFD,0.0
23379,RSQVILND,0.0
23380,SQMHDQARY,0.0
23381,MDNGHQARTF,0.0
23382,DDPYDNGKTT,0.0
23383,MDWTNWEQF,0.0
23384,EGGSSA,0.0
23385,NLADNEYMY,0.0
23386,SNKASGW,0.0
23387,HRQKQHP,0.0
23388,YALTMMGSL,0.0
23389,DNTFEKKQR,0.0
23390,NVKVR,0.0
23391,GIMKKH,0.0
23392,TLGQKE,0.0
23393,VDPYVDA,0.0
23394,SRPKC,0.0
23395,LWGNDDV,0.0
23396,RCPFRRGH,0.0
23397,VMTNK,0.0
23398,ENQKCQHGS,0.0
23399,SLMRQDIR,0.0
23400,DEGQTT,0.0
23401,QQGAKD,0.0
23402,VEYNPMADLM,0.0
23403,YDHRANGLE,0.0
23404,DMFDNGQDR,0.0
23405,SDGSNMFS,0.0
23406,QERKHWGP,0.0
23407,CQAEYKKITN,0.0
23408,EFQNCSG,0.0
23409,ITRKS,0.0
23410,AGRGI,0.0
23411,IIWQESE,0.0
23412,RDECACI,0.0
23413,RKRRDW,0.0
23414,SMLHLVAGMN,0.0
23415,ESDHLNMP,0.0
23416,AHKDKPI,0.0
23417,SHKLGRM,0.0
23418,PRKPMWRDP,0.0
23419,MRADSKKTIW,0.0
23420,RDDNVE,0.0
23421,MENIDW,0.0
23422,FVCNIEM,0.0
23423,DQEEKW,0.0
23424,ELRACI,0.0
23425,QGAHNK,0.0
23426,WRVRQR,0.0
23427,VSQGFEE,0.0
23428,LPRLGKT,0.0
23429,LDGGPQLL,0.0
23430,DNVLR,0.0
23431,KDMRRW,0.0
23432,YEDVDYGEIF,0.0
23433,DWSEH,0.0
23434,RWMKIIRV,0.0
23435,GEQMPET,0.0
23436,NCPESIL,0.0
23437,SISELN,0.0
23438,ASIVKSMEV,0.0
23439,IMSQE,0.0
23440,TVAGDEDSMH,0.0
23441,QWAPRNPT,0.0
23442,VKLQIPD,0.0
23443,TARDTN,0.0
23444,NRLREVYG,0.0
23445,LKNIDKHL,0.0
23446,INVMNNDT,0.0
23447,EGDSMTLPV,0.0
23448,HVDDGRSTS,0.0
23449,QLKPGKMDM,0.0
23450,FCKVMRM,0.0
23451,CCDTKADQH,0.0
23452,DTPNA,0.0
23453,SLEDCVD,0.0
23454,MNCLQ,0.0
23455,KCLEDQVMK,0.0
23456,SDGEHCRYR,0.0
23457,TVVDNIGGK,0.0
23458,RRISHRDRMP,0.0
23459,EVCNHKSDC,0.0
23460,KYQEET,0.0
23461,RNCGTIIVTG,0.0
23462,EQDRWSVSAF,0.0
23463,GAVMLR,0.0
23464,QYKDACTTIE,0.0
23465,RSQTAPQKN,0.0
23466,RWAGK,0.0
23467,VYHGFQLGN,0.0
23468,QCVQHGECV,0.0
23469,LKRWGAEYR,0.0
23470,AAFIYNTTPD,0.0
23471,CQNGI,0.0
23472,FSQGEMT,0.0
23473,MSDMNEVSI,0.0
23474,ITKHCRRESQ,0.0
23475,MCGWNDKCE,0.0
23476,KRNFSTFS,0.0
23477,VRCVKNP,0.0
23478,CGDLKLYCQ,0.0
23479,TQWFLDGND,0.0
23480,DCVID,0.0
23481,RSCVIP,0.0
23482,MQVTDMDY,0.0
23483,NFAIPLNN,0.0
23484,EWEQC,0.0
23485,TDEKKGDSKH,0.0
23486,KDGQLPWKE,0.0
23487,WPKKKRDN,0.0
23488,EWDRWIDPD,0.0
23489,RAEDRIEF,0.0
23490,NCTTVDKNW,0.0
23491,KVSCPTD,0.0
23492,NPQNNVK,0.0
23493,PDMLG,0.0
23494,VRGVM,0.0
23495,VKNDHQFIA,0.0
23496,GSGKDGQ,0.0
23497,TSCMDVESGK,0.0
23498,ARGAAP,0.0
23499,GRTVQPLR,0.0
23500,GMRME,0.0
23501,QKYRPNRH,0.0
23502,DQPPEDRWQT,0.0
23503,KRLMTNK,0.0
23504,DSEINFGIA,0.0
23505,TEESCRYVRI,0.0
23506,GRFKWDVRH,0.0
23507,SVPVKVV,0.0
23508,VNKCKIRL,0.0
23509,LWNQQNCD,0.0
23510,VIRFVTVKAP,0.0
23511,TEAMS,0.0
23512,DRFCSDG,0.0
23513,DGDMWWKSER,0.0
23514,NTVCEG,0.0
23515,KRFRPMPF,0.0
23516,CCEQALQYM,0.0
23517,PEQQLTSMC,0.0
23518,PAMDA,0.0
23519,QPEANACTNY,0.0
23520,LKIKRGPRL,0.0
23521,VAGIT,0.0
23522,YLQKKREGLA,0.0
23523,DIGYMST,0.0
23524,HRKDNVHQV,0.0
23525,NMEIMH,0.0
23526,DGCTEW,0.0
23527,HDLSSQAKKR,0.0
23528,NMNCYLVV,0.0
23529,AMQEH,0.0
23530,LMTKQKQVTS,0.0
23531,GRNMA,0.0
23532,MHYNQRG,0.0
23533,PVTQLFQND,0.0
23534,PDGSMEGT,0.0
23535,CQANSP,0.0
23536,CDDDQFWNM,0.0
23537,GIFKRYENK,0.0
23538,GCQRSWKKQL,0.0
23539,QIMYQGLR,0.0
23540,PSCPESQNTK,0.0
23541,FNGEMC,0.0
23542,RDMQQ,0.0
23543,HDINNWDPD,0.0
23544,PQMMVE,0.0
23545,IIMQFTSQ,0.0
23546,AIPHSGRM,0.0
23547,PTHNKMRG,0.0
23548,RVTMMKDD,0.0
23549,VTNTAYFAG,0.0
23550,ELVQWCEK,0.0
23551,QSFSEHDTEY,0.0
23552,FGERVIISG,0.0
23553,ATNRFA,0.0
23554,RWIVVAGYKR,0.0
23555,QVHQSKMI,0.0
23556,GKRFKKKCGF,0.0
23557,RNWQNQHK,0.0
23558,DSVDMQ,0.0
23559,EPGFT,0.0
23560,NHIDLGV,0.0
23561,DDPTVTVFHN,0.0
23562,SPCTG,0.0
23563,CVGRNGGY,0.0
23564,LANQLVESK,0.0
23565,QLKWKNCSP,0.0
23566,YQCRAMV,0.0
23567,QLDPTR,0.0
23568,QAGTPVITWQ,0.0
23569,GTERN,0.0
23570,VDMCEFD,0.0
23571,KQHQDVMD,0.0
23572,QATTLG,0.0
23573,EEYCG,0.0
23574,QGSWVCQ,0.0
23575,GVQDIGPAK,0.0
23576,GYLKIPIEVG,0.0
23577,IFAQDDVNEF,0.0
23578,DRNAK,0.0
23579,FSCCVVPQ,0.0
23580,IKQEWQLTK,0.0
23581,ECAPR,0.0
23582,AWVRYPRMQ,0.0
23583,TLRRII,0.0
23584,LDENSGIGL,0.0
23585,KEEIDARS,0.0
23586,TITNYDEV,0.0
23587,LNKPNIEG,0.0
23588,LEHSVADTT,0.0
23589,WIRDNEN,0.0
23590,RMWPDKCN,0.0
23591,ANSKFNVDW,0.0
23592,DVNLDTHNKV,0.0
23593,KTRNLTNG,0.0
23594,RRSGQMF,0.0
23595,PNVWADMAC,0.0
23596,GSAKEF,0.0
23597,QYNIQ,0.0
23598,ELEWSQLMAN,0.0
23599,DKRKPS,0.0
23600,DDPQFDKDE,0.0
23601,QGPWCMNQ,0.0
23602,GRCCLK,0.0
23603,AECGTGPCSV,0.0
23604,KDEST,0.0
23605,EIGMNSSQC,0.0
23606,RHPRNYERAM,0.0
23607,RGKIGFELGC,0.0
23608,FSAVDQNT,0.0
23609,ECTEKPKL,0.0
23610,MFVDIQRC,0.0
23611,PDLESHW,0.0
23612,IMPPNCQGKS,0.0
23613,IRGLKRMD,0.0
23614,ARFENVQ,0.0
23615,RQKASH,0.0
23616,QTACQ,0.0
23617,EGKARII,0.0
23618,YGVGEET,0.0
23619,QVAKIPQMRT,0.0
23620,KRTQKF,0.0
23621,DFSKMSN,0.0
23622,QCSHPGDF,0.0
23623,DSGSVMG,0.0
23624,PTKQIAD,0.0
23625,WTSMQEESI,0.0
23626,IYPFVLSQE,0.0
23627,GQRHQT,0.0
23628,NGKDC,0.0
23629,EACGIFVGT,0.0
23630,SQAISKKICN,0.0
23631,IQQCESNKGV,0.0
23632,TGKGESHG,0.0
23633,ERLEWTAKVP,0.0
23634,KPRPLLN,0.0
23635,IETAH,0.0
23636,KSDVTNWCG,0.0
23637,SEYKPCRSA,0.0
23638,IISTITMQP,0.0
23639,DHKPIAEH,0.0
23640,RCWPYERAK,0.0
23641,QRYQMPYG,0.0
23642,DILNG,0.0
23643,LDCMYDEN,0.0
23644,DQLVMLN,0.0
23645,GQCFEVPV,0.0
23646,KIDQPMPVEN,0.0
23647,TIQFSHGT,0.0
23648,RVMAQGYRRP,0.0
23649,AEDAQF,0.0
23650,ICMSLPQN,0.0
23651,QPNYTHQKL,0.0
23652,VNQEKVM,0.0
23653,DPCMSCDQ,0.0
23654,MRDILSK,0.0
23655,VGLKKNWT,0.0
23656,QPPVK,0.0
23657,CYLDRQAEDV,0.0
23658,QKGVIATD,0.0
23659,AQDVNKNLQM,0.0
23660,VGSGNQ,0.0
23661,PMEQAN,0.0
23662,ECPLSHTA,0.0
23663,VEADCM,0.0
23664,PNQTECRI,0.0
23665,QQAKHS,0.0
23666,HVGCSQ,0.0
23667,DDSFSTGRLL,0.0
23668,CEVDEDT,0.0
23669,VSIGNEGTH,0.0
23670,ASEDGPKC,0.0
23671,NELEFHAMG,0.0
23672,VDLDVKCEPM,0.0
23673,MCWMSVRTK,0.0
23674,EMTYDENL,0.0
23675,DVYRQNCD,0.0
23676,QALGDV,0.0
23677,FCDTSDII,0.0
23678,SESFPRQEVA,0.0
23679,CCMRTPR,0.0
23680,QAKRGVENM,0.0
23681,DSMEWHL,0.0
23682,MGNCNCE,0.0
23683,EIPVH,0.0
23684,QPNVSELSV,0.0
23685,TQIGKANMA,0.0
23686,YWTDERGNRR,0.0
23687,TRCGEPVK,0.0
23688,VIPRSMKCSI,0.0
23689,PLREESE,0.0
23690,TILTIRGKT,0.0
23691,PYRGHTQTK,0.0
23692,HSLKRRYSRP,0.0
23693,TDEPEKLC,0.0
23694,LRSDLRNIDG,0.0
23695,KETAPIAIRG,0.0
23696,NMNSTWG,0.0
23697,KAVDSAIGC,0.0
23698,VEATIN,0.0
23699,NEKVEEI,0.0
23700,DGVMIP,0.0
23701,RVTTCTKRGK,0.0
23702,HDNLEHLGMD,0.0
23703,ERDRFHIIM,0.0
23704,QCCSVHNVRK,0.0
23705,FSCRSDD,0.0
23706,EQMICMC,0.0
23707,IEQNRPQ,0.0
23708,GTIWHHRAPR,0.0
23709,NIICKNS,0.0
23710,GPKISMET,0.0
23711,DQLAN,0.0
23712,LINQVVNIT,0.0
23713,EERAQVHENW,0.0
23714,QNWNTYR,0.0
23715,RGWRRGF,0.0
23716,TMEFEF,0.0
23717,FKPQISKP,0.0
23718,MQEMQNG,0.0
23719,EFEKQVIT,0.0
23720,KSDHEQSVKT,0.0
23721,GMVSDS,0.0
23722,MQSSN,0.0
23723,VHEPAAKFC,0.0
23724,QDRLMPSKI,0.0
23725,NEASEWV,0.0
23726,LKRCYAP,0.0
23727,KGCTFTCNR,0.0
23728,AQAMHQRYA,0.0
23729,GMRTIFSADT,0.0
23730,KDTPDPIEM,0.0
23731,EWQQCMYNG,0.0
23732,GCYEN,0.0
23733,QNSHGED,0.0
23734,RCIAI,0.0
23735,CQSANKAYR,0.0
23736,VTNCIG,0.0
23737,NEQIK,0.0
23738,ADGEWRPP,0.0
23739,LLIDG,0.0
23740,RVNCNNV,0.0
23741,GSVAREGGAF,0.0
23742,FTGSNDPWS,0.0
23743,VKKNSS,0.0
23744,SSCVTD,0.0
23745,IPDYDSFG,0.0
23746,NRSRNAK,0.0
23747,FVLDDAVR,0.0
23748,DAPWLEIVQ,0.0
23749,NKNDTGNAA,0.0
23750,VCHDVGPS,0.0
23751,GPGICS,0.0
23752,RFDKQIIEQT,0.0
23753,KGRHHIRC,0.0
23754,DNCHNMIR,0.0
23755,HQLWLMTK,0.0
23756,GRTDTN,0.0
23757,FVMEDLV,0.0
23758,KCTFGVR,0.0
23759,ADHILEA,0.0
23760,PIDNIDCQEY,0.0
23761,WMETHNDDTV,0.0
23762,CEKTNFRS,0.0
23763,ESVGQMED,0.0
23764,GWSTEQETWN,0.0
23765,QNLGNR,0.0
23766,RCKGSEDYAA,0.0
23767,DCHKRCPYA,0.0
23768,VDWLKADE,0.0
23769,NNHPREP,0.0
23770,IVNRR,0.0
23771,NRMFGGERWG,0.0
23772,ECGAS,0.0
23773,QDKQF,0.0
23774,PGTAR,0.0
23775,PDCAHGNYDS,0.0
23776,TMYRILR,0.0
23777,SCAAR,0.0
23778,TELDQRR,0.0
23779,AMGWLRNKNG,0.0
23780,GKDCCC,0.0
23781,KIILAQNTQK,0.0
23782,EQGSR,0.0
23783,LCNLATSAY,0.0
23784,TDKTTLA,0.0
23785,ESFENLVCC,0.0
23786,GKSDIFTDME,0.0
23787,NPANVE,0.0
23788,QLRECSR,0.0
23789,PPISIDE,0.0
23790,EQKCKVP,0.0
23791,LVRKCLEQ,0.0
23792,TIMLRCTRGM,0.0
23793,ETCQG,0.0
23794,EQYMDMDT,0.0
23795,GGASLCV,0.0
23796,DPQFHAG,0.0
23797,IEKPHRKM,0.0
23798,GICITRMVAM,0.0
23799,WPTIVGRPA,0.0
23800,FEEFEPFP,0.0
23801,CINERYGFP,0.0
23802,RITVISIIKP,0.0
23803,CYQQHPILDN,0.0
23804,VTWRHKPT,0.0
23805,HIQGR,0.0
23806,CSVMQTCDDM,0.0
23807,QRIHSVALL,0.0
23808,ARDECV,0.0
23809,HPYQQEVS,0.0
23810,EFSAVMM,0.0
23811,DKGMTCKGCI,0.0
23812,AKYLGEKYQ,0.0
23813,EIDFTLDEQ,0.0
23814,GSGQQHDFH,0.0
23815,PRVRA,0.0
23816,ATCTEAD,0.0
23817,SRMNNKIPY,0.0
23818,IKTRVCGDCR,0.0
23819,ADDGE,0.0
23820,FNRDNNYARL,0.0
23821,KRPML,0.0
23822,CTYDRRDDYN,0.0
23823,SGSVEWTR,0.0
23824,WDPVEIN,0.0
23825,DDWNDCIGQ,0.0
23826,GIIGA,0.0
23827,LIMSVGN,0.0
23828,REPTTEK,0.0
23829,RQAKDQCCMT,0.0
23830,SVVEPGASD,0.0
23831,NRSCIRW,0.0
23832,SDFEVNS,0.0
23833,NMPMNPMR,0.0
23834,TPTRLRKN,0.0
23835,VWRNMGNP,0.0
23836,LNGDGQYADD,0.0
23837,CAQMSC,0.0
23838,GSTQRH,0.0
23839,KYRHQMDSAL,0.0
23840,DHVTSTEKE,0.0
23841,GQIKLPLF,0.0
23842,DWENTNHFC,0.0
23843,ASQNENCLLK,0.0
23844,VMVGLDDQ,0.0
23845,PQHSIPVKD,0.0
23846,AKRWFKCMC,0.0
23847,VDGPGIMN,0.0
23848,HRERKGPYN,0.0
23849,LFMGTQDKE,0.0
23850,YFMRSACANA,0.0
23851,PIGDTQYEHR,0.0
23852,DMHVNEM,0.0
23853,QFIIPQVQK,0.0
23854,IDQHQMN,0.0
23855,EPIGQQP,0.0
23856,ITGIPFMIG,0.0
23857,QNTLQLDFAA,0.0
23858,DYCQDE,0.0
23859,GCDWVTKRY,0.0
23860,GATSCG,0.0
23861,SVQEVD,0.0
23862,MGSSFKGG,0.0
23863,KAMMT,0.0
23864,GTFRTST,0.0
23865,TMMMRGEMDH,0.0
23866,RKKAIIEDLS,0.0
23867,IAWICVEVD,0.0
23868,DDADGI,0.0
23869,EPGDLE,0.0
23870,TEEPE,0.0
23871,EWNFTDQRD,0.0
23872,TTFSHGAYT,0.0
23873,QEFGVLPL,0.0
23874,LPQTE,0.0
23875,KDQGS,0.0
23876,YIEFIMQVGA,0.0
23877,GFHGPVQCM,0.0
23878,CKMQS,0.0
23879,RCISTKPI,0.0
23880,KSGRDCVW,0.0
23881,ELEVHDT,0.0
23882,TRHKQAAEPI,0.0
23883,DPCNQQREP,0.0
23884,NEDNMTYVYI,0.0
23885,FTGRRE,0.0
23886,PIPFEDG,0.0
23887,HDSTQTTP,0.0
23888,DSNSRKDT,0.0
23889,KGRKGHFGR,0.0
23890,PSLNQMNND,0.0
23891,ARCNRMN,0.0
23892,RQNKEIRM,0.0
23893,QMQKNIVI,0.0
23894,CRAKCF,0.0
23895,QMAQQMMAYM,0.0
23896,CKCMETDTC,0.0
23897,HHDPECDKI,0.0
23898,KMWRDDMV,0.0
23899,DLIKTHER,0.0
23900,HYQNSSG,0.0
23901,PSKLIQ,0.0
23902,QPIGLKC,0.0
23903,ATCKCDLCGM,0.0
23904,RLALTNS,0.0
23905,KRIVTE,0.0
23906,KRDIRT,0.0
23907,ITFPRLSNT,0.0
23908,ACRSEIGG,0.0
23909,GSQEKQHSGG,0.0
23910,AEYATHEDS,0.0
23911,SADSWDPKER,0.0
23912,IHQPCGWQR,0.0
23913,GRRHKKL,0.0
23914,RGMKKA,0.0
23915,CFSFNEEQ,0.0
23916,NMTSKKMTSN,0.0
23917,MLKNQGGKP,0.0
23918,VAKMD,0.0
23919,WTAQHCNVG,0.0
23920,MDGLNSSQFV,0.0
23921,TIMQNPIAG,0.0
23922,NFGHMTRN,0.0
23923,EDKVNLCNGC,0.0
23924,EVDQHPQGN,0.0
23925,ESQIDMMA,0.0
23926,NVFHTRK,0.0
23927,HAINPALIS,0.0
23928,GWTKRLGQMS,0.0
23929,YRQCQWNDT,0.0
23930,MGDATCVP,0.0
23931,SFEMPEQ,0.0
23932,ISCQDVN,0.0
23933,QIHNRAH,0.0
23934,ELQILA,0.0
23935,IGKYTHANEA,0.0
23936,SKFVRAIT,0.0
23937,NRMETIVDGN,0.0
23938,GNFEVHE,0.0
23939,ADMGERLNCK,0.0
23940,FNRKNT,0.0
23941,KFRCCILSR,0.0
23942,CMSSQKV,0.0
23943,DTCRLTEG,0.0
23944,FPADIDPQCP,0.0
23945,ANWDQEDQ,0.0
23946,KYCEGQIH,0.0
23947,GKRDMNHN,0.0
23948,RSCNDET,0.0
23949,YKNVAQLSE,0.0
23950,EDMVPNIT,0.0
23951,HERSAHLMTQ,0.0
23952,VEPQFRR,0.0
23953,HQVSGPIML,0.0
23954,FEAHNGTKEH,0.0
23955,KFGREVRE,0.0
23956,KEWEYVPL,0.0
23957,MGYVFAEH,0.0
23958,KKDPREWK,0.0
23959,SDESNLPQWH,0.0
23960,CLMRPYDGQ,0.0
23961,ECCHCTIQD,0.0
23962,ADTGCEQWLC,0.0
23963,DYMTQMVIE,0.0
23964,KKEFR,0.0
23965,EILMCAVFSQ,0.0
23966,YHTRAK,0.0
23967,NDDVRMNVL,0.0
23968,HIDPIEVY,0.0
23969,NMQSGGN,0.0
23970,WCQFRAQM,0.0
23971,SESYPRSN,0.0
23972,KDKDT,0.0
23973,VCFQNVESM,0.0
23974,CEKME,0.0
23975,ISQDLRD,0.0
23976,VANDE,0.0
23977,NLVDEIVE,0.0
23978,EIGEDV,0.0
23979,RIWMNIRQM,0.0
23980,EFVAVD,0.0
23981,HQMVK,0.0
23982,VWQKHKGN,0.0
23983,VPCASGMEES,0.0
23984,WSFMNKDRV,0.0
23985,VVKQK,0.0
23986,IEVKHNITE,0.0
23987,DNPGNTETSS,0.0
23988,DNPKCLIGHA,0.0
23989,LYTTDDM,0.0
23990,KPEEPD,0.0
23991,PDTESRMMTA,0.0
23992,QVMCVSMM,0.0
23993,GHMNNN,0.0
23994,DVGLLC,0.0
23995,VTNIGMII,0.0
23996,TNADKMPFS,0.0
23997,IPDEFMRD,0.0
23998,DHCWEFVPVG,0.0
23999,CDDPT,0.0
24000,SVKSQGSH,0.0
24001,CTSGPGKQQQ,0.0
24002,LKEWANNKM,0.0
24003,IQHWNDAVQA,0.0
24004,MAEVP,0.0
24005,QYDITDGSS,0.0
24006,QPWKEDCK,0.0
24007,LNCHKEKIAS,0.0
24008,ADWSYWNDF,0.0
24009,GGKTA,0.0
24010,CVVDQVLMC,0.0
24011,PVSRILIEDM,0.0
24012,TQKDKSPAT,0.0
24013,PLIIGR,0.0
24014,NIEGAY,0.0
24015,PREDGHC,0.0
24016,KIKCA,0.0
24017,RKRMFQE,0.0
24018,ADRLVPHN,0.0
24019,GLAYLFANK,0.0
24020,PNIIM,0.0
24021,SKAVKSYT,0.0
24022,HSTRSACV,0.0
24023,KQCMRRMRQ,0.0
24024,IEVGT,0.0
24025,PTSMIGN,0.0
24026,VMGNCDDQ,0.0
24027,KREHMCNEKE,0.0
24028,SNLTYSALR,0.0
24029,AEKQYV,0.0
24030,APVDCFD,0.0
24031,QPELRKN,0.0
24032,EMLSIM,0.0
24033,LTNGNVT,0.0
24034,GHDGEKLQTV,0.0
24035,TRTER,0.0
24036,DVNGYQVF,0.0
24037,RVANN,0.0
24038,RPLEQLK,0.0
24039,VKVSICDE,0.0
24040,RKFKNHQ,0.0
24041,ARQAV,0.0
24042,FYGMEYSDIQ,0.0
24043,KKQDNTVC,0.0
24044,QSRAEV,0.0
24045,CMDEF,0.0
24046,GVSASIK,0.0
24047,MTGAV,0.0
24048,NVRGGRG,0.0
24049,DADPA,0.0
24050,LCQDRM,0.0
24051,AIMNS,0.0
24052,PQAWAGTS,0.0
24053,DISEA,0.0
24054,SKKWRV,0.0
24055,RQLKV,0.0
24056,CHNNKMA,0.0
24057,HNRKRHGI,0.0
24058,EPVRYVQEC,0.0
24059,YLNYNTTQQE,0.0
24060,QQYVVRDG,0.0
24061,GMRKKVPL,0.0
24062,HTGSKPH,0.0
24063,CLTQQ,0.0
24064,SIVMTGE,0.0
24065,EATGVVLSE,0.0
24066,EEWEGKVW,0.0
24067,QIGLKKI,0.0
24068,CEHAIE,0.0
24069,IRLVR,0.0
24070,TNNAHEMES,0.0
24071,LCKIQCILRE,0.0
24072,TSTIVEIQ,0.0
24073,QPTNSDCF,0.0
24074,KGTEK,0.0
24075,VDDMG,0.0
24076,YVVLDHQCR,0.0
24077,NCRVTFE,0.0
24078,TQLESMQAHI,0.0
24079,NTVEHIHC,0.0
24080,CPQPQR,0.0
24081,EQDAQ,0.0
24082,LCGAKD,0.0
24083,SALRN,0.0
24084,EDRPFT,0.0
24085,CCESGD,0.0
24086,GLMCGLE,0.0
24087,GDPFLLQ,0.0
24088,ILKGPQ,0.0
24089,RGGHIMQG,0.0
24090,PIHEADQYT,0.0
24091,ICPQIIGKT,0.0
24092,RRESFRLP,0.0
24093,ECISG,0.0
24094,KKVVLFTQGA,0.0
24095,SNSTEES,0.0
24096,NNFFQFSG,0.0
24097,TVEREPQ,0.0
24098,YFEMGPDPI,0.0
24099,GPHDQSR,0.0
24100,WDKDNMINEF,0.0
24101,AGTQDL,0.0
24102,RMIIWWNRK,0.0
24103,IQFLGVDNN,0.0
24104,EFKDDICK,0.0
24105,GLTRP,0.0
24106,IGNDMSDGLQ,0.0
24107,DIDCKGGK,0.0
24108,AQERGTQG,0.0
24109,CCMRA,0.0
24110,HQKKSRPWV,0.0
24111,VGKVKA,0.0
24112,DWSLHLPD,0.0
24113,QGSTC,0.0
24114,CHKLWLQGQ,0.0
24115,GETRCESCSK,0.0
24116,AEVGI,0.0
24117,LHDDDGN,0.0
24118,AKRKK,0.0
24119,LSSTAKGPSI,0.0
24120,YLIEDV,0.0
24121,DPRTPCIM,0.0
24122,DSNMRQIITN,0.0
24123,WCAAWCTMD,0.0
24124,SKKWKQLKNL,0.0
24125,KPTLRMSQ,0.0
24126,DSNYQTG,0.0
24127,QHKSQIHG,0.0
24128,HACGDKDMMG,0.0
24129,SKNLET,0.0
24130,CDINMNKMT,0.0
24131,HLMCDMPG,0.0
24132,IKVFYCNAR,0.0
24133,FERLIGLTT,0.0
24134,KGHREEWAMQ,0.0
24135,TMRLRT,0.0
24136,RRTASP,0.0
24137,TWSEAKN,0.0
24138,NTRINN,0.0
24139,RGNIHGT,0.0
24140,VVRNQ,0.0
24141,NDIDMTKND,0.0
24142,REEPQIRT,0.0
24143,REDTR,0.0
24144,VFSTAIAGVA,0.0
24145,KQNPI,0.0
24146,NNNIAI,0.0
24147,NLALTR,0.0
24148,PQGWHACEGF,0.0
24149,IADDTEPWYP,0.0
24150,VEVCRTQCR,0.0
24151,DPCQDMMY,0.0
24152,YEMPDEQSDY,0.0
24153,RKEKPKT,0.0
24154,GNPMEM,0.0
24155,YTNQAN,0.0
24156,PKRKRT,0.0
24157,PNTFQKNNY,0.0
24158,AKKTAG,0.0
24159,SHLISEIQDD,0.0
24160,FSSFSRPQR,0.0
24161,MHEKMNM,0.0
24162,VDMPRP,0.0
24163,TQKNTNWDDL,0.0
24164,SGRVKRP,0.0
24165,SSDVNFRVS,0.0
24166,RMKCIQY,0.0
24167,EHQWKKD,0.0
24168,RKFAR,0.0
24169,RVFQSAWKRK,0.0
24170,EGVIQTKE,0.0
24171,ERIKIERFPA,0.0
24172,ERTCGRLMK,0.0
24173,DVNEF,0.0
24174,YCKDCCRDP,0.0
24175,TEEPECHWDH,0.0
24176,HQAPQNDH,0.0
24177,SSEGVC,0.0
24178,PKDPSGCLKL,0.0
24179,AHHIMCTCEG,0.0
24180,IQWEEWIQ,0.0
24181,RHLMAKGK,0.0
24182,GDIKACK,0.0
24183,MCCSRNGP,0.0
24184,SESKLMS,0.0
24185,ERHSQMEE,0.0
24186,SEDTTFTCCY,0.0
24187,EIPTRMSCML,0.0
24188,AVTMPDD,0.0
24189,RGRGIF,0.0
24190,MQTIQQK,0.0
24191,SNYISEICKI,0.0
24192,ERNMK,0.0
24193,EPMETDG,0.0
24194,EPMFDDNGAL,0.0
24195,AEDTH,0.0
24196,KGLPPRT,0.0
24197,LCLVIMTD,0.0
24198,ECLPCNCD,0.0
24199,QFMNDGH,0.0
24200,SMQRNVMGER,0.0
24201,QMKIG,0.0
24202,KIIKKTFTG,0.0
24203,AYNTFVTKQ,0.0
24204,IQQTRGE,0.0
24205,RRSMKV,0.0
24206,YTGHTAKGIS,0.0
24207,DRRVD,0.0
24208,QDIQGVQCW,0.0
24209,DIFDG,0.0
24210,HNQANMWAQN,0.0
24211,GDRFQM,0.0
24212,IEREE,0.0
24213,NISRVQD,0.0
24214,GYNRDQ,0.0
24215,WENLD,0.0
24216,NVAISRIFSN,0.0
24217,TSRQLWNG,0.0
24218,AQIEC,0.0
24219,ENATTRQD,0.0
24220,DLVQFNNS,0.0
24221,IVGTMCIE,0.0
24222,FKQYNQEPR,0.0
24223,TRAINEMDFL,0.0
24224,FRMPCEEKK,0.0
24225,LKPIMNE,0.0
24226,GDCRRRT,0.0
24227,QPCCIGC,0.0
24228,HSDQGEHDMY,0.0
24229,SQMQMEYTC,0.0
24230,DQLHTQ,0.0
24231,TPNYQTQHS,0.0
24232,DCRMIQGH,0.0
24233,DGSRWQI,0.0
24234,ITIVSQTR,0.0
24235,KQEMVFDN,0.0
24236,EGKFCDRD,0.0
24237,VENFAYWCE,0.0
24238,GRQICVLWRI,0.0
24239,AQHMPRVS,0.0
24240,MEYQPMPS,0.0
24241,QTIQA,0.0
24242,LSGVGNVQ,0.0
24243,AVSPGDLG,0.0
24244,DDDFMMWK,0.0
24245,EDHHFMNIAQ,0.0
24246,AIPAQ,0.0
24247,YTKTNLDS,0.0
24248,RPHRITGR,0.0
24249,FDEQSYP,0.0
24250,SLMLNRGC,0.0
24251,DTIFKNSWD,0.0
24252,KPATT,0.0
24253,ECAHLFEAGT,0.0
24254,RSIKH,0.0
24255,RALAKRCETP,0.0
24256,ASQNE,0.0
24257,CRARAYRFH,0.0
24258,KPTEQETD,0.0
24259,VNMANDCQQW,0.0
24260,CHSSWTALP,0.0
24261,DKYCRQMCT,0.0
24262,DIMRDE,0.0
24263,ETFATIS,0.0
24264,DGQKTARDW,0.0
24265,GRKECSICR,0.0
24266,ERDNQRGM,0.0
24267,SQYQNDALH,0.0
24268,GKDGT,0.0
24269,GDIEATHDW,0.0
24270,MAKMDG,0.0
24271,RDRHHRR,0.0
24272,FRIYTRQQK,0.0
24273,YDGQD,0.0
24274,ICAMCG,0.0
24275,DCWNIVN,0.0
24276,EFHEP,0.0
24277,VAGKET,0.0
24278,DYTHEWGSIS,0.0
24279,FEGTTTN,0.0
24280,HQRGASD,0.0
24281,MEILGVQ,0.0
24282,MCQGQLNCA,0.0
24283,KDISWNQVG,0.0
24284,IDSEHASG,0.0
24285,AEVGIHMREQ,0.0
24286,CEVEWDNV,0.0
24287,GFGLSFR,0.0
24288,IICKK,0.0
24289,ARAFYDNEG,0.0
24290,QKVCSGCYRE,0.0
24291,ELWGENGEFE,0.0
24292,EEFTRNSA,0.0
24293,LINWEVD,0.0
24294,ELHHVINN,0.0
24295,VEAQCRTQ,0.0
24296,CAKIVQTACQ,0.0
24297,TDTPAYD,0.0
24298,PYFEIKDQ,0.0
24299,YQSDSF,0.0
24300,CPLWAKSGN,0.0
24301,ELPGVGYM,0.0
24302,SSASGM,0.0
24303,SNQHIQFKR,0.0
24304,PIQGE,0.0
24305,KSATIEGGE,0.0
24306,DDVPQKN,0.0
24307,GLNECLPIR,0.0
24308,MHTAFDTP,0.0
24309,IGKENPFFR,0.0
24310,ADQKESYGML,0.0
24311,IMPDQC,0.0
24312,TTKHAR,0.0
24313,DEERWLVSI,0.0
24314,EKEKNW,0.0
24315,CEQIKMQNR,0.0
24316,EQESK,0.0
24317,TESNV,0.0
24318,GEDVSGGK,0.0
24319,CSGGQ,0.0
24320,EQTCWCPE,0.0
24321,RIHRPELCDA,0.0
24322,DTHFYFE,0.0
24323,PWTMKDIST,0.0
24324,RQFTDMK,0.0
24325,QEKHSRTCT,0.0
24326,FAFVENKNC,0.0
24327,SNQFTRQWNK,0.0
24328,RECHCKR,0.0
24329,QNVCRI,0.0
24330,KTADMHTRKY,0.0
24331,EKDLCQRH,0.0
24332,YRKKSI,0.0
24333,TGAHD,0.0
24334,CIDYNTEP,0.0
24335,APQTV,0.0
24336,RMYEEPGE,0.0
24337,GLPEIMGR,0.0
24338,DCTPPD,0.0
24339,RMTWDPR,0.0
24340,NQSMILYDDQ,0.0
24341,NPGVD,0.0
24342,AERTWNA,0.0
24343,TQHKIKPA,0.0
24344,NCWWDDKQL,0.0
24345,QMPCWNIQ,0.0
24346,ITQLMRL,0.0
24347,EDEWTADGKH,0.0
24348,TYYARICIN,0.0
24349,TTTERKLLR,0.0
24350,RSSKCVAVT,0.0
24351,EQDWPY,0.0
24352,VVGIMKQII,0.0
24353,ENHCFMCN,0.0
24354,AMDWNTVQ,0.0
24355,CHAAA,0.0
24356,HEQTE,0.0
24357,WNDKD,0.0
24358,NSDEW,0.0
24359,DKASYVSG,0.0
24360,TQPLA,0.0
24361,DHQYQPAVY,0.0
24362,PRNDR,0.0
24363,RNIKKFPS,0.0
24364,PGNADG,0.0
24365,DWDNPEL,0.0
24366,RRKHDYTCE,0.0
24367,QQNMRPM,0.0
24368,QQNPASSPYL,0.0
24369,GPDLDNV,0.0
24370,GWRKGN,0.0
24371,EIHCQ,0.0
24372,NIRICVS,0.0
24373,WYETLVCSE,0.0
24374,PKLGV,0.0
24375,NNKKCNCSW,0.0
24376,RYHDKLAQI,0.0
24377,KLQGER,0.0
24378,AILDA,0.0
24379,IPIQLDMPTD,0.0
24380,RRKSW,0.0
24381,QDEDH,0.0
24382,GRRGKRFH,0.0
24383,GAQFKVKFQ,0.0
24384,NPANADLKS,0.0
24385,KWTNGASQT,0.0
24386,GKHSVPQC,0.0
24387,WGVSADKNN,0.0
24388,WARWNWQA,0.0
24389,QAMNNR,0.0
24390,EGQDFRHV,0.0
24391,QKTQGTNSNV,0.0
24392,TNRSMLS,0.0
24393,DAHQD,0.0
24394,GDVSNY,0.0
24395,EYEFQK,0.0
24396,KNRDC,0.0
24397,ASKITA,0.0
24398,LDNDHLNWQ,0.0
24399,NDDTVGLRER,0.0
24400,NRGNQCK,0.0
24401,VCCAD,0.0
24402,VHQNKNR,0.0
24403,APENSSMQ,0.0
24404,TFAHMGVN,0.0
24405,DNIPDTHFK,0.0
24406,RMMQEGV,0.0
24407,EHEHFI,0.0
24408,NHDWRRM,0.0
24409,SCVGKQQHVA,0.0
24410,PINPADLC,0.0
24411,EQQPQN,0.0
24412,FELMMNK,0.0
24413,HWAPTNN,0.0
24414,NQNCDFEK,0.0
24415,LIASRASRI,0.0
24416,KKKYCSG,0.0
24417,EALGIYKTRL,0.0
24418,CNNGELM,0.0
24419,RLDQKFDT,0.0
24420,SYMIGRTACR,0.0
24421,IAKKD,0.0
24422,RIWGRYQP,0.0
24423,SDLEHYRA,0.0
24424,RQTCLQT,0.0
24425,DMEILSTYC,0.0
24426,PQDLWDNG,0.0
24427,VEYEP,0.0
24428,GPDDQEC,0.0
24429,TMPTVRTSP,0.0
24430,EMNYRD,0.0
24431,PKLQP,0.0
24432,ELGQP,0.0
24433,TQPAD,0.0
24434,NWDEGRL,0.0
24435,SAHDKHRS,0.0
24436,RSANVMAMIQ,0.0
24437,YNQIQRMS,0.0
24438,QDQKWRQL,0.0
24439,KPIISKV,0.0
24440,CAARSME,0.0
24441,SAKVRYKRF,0.0
24442,GQNDVG,0.0
24443,GGFDQEQYN,0.0
24444,HWIEHEHTL,0.0
24445,DMGKE,0.0
24446,QPWTMQYKN,0.0
24447,QMCGG,0.0
24448,ANPHAQ,0.0
24449,CLTVCRQ,0.0
24450,TRGER,0.0
24451,ADCEGIMYTM,0.0
24452,YNCTNWKETK,0.0
24453,RPDRGV,0.0
24454,WQRFAQEATN,0.0
24455,CTHTEQDI,0.0
24456,IRQVNMMNGV,0.0
24457,VYDEM,0.0
24458,QEKAAK,0.0
24459,TDSNRNDPKH,0.0
24460,AYLSEVMCC,0.0
24461,MSASTPKETD,0.0
24462,FDAVNFRGNR,0.0
24463,STMFMSRR,0.0
24464,CVNNQK,0.0
24465,PRDFNASRV,0.0
24466,FLQKTKTE,0.0
24467,QPKIR,0.0
24468,DDNMFN,0.0
24469,RVLKVNVAG,0.0
24470,VHDPGEG,0.0
24471,KQTCRDDR,0.0
24472,RKMVT,0.0
24473,MFESNLQVHA,0.0
24474,DPQDYRHLL,0.0
24475,KDSIFLKAAL,0.0
24476,MCFQRTMVK,0.0
24477,GHHPMEKS,0.0
24478,KLCGTMQEMR,0.0
24479,FVRKE,0.0
24480,QPREDIKLLK,0.0
24481,DVEKSLPKE,0.0
24482,DCLRVPVD,0.0
24483,VQYIDSECL,0.0
24484,NERYN,0.0
24485,DICRK,0.0
24486,QTDLVDK,0.0
24487,PTYQDIMN,0.0
24488,RYNAKDPYQA,0.0
24489,SNCGGG,0.0
24490,GAGPQRQR,0.0
24491,VELSQGCAGQ,0.0
24492,ILGMYSEG,0.0
24493,DSLWADAA,0.0
24494,DNTQQKWRT,0.0
24495,EEHTWN,0.0
24496,NGMGQRS,0.0
24497,YRKPRMKLQG,0.0
24498,HERTYCWEER,0.0
24499,PQMRTQVAKI,0.0
24500,THWKFEQPV,0.0
24501,GICKA,0.0
24502,QMNMMCR,0.0
24503,RDKCTDEMGC,0.0
24504,KQLFSQLSP,0.0
24505,PFIEAYQEM,0.0
24506,RVNFNQ,0.0
24507,HRKYR,0.0
24508,SFENSER,0.0
24509,IAVEKD,0.0
24510,DIGFCNEDVK,0.0
24511,NDSDRRNIRF,0.0
24512,TVEMDDE,0.0
24513,ECDKPDSMVV,0.0
24514,IKTLQLDN,0.0
24515,GSTTHMS,0.0
24516,CNLNLD,0.0
24517,ITDRSMK,0.0
24518,HPDDKKGTM,0.0
24519,GRPRAVS,0.0
24520,YFNNME,0.0
24521,AFMLCSKCSK,0.0
24522,EHCDRWND,0.0
24523,ITDLDYVEVN,0.0
24524,KSHPIFRR,0.0
24525,HQEIAQVQ,0.0
24526,AGSAGKTGD,0.0
24527,NVTLN,0.0
24528,EQLFHTPV,0.0
24529,WAGDEI,0.0
24530,GFSDIMMAD,0.0
24531,MHVNQNDN,0.0
24532,FFQDSCES,0.0
24533,EIPEQTLI,0.0
24534,DSNVDPEKE,0.0
24535,GEPVGDR,0.0
24536,VEHEY,0.0
24537,CQGMPGERCS,0.0
24538,PEHGN,0.0
24539,IVKCQ,0.0
24540,NNAHGQNI,0.0
24541,PDHCQELM,0.0
24542,HGTRACLS,0.0
24543,QAIPFGGD,0.0
24544,RARGVMPSGA,0.0
24545,LVTGQEIG,0.0
24546,GKNHATKKND,0.0
24547,SICGGTGRW,0.0
24548,NTSLTMFR,0.0
24549,PIMKNIIVE,0.0
24550,WGNDLME,0.0
24551,HCQDTCPCR,0.0
24552,QHACA,0.0
24553,RPPSSKVGS,0.0
24554,GVLRGQRTS,0.0
24555,RHDYEGGQRC,0.0
24556,NLTGHDGGL,0.0
24557,TGEFGTH,0.0
24558,FNGDPPWS,0.0
24559,KMACD,0.0
24560,NAASLPSMNE,0.0
24561,KCGYGKGGC,0.0
24562,VSFGAGQSK,0.0
24563,KQRIHR,0.0
24564,ECVIRMKNPD,0.0
24565,NDNGM,0.0
24566,PPTQWTDSEM,0.0
24567,CHNNCKEFKA,0.0
24568,TCGAM,0.0
24569,ETPEACEPRK,0.0
24570,DPEGTHEKW,0.0
24571,NNTHKTWK,0.0
24572,QQFQPNTNGG,0.0
24573,CETPPTSR,0.0
24574,CLTDGCG,0.0
24575,QCLMVMPAA,0.0
24576,QDMNLAGFRQ,0.0
24577,DITYEQL,0.0
24578,IIDLVNYAA,0.0
24579,TWIAEPD,0.0
24580,DNVHGDV,0.0
24581,GGCVQMAWTE,0.0
24582,PMAQSD,0.0
24583,PHPEKD,0.0
24584,QKKSP,0.0
24585,CSSEGSK,0.0
24586,QCNQVKN,0.0
24587,MPAFKCNN,0.0
24588,FNKNTKNIRA,0.0
24589,GAVTE,0.0
24590,KCAKL,0.0
24591,VDDFAQP,0.0
24592,IYPNGVAQC,0.0
24593,CGKDGGNPP,0.0
24594,HPFMRLCCM,0.0
24595,EETNNY,0.0
24596,DQMAAFV,0.0
24597,PCEQCLK,0.0
24598,EEPTSPA,0.0
24599,RCIHGCSIT,0.0
24600,TLCIQ,0.0
24601,NSDSPKM,0.0
24602,YIGEE,0.0
24603,NDQMPMVVKA,0.0
24604,MQSEPDE,0.0
24605,KHHEWHDQN,0.0
24606,RVPNGPDMTS,0.0
24607,THMPQWDPN,0.0
24608,MTPRPVQ,0.0
24609,FEIQRG,0.0
24610,NEVGHYNT,0.0
24611,RNIDMPWRA,0.0
24612,EVTCVASTT,0.0
24613,HDIQMVII,0.0
24614,LIFQFNAQE,0.0
24615,RIWVVAKS,0.0
24616,KDREQVPTKM,0.0
24617,WSAEIDTDA,0.0
24618,CRGKGQDG,0.0
24619,LDHQSSM,0.0
24620,EATVNM,0.0
24621,LPNIPQQ,0.0
24622,HIDKTDAKR,0.0
24623,KTNDK,0.0
24624,YAVNVPK,0.0
24625,LACWAEKANE,0.0
24626,QCIEEPKMA,0.0
24627,LLDDR,0.0
24628,FMQMDNEN,0.0
24629,PNMEG,0.0
24630,RMWRPAMMER,0.0
24631,PFLTQSQ,0.0
24632,IEGHG,0.0
24633,NAEYHMAYDL,0.0
24634,LSEDSMD,0.0
24635,TWEGDHH,0.0
24636,NRYQKL,0.0
24637,NEVQKSNKA,0.0
24638,GLHRYAQQNR,0.0
24639,CNSVDQ,0.0
24640,EQADT,0.0
24641,GTAWEAEDRR,0.0
24642,EPNDRRCD,0.0
24643,RLTGQNRSIR,0.0
24644,IGKMSEGQ,0.0
24645,TCCQDM,0.0
24646,FTYNSEIRN,0.0
24647,YRMDNRNSK,0.0
24648,HNPAQS,0.0
24649,PLQDPV,0.0
24650,EQLNN,0.0
24651,WVYKTRQEK,0.0
24652,GRWVTRNG,0.0
24653,NGQAHIMDGV,0.0
24654,NNELFN,0.0
24655,IEPAFPDR,0.0
24656,KMKNWGQT,0.0
24657,SSMIDKLR,0.0
24658,GTIRTE,0.0
24659,DQMVDEDHIP,0.0
24660,QQRHNQQ,0.0
24661,RVGDQKY,0.0
24662,KGCRQNA,0.0
24663,LHPIRRLRA,0.0
24664,YQVVAGCCC,0.0
24665,MHCQNNQCMQ,0.0
24666,QEDYTCP,0.0
24667,FNQGNA,0.0
24668,TRPWKA,0.0
24669,HGGQMEK,0.0
24670,RFNCN,0.0
24671,PVRTMCRHS,0.0
24672,HENNP,0.0
24673,GIEIS,0.0
24674,HVREAGNC,0.0
24675,VDLHQRE,0.0
24676,FDIFESAVD,0.0
24677,LEPWIFNE,0.0
24678,RCIAIQAQGP,0.0
24679,GRDNFKI,0.0
24680,DKPPPL,0.0
24681,FSHRNRI,0.0
24682,DRDEG,0.0
24683,GEEIPDHD,0.0
24684,LPMDMQDKLD,0.0
24685,TTNPDID,0.0
24686,ANILTSP,0.0
24687,HTIVQDKEEI,0.0
24688,RKVIWK,0.0
24689,NCKIEECY,0.0
24690,GVQGI,0.0
24691,ETVWQFAH,0.0
24692,HKKRRKHC,0.0
24693,EIELERVV,0.0
24694,HCSCHECD,0.0
24695,WREKGVSG,0.0
24696,IKMYERKP,0.0
24697,ELCQQES,0.0
24698,FPRRKTH,0.0
24699,GSSERAEPKC,0.0
24700,DVNSDS,0.0
24701,KNCGRKFG,0.0
24702,RSSHGNIG,0.0
24703,VPSAR,0.0
24704,NCNGGD,0.0
24705,WSSETPAVDY,0.0
24706,ACCTGD,0.0
24707,CMRQKPR,0.0
24708,CAQACDK,0.0
24709,HGRGPSG,0.0
24710,LCCGSSMEK,0.0
24711,RWISMQGQT,0.0
24712,EKPCERQ,0.0
24713,EPDRNE,0.0
24714,AAVGGRH,0.0
24715,QDMSEAVQMF,0.0
24716,RCSAILYK,0.0
24717,DSKFECGTYE,0.0
24718,NVYPVHKPE,0.0
24719,QWYKAK,0.0
24720,DTPSDHSR,0.0
24721,FNKQED,0.0
24722,ENGGMA,0.0
24723,MDMED,0.0
24724,NHGHRMAVI,0.0
24725,IELQRHIK,0.0
24726,SKSNQCEG,0.0
24727,TEDYQ,0.0
24728,DGLQV,0.0
24729,TTIPPMVLP,0.0
24730,SKLEE,0.0
24731,MGGQQKTT,0.0
24732,DQMLFMDYH,0.0
24733,KANDMMENG,0.0
24734,QKNSFQSE,0.0
24735,NERQNCNC,0.0
24736,DGYFDGMLS,0.0
24737,KASLSHDYQ,0.0
24738,IRAIINRTMA,0.0
24739,PRQDSRPTLN,0.0
24740,MHQNK,0.0
24741,SIDIS,0.0
24742,FRKLCA,0.0
24743,VAEKI,0.0
24744,PDICECHM,0.0
24745,WLRDRLFQ,0.0
24746,VSRVDARPQ,0.0
24747,HEGRCIHRTG,0.0
24748,TRFNVSKT,0.0
24749,EGCVCCRTV,0.0
24750,QQEEEQVL,0.0
24751,QQIHETL,0.0
24752,CQGKS,0.0
24753,RRACPRMSHL,0.0
24754,NLGESS,0.0
24755,DVLVEMLN,0.0
24756,GLDWMISRHE,0.0
24757,RSYDSDTLM,0.0
24758,RIGFVHSGEE,0.0
24759,WDEIWVMAS,0.0
24760,APTIST,0.0
24761,EMTAA,0.0
24762,GRILMSV,0.0
24763,FAHGEH,0.0
24764,DKSWDVQ,0.0
24765,ADNHNDKYQS,0.0
24766,KVYGNWKKK,0.0
24767,SWGYTNLTS,0.0
24768,KACAN,0.0
24769,TIVFKGVG,0.0
24770,SKPMTFAHR,0.0
24771,PWTTDKDHT,0.0
24772,CTAWTTA,0.0
24773,PMPRVE,0.0
24774,NMLGMVPQ,0.0
24775,VSRLCMAVKR,0.0
24776,RSICWRITD,0.0
24777,AKLTRHSWR,0.0
24778,TNRQSAEQIW,0.0
24779,PQQNAA,0.0
24780,IDDFNSCCS,0.0
24781,MTLDKN,0.0
24782,FQQEKTQP,0.0
24783,ISEHG,0.0
24784,PDIEGGKYN,0.0
24785,DDKLTQDR,0.0
24786,DKTADCTM,0.0
24787,TTLENAIKCG,0.0
24788,GDSDSSTYY,0.0
24789,HGAQL,0.0
24790,SCSMDSGKIR,0.0
24791,SVGCENCC,0.0
24792,NIIKEMDDIQ,0.0
24793,NSGAPYDQG,0.0
24794,KRGDKETES,0.0
24795,GNRPCI,0.0
24796,HEFQKDDHHE,0.0
24797,MDCKAEK,0.0
24798,IMDDKLAGP,0.0
24799,SMKGS,0.0
24800,VKSCRTHM,0.0
24801,RMRPVIEELE,0.0
24802,LWSQMESE,0.0
24803,NLNTRDMVAS,0.0
24804,FGEMYETN,0.0
24805,YREDEFTM,0.0
24806,LGKHNK,0.0
24807,LQCGG,0.0
24808,VCKQA,0.0
24809,ETWREIMPIE,0.0
24810,MIHPGIVRNE,0.0
24811,MPSHGPLD,0.0
24812,HKSYESGD,0.0
24813,QKVDCGTK,0.0
24814,IMEVPEVE,0.0
24815,RVNVYTLQ,0.0
24816,SYGKLFGRR,0.0
24817,SGVNYNRDQ,0.0
24818,MGWYSGLQG,0.0
24819,TRMDHPDIGE,0.0
24820,MGWGTDRN,0.0
24821,ENRYIDGWPS,0.0
24822,NIPAP,0.0
24823,QARRNW,0.0
24824,GPQHVDVG,0.0
24825,SDRSGAK,0.0
24826,PMGRDERS,0.0
24827,NMVTDL,0.0
24828,YLHSAAEIQP,0.0
24829,DHRLR,0.0
24830,NCLLK,0.0
24831,VCLNIKPIR,0.0
24832,KRFKH,0.0
24833,DNAILVYNIS,0.0
24834,DHKGDWGIGI,0.0
24835,KWKRNIRNT,0.0
24836,PCTVRNA,0.0
24837,IEMAKSKC,0.0
24838,SATGR,0.0
24839,KHTMCIRRVM,0.0
24840,QVEYQ,0.0
24841,NNRNSFERI,0.0
24842,NPPLKERR,0.0
24843,LRSCHCAQCR,0.0
24844,MTQKAG,0.0
24845,QMDCDQW,0.0
24846,AIIGGSYED,0.0
24847,KDLFNREENF,0.0
24848,LCDAMRC,0.0
24849,SVMQATVNE,0.0
24850,PDFDT,0.0
24851,KCQLDAMHA,0.0
24852,SRFCQASTI,0.0
24853,EKTNMQVM,0.0
24854,NIKCST,0.0
24855,DTEVSPEPP,0.0
24856,KYERCRST,0.0
24857,EEHMQLTKRE,0.0
24858,PNISDPS,0.0
24859,VHKNKSH,0.0
24860,VARRMV,0.0
24861,TVANA,0.0
24862,RYKANNK,0.0
24863,LGCKDHDK,0.0
24864,INMNQ,0.0
24865,VWIKKA,0.0
24866,IRQVN,0.0
24867,DLDKEILHQ,0.0
24868,NRRQDGH,0.0
24869,RGVQDDL,0.0
24870,QISPPPRRF,0.0
24871,SNKEEQ,0.0
24872,WTDEPGNV,0.0
24873,WEECL,0.0
24874,CSTDINQT,0.0
24875,EEHNCHYLFD,0.0
24876,WDALCEDCY,0.0
24877,LTDFRNDQI,0.0
24878,INIRVR,0.0
24879,VKRMKH,0.0
24880,DFYQRSMRI,0.0
24881,DFHIEWGF,0.0
24882,ESTFWDKIK,0.0
24883,VDHIGQTFE,0.0
24884,NDHPA,0.0
24885,DWLEGNK,0.0
24886,WNAGEHDE,0.0
24887,NRKPY,0.0
24888,DFQSN,0.0
24889,EHCTRSL,0.0
24890,VEADNNVKEW,0.0
24891,IQNCKRLQ,0.0
24892,LMSMPREM,0.0
24893,QWNSTMQD,0.0
24894,GRQCPTR,0.0
24895,CEYCEP,0.0
24896,AIQHLEIM,0.0
24897,PNGNVLMAC,0.0
24898,SEDSLSPMS,0.0
24899,QCVNMD,0.0
24900,LLDRFDNDQS,0.0
24901,MEVPCCCDDQ,0.0
24902,CRSNMAP,0.0
24903,GWEVINLIG,0.0
24904,QRPIQ,0.0
24905,RPNCDSE,0.0
24906,FVRHTCTC,0.0
24907,GAMVNEQMS,0.0
24908,VIIRQIM,0.0
24909,VHYIPQDP,0.0
24910,LNTHPRCAV,0.0
24911,NRRIDAAGFS,0.0
24912,MTVPGNPA,0.0
24913,GLQMTQE,0.0
24914,NNRGKVHE,0.0
24915,PDRCEDWQ,0.0
24916,EQPSGHI,0.0
24917,DDPLLLC,0.0
24918,KACLRM,0.0
24919,AEPRKGYVEM,0.0
24920,ERNGSSM,0.0
24921,AGRRKFM,0.0
24922,KQAWNQ,0.0
24923,GSHTGP,0.0
24924,QAAGFAEMNQ,0.0
24925,QLRTHDFD,0.0
24926,PPPDL,0.0
24927,SMMEVPRM,0.0
24928,RLDMNHP,0.0
24929,CNDNGYASL,0.0
24930,KIVAYQGSM,0.0
24931,NWQTLIGDG,0.0
24932,RYEEHIVIA,0.0
24933,QKPQIYRQSA,0.0
24934,SAIRNV,0.0
24935,AGRYM,0.0
24936,NMQFNRTWL,0.0
24937,HGDCKGMEK,0.0
24938,AYPEVQ,0.0
24939,RMLLM,0.0
24940,TLKSTEIV,0.0
24941,TVTLPQLE,0.0
24942,DTKMFHITR,0.0
24943,RIQLNFSAS,0.0
24944,KWGATHKVQQ,0.0
24945,SLINE,0.0
24946,DDTDP,0.0
24947,KGGGQCVHEM,0.0
24948,PMTEQDP,0.0
24949,PEFPDVNDP,0.0
24950,NRPVQTHI,0.0
24951,DENCFIIANS,0.0
24952,WAKGTMCD,0.0
24953,IDIAPV,0.0
24954,DNQLVEII,0.0
24955,MTPNKG,0.0
24956,RGRVPDDP,0.0
24957,YLQHAQKTE,0.0
24958,HDYENMH,0.0
24959,EARMAPLY,0.0
24960,RYQMKNGC,0.0
24961,DIRMPNL,0.0
24962,ANWVQNQNTP,0.0
24963,AGCTKH,0.0
24964,NFQVGSVR,0.0
24965,GIPMGAVK,0.0
24966,EEDRR,0.0
24967,WHGMCCSMM,0.0
24968,TRRPA,0.0
24969,LRYAQRRWR,0.0
24970,RFNMTVTPCA,0.0
24971,KTKSMYKHV,0.0
24972,PGLAGQPQPC,0.0
24973,LMQER,0.0
24974,PWDEV,0.0
24975,GQYCEKR,0.0
24976,PNNTVTT,0.0
24977,NIALGVTVGP,0.0
24978,MGPINITN,0.0
24979,RGSKRCLRL,0.0
24980,GQDDYI,0.0
24981,LMAVEAMLQ,0.0
24982,LWEDIVMDF,0.0
24983,FTIRKDNC,0.0
24984,DLMLDDERNW,0.0
24985,DDHCKRVL,0.0
24986,QSKRWLKR,0.0
24987,LNELLHG,0.0
24988,CELWAQLCNC,0.0
24989,CGKRSLGWKT,0.0
24990,ARFAYRWFNQ,0.0
24991,MASHKNQVL,0.0
24992,NGRIPR,0.0
24993,VCKQTV,0.0
24994,WQIECDAG,0.0
24995,DILETVNPRE,0.0
24996,KDMEGCR,0.0
24997,DVNHLCMSY,0.0
24998,IMRRPRYC,0.0
24999,MEIPPQWSVD,0.0
25000,CSAMSVSKTA,0.0
25001,EIDPA,0.0
25002,EIDWDLRN,0.0
25003,QGLFCWNLN,0.0
25004,PFDSCDLLA,0.0
25005,EDCFP,0.0
25006,DFKGDEW,0.0
25007,DINYFGEMDQ,0.0
25008,ECKAETDIH,0.0
25009,QLAMRMGV,0.0
25010,DQRLTTML,0.0
25011,TALVGLYAK,0.0
25012,PFALITNGM,0.0
25013,GGRDKESGQ,0.0
25014,AECGT,0.0
25015,SCNCMTGD,0.0
25016,CPFSRLGSS,0.0
25017,GCIHHGED,0.0
25018,NLSQELECGL,0.0
25019,NNRKETE,0.0
25020,NRCKTSGL,0.0
25021,KNQIENC,0.0
25022,PCQTTSA,0.0
25023,ENVLPKVIG,0.0
25024,CSGRHGQH,0.0
25025,MLAIR,0.0
25026,NHCCVHETV,0.0
25027,TWAESAD,0.0
25028,TDKVRLR,0.0
25029,DQQMFMQRVC,0.0
25030,PEGEKNWSSE,0.0
25031,QCSIGKM,0.0
25032,SDESN,0.0
25033,IQMDCCDIEV,0.0
25034,ESLMEVI,0.0
25035,YEGQR,0.0
25036,SDMCLKR,0.0
25037,QINVTKYQ,0.0
25038,AQHCDPSPN,0.0
25039,APDVCCQY,0.0
25040,TDTIWAQNV,0.0
25041,SQKGKA,0.0
25042,FLACNEEPL,0.0
25043,TLNAQ,0.0
25044,RCVPMYQTQG,0.0
25045,DIGCCVVV,0.0
25046,HTDDG,0.0
25047,NFDKDRL,0.0
25048,FSTRSPRI,0.0
25049,GQCFAEIRM,0.0
25050,MNDKRS,0.0
25051,TVINNL,0.0
25052,QISQMMGAC,0.0
25053,DGIPNGT,0.0
25054,LCHQEQ,0.0
25055,GLMKRLQ,0.0
25056,NGACKRCNF,0.0
25057,KRRCD,0.0
25058,ECGNVTC,0.0
25059,HEGFFHAEE,0.0
25060,ECRMVFSIR,0.0
25061,DEKGQ,0.0
25062,EHLCEEDFM,0.0
25063,FVKCNR,0.0
25064,QMRCENWP,0.0
25065,QFFSQLRKCQ,0.0
25066,EKAAK,0.0
25067,MKRETL,0.0
25068,SDACM,0.0
25069,VPHELA,0.0
25070,GAGPQFRYR,0.0
25071,ARMEID,0.0
25072,PVEQNWE,0.0
25073,ENAEFRVKM,0.0
25074,CDHHGGRT,0.0
25075,GEHFEHFAY,0.0
25076,PCNRMM,0.0
25077,DKNEEQ,0.0
25078,YKKPFRIKG,0.0
25079,RFNEQLCENG,0.0
25080,VQVCRKVR,0.0
25081,LGFEE,0.0
25082,QVVCVDDV,0.0
25083,PQVAEARRDK,0.0
25084,GQFKQDNRMS,0.0
25085,NKIDRYLTIK,0.0
25086,QGMQCPNVIK,0.0
25087,RRPNTDCETA,0.0
25088,NGMRNM,0.0
25089,QMILSP,0.0
25090,ICKQKEMP,0.0
25091,QCSHASSR,0.0
25092,YHRDIKDK,0.0
25093,KVSVRP,0.0
25094,RMSTTMKH,0.0
25095,EQHCQLQSG,0.0
25096,TRHNWMR,0.0
25097,HQTEIE,0.0
25098,RTNCNGCVL,0.0
25099,HNAYDHRID,0.0
25100,RQQYK,0.0
25101,TCQITK,0.0
25102,TPTDGATMAM,0.0
25103,GMVGM,0.0
25104,DMGRFN,0.0
25105,DWHMVKGPE,0.0
25106,VSPLLQ,0.0
25107,KYQEAINH,0.0
25108,LFDCQGV,0.0
25109,KQQKLCTSYR,0.0
25110,IACRP,0.0
25111,SKDVTG,0.0
25112,RRNLDP,0.0
25113,CSELPENGEE,0.0
25114,CEKLKDTND,0.0
25115,RSNVK,0.0
25116,KEGGLDDNCY,0.0
25117,WKRELNTM,0.0
25118,ERIDREV,0.0
25119,HTDGMTSPC,0.0
25120,LNLQSLS,0.0
25121,GGLLGKQC,0.0
25122,ACLTKCWA,0.0
25123,RKHPAGCLF,0.0
25124,TKNMQWETN,0.0
25125,WSLTMVMRG,0.0
25126,HQMAR,0.0
25127,SEIQEKEF,0.0
25128,VQLKEPIH,0.0
25129,WGGETD,0.0
25130,ARDVTFDDCR,0.0
25131,EHTHTETP,0.0
25132,IGFDPLTT,0.0
25133,MRRKCE,0.0
25134,HREHTDLR,0.0
25135,NACGGLSDS,0.0
25136,QDFRNKVAN,0.0
25137,EGNLI,0.0
25138,SDGQV,0.0
25139,DPHVGFYCRN,0.0
25140,QENTGANRMR,0.0
25141,LFNTGFDD,0.0
25142,NSVTICC,0.0
25143,AVQYQTVER,0.0
25144,VRSGN,0.0
25145,KKSWESVA,0.0
25146,FEQTCDPVPP,0.0
25147,EECWER,0.0
25148,EGLANWWDWD,0.0
25149,AMQQTMTVF,0.0
25150,KNVCL,0.0
25151,HLSYECGDM,0.0
25152,GTNDNW,0.0
25153,KHTCNASSA,0.0
25154,AGTNFK,0.0
25155,MSSENKWPNG,0.0
25156,DDRWFSNNQ,0.0
25157,QPGRAAYL,0.0
25158,GSDSF,0.0
25159,CMYVMDEDK,0.0
25160,NYCMSE,0.0
25161,ADMVEYGMMD,0.0
25162,PNWYEEITQE,0.0
25163,QCGDHTRV,0.0
25164,MIATGHEME,0.0
25165,GDPYSEAKE,0.0
25166,MVEEMIL,0.0
25167,DPPQIASS,0.0
25168,RSNAVVFE,0.0
25169,AKVRID,0.0
25170,TSRHSPNTAM,0.0
25171,GIKVMCA,0.0
25172,HWRLQDACRQ,0.0
25173,QRVGNQDG,0.0
25174,TINCK,0.0
25175,CFRKCMI,0.0
25176,KYAKPM,0.0
25177,FEENFYAHHD,0.0
25178,AHDVQE,0.0
25179,SRHRQE,0.0
25180,FHDEAH,0.0
25181,YWQAEKAYQE,0.0
25182,QKAEE,0.0
25183,REERNYNPSS,0.0
25184,CALDIWGGLA,0.0
25185,RFCRVSKWP,0.0
25186,NDCDYG,0.0
25187,GVIRHET,0.0
25188,AGTEVS,0.0
25189,LHDCSLYAN,0.0
25190,SMLGRQRYY,0.0
25191,IERDIRHGA,0.0
25192,HNKKS,0.0
25193,GGHQKIE,0.0
25194,KRQSY,0.0
25195,LDPCPSCAQ,0.0
25196,KLPKMM,0.0
25197,QTPAERPW,0.0
25198,EAWSD,0.0
25199,NEVMPQL,0.0
25200,NENMR,0.0
25201,CCDNNELL,0.0
25202,FSCNHGID,0.0
25203,KRKCKS,0.0
25204,NGRLI,0.0
25205,PADVQSANFR,0.0
25206,ECMNYGPNVC,0.0
25207,YGVRDEL,0.0
25208,TMERADNSSD,0.0
25209,GLMANDRS,0.0
25210,AATMTEG,0.0
25211,EMRKDSH,0.0
25212,LCSTDIE,0.0
25213,FEQHRVIDEA,0.0
25214,LDSLLEVQ,0.0
25215,ITTEQKFP,0.0
25216,PAFQQPTK,0.0
25217,SNELCRK,0.0
25218,ENEYGK,0.0
25219,DVHCEFGWV,0.0
25220,MSDRP,0.0
25221,NKRNL,0.0
25222,CWEEIPHP,0.0
25223,ELLCQR,0.0
25224,RLIAPQVVQA,0.0
25225,NENLPTD,0.0
25226,QVEARGMK,0.0
25227,WMAHNEPSE,0.0
25228,NMTYEFNN,0.0
25229,KKNDWGCRV,0.0
25230,EDKYING,0.0
25231,SSTCKA,0.0
25232,VDMIN,0.0
25233,GPNMNHKLA,0.0
25234,QSVDQDIYSA,0.0
25235,AQTGN,0.0
25236,IDEGFN,0.0
25237,PQMQSLDC,0.0
25238,PPADYQ,0.0
25239,EMPVS,0.0
25240,RTTTNDL,0.0
25241,NQYIVTRMNE,0.0
25242,LIRDTDQMDL,0.0
25243,GKEGLCA,0.0
25244,VNPDREE,0.0
25245,HELFPFQ,0.0
25246,TKEEANAAR,0.0
25247,NPEFDINH,0.0
25248,KNMNRE,0.0
25249,AGMEK,0.0
25250,QRLNDD,0.0
25251,HEHGFCDR,0.0
25252,YPCSLQEE,0.0
25253,STERERG,0.0
25254,CRRYHASDKE,0.0
25255,AGDWMGSSAP,0.0
25256,CTKDTI,0.0
25257,AQVCGEDT,0.0
25258,ESMSEK,0.0
25259,NAEKITVNSH,0.0
25260,VQQHK,0.0
25261,CGELQTQGNA,0.0
25262,CACDVQ,0.0
25263,EEDESKPC,0.0
25264,TNKSGPLPG,0.0
25265,AFVANRIESS,0.0
25266,MDHPDLEKQG,0.0
25267,PTIQDFKLQG,0.0
25268,GTKACMGFN,0.0
25269,AMWQLIECT,0.0
25270,DLCKSPEPR,0.0
25271,NKRIT,0.0
25272,FQGEPGPS,0.0
25273,PIQVPNDCMM,0.0
25274,LVLKSRASCC,0.0
25275,QENYFN,0.0
25276,TIEHMDN,0.0
25277,AGGFKD,0.0
25278,VQQSREKVID,0.0
25279,NRQHQ,0.0
25280,QNWDCVGM,0.0
25281,EKCIVNMMQ,0.0
25282,GQLMR,0.0
25283,CTHSQGETS,0.0
25284,FTTPTENM,0.0
25285,KMDHDDD,0.0
25286,GKAVNADQL,0.0
25287,MKTGIDE,0.0
25288,PYAEE,0.0
25289,CNLQCKR,0.0
25290,AKFLQREG,0.0
25291,AKFVWLSQN,0.0
25292,HREKEVV,0.0
25293,TWWEEDE,0.0
25294,RCGQAFKWHK,0.0
25295,AYMKVR,0.0
25296,QDWKSGGEV,0.0
25297,HAVSEQDCEG,0.0
25298,NRNCHYRLSQ,0.0
25299,RKNCDRVASA,0.0
25300,TGMAA,0.0
25301,VEDLDQD,0.0
25302,FLEEGGAMKE,0.0
25303,WEWCAVDG,0.0
25304,NQAVIMLL,0.0
25305,MHERKNVMSP,0.0
25306,LRQNWPCN,0.0
25307,AVSQYAQAAK,0.0
25308,GCEDMTM,0.0
25309,IPELK,0.0
25310,TCSSKATY,0.0
25311,GEHKPVT,0.0
25312,ADLYENVTLN,0.0
25313,WICLEDEA,0.0
25314,ENCKKPLQ,0.0
25315,RCWMRIATT,0.0
25316,RRGWI,0.0
25317,MNKTC,0.0
25318,AIPAP,0.0
25319,LNFCCRMLD,0.0
25320,ARLGIIV,0.0
25321,EEVNESEMDG,0.0
25322,MTKDD,0.0
25323,MTHEGEF,0.0
25324,QGCAI,0.0
25325,INNGQHQ,0.0
25326,TEWVRRDNVQ,0.0
25327,LHQELEACT,0.0
25328,AQQYQLVI,0.0
25329,FTLLSPRDL,0.0
25330,KTSYRSKD,0.0
25331,WDIVDHD,0.0
25332,GVCRGRT,0.0
25333,GADHE,0.0
25334,AHPKQI,0.0
25335,SGVTMIKATI,0.0
25336,AIMCD,0.0
25337,HCHGRYQPG,0.0
25338,HFRQMKEHEA,0.0
25339,QNSTVM,0.0
25340,KHNQYQKLQE,0.0
25341,TRPARAYRNI,0.0
25342,ERGRHRSP,0.0
25343,RTKCEASVKE,0.0
25344,ECAVLH,0.0
25345,TLGDVQD,0.0
25346,RGKVMPTNL,0.0
25347,VHENWEERAQ,0.0
25348,RGIHISRK,0.0
25349,WRGASLQ,0.0
25350,MKANK,0.0
25351,EVNRL,0.0
25352,AATQVTWPAE,0.0
25353,FLEPSYKRE,0.0
25354,FGKFKQPRMI,0.0
25355,DEADDFNIYI,0.0
25356,DEWHAFFGY,0.0
25357,RPEDLSKGRC,0.0
25358,SYRKWR,0.0
25359,EDNHGGQVER,0.0
25360,FPENVSLL,0.0
25361,FDGNNNF,0.0
25362,TDSERLQW,0.0
25363,GPGDDQYD,0.0
25364,APPHRKDQ,0.0
25365,NCMDEDLVMA,0.0
25366,VGRKNRQNRY,0.0
25367,CKNGMTS,0.0
25368,NHSCQEMWG,0.0
25369,STDHGYEL,0.0
25370,QNRCYDDHDH,0.0
25371,DIKATRLPS,0.0
25372,EIKNLGRDS,0.0
25373,KCKSSWGPKF,0.0
25374,ASLDHL,0.0
25375,VTTSCKHKE,0.0
25376,AAMRKPHLA,0.0
25377,PTNHEWETCQ,0.0
25378,QRHISKNY,0.0
25379,CNVTADFGG,0.0
25380,RDLHSTQE,0.0
25381,DHAGMTNEL,0.0
25382,WHGVEPSTG,0.0
25383,NRHDKTH,0.0
25384,QGWIGNSV,0.0
25385,MPSDI,0.0
25386,QGMRSP,0.0
25387,CGRGTGTQND,0.0
25388,NDSCN,0.0
25389,TVSRTD,0.0
25390,EEVAWE,0.0
25391,SSDDTWD,0.0
25392,GPAKDGLLGI,0.0
25393,EFLQCDSCQ,0.0
25394,INNGGVPS,0.0
25395,DEHVNE,0.0
25396,NLPPSCAI,0.0
25397,CWNCDDC,0.0
25398,NKMLLSVLNT,0.0
25399,CLPVET,0.0
25400,FGVESE,0.0
25401,MTEWDCAA,0.0
25402,EDFNEC,0.0
25403,TELKMGLGKC,0.0
25404,MKNFGGCWN,0.0
25405,TKQQDESN,0.0
25406,EHTNGHPN,0.0
25407,TALKA,0.0
25408,QEENEY,0.0
25409,QFQMNTP,0.0
25410,CEYDMHQWI,0.0
25411,SATGCHE,0.0
25412,ILQDRNAH,0.0
25413,TGDSGDVRGA,0.0
25414,CVSRYQAQY,0.0
25415,ECPCNTGVPP,0.0
25416,AIDAVG,0.0
25417,GSEQQGFE,0.0
25418,PFEKGDK,0.0
25419,DLRCGRAEEP,0.0
25420,QCPYCDDENQ,0.0
25421,KCIAC,0.0
25422,VCYAEQN,0.0
25423,RHNQVARL,0.0
25424,ERHSQDMSYN,0.0
25425,LLIQRGL,0.0
25426,MDMHCME,0.0
25427,VRDRK,0.0
25428,WCVGSQNNEE,0.0
25429,SVGGEI,0.0
25430,MRDKCSTRSS,0.0
25431,VIQALD,0.0
25432,CGQKTDMCP,0.0
25433,KIIPCRLT,0.0
25434,ALIEKNE,0.0
25435,DGSKHLR,0.0
25436,EKRYR,0.0
25437,GCLGKIPDCA,0.0
25438,LNARY,0.0
25439,YVIARTS,0.0
25440,EAKGLCM,0.0
25441,WPGDEVK,0.0
25442,GRPDTNK,0.0
25443,EKEPCG,0.0
25444,VAANMMT,0.0
25445,HKCFKKQV,0.0
25446,MNEYSCLLE,0.0
25447,DNQLDSQL,0.0
25448,TMTDQRHPA,0.0
25449,LQCLR,0.0
25450,KVVRFKL,0.0
25451,SSLGTEIQY,0.0
25452,AFFHDGSS,0.0
25453,VQGLLDEDYS,0.0
25454,EGMDDPV,0.0
25455,DPNDRCATI,0.0
25456,RRRKFFIH,0.0
25457,GECSCSNK,0.0
25458,STGLKPK,0.0
25459,ISDII,0.0
25460,DSVNN,0.0
25461,GRNGFKD,0.0
25462,FTESDPV,0.0
25463,DMDGSLV,0.0
25464,MAETDM,0.0
25465,KDMGGD,0.0
25466,HRQMCRGW,0.0
25467,EAHEAE,0.0
25468,NTQKLVP,0.0
25469,DNPEVDQNM,0.0
25470,GDGAR,0.0
25471,FVMSQQG,0.0
25472,QTTKN,0.0
25473,ICGLNRKKC,0.0
25474,LVEPDQ,0.0
25475,VYPRCRR,0.0
25476,KPRKM,0.0
25477,SPGIRN,0.0
25478,AAANMP,0.0
25479,EQSLFPPD,0.0
25480,FQGEQEHM,0.0
25481,NPNYCDAHV,0.0
25482,TDMEKVNI,0.0
25483,QTGSVSTECG,0.0
25484,NQQFQE,0.0
25485,ELMDDTCG,0.0
25486,LETDWA,0.0
25487,HQNMLQ,0.0
25488,QTRPDVL,0.0
25489,FMANGGGL,0.0
25490,QVTTVEWECI,0.0
25491,HACGD,0.0
25492,FALRG,0.0
25493,GTEQLCT,0.0
25494,NFQSDGSGT,0.0
25495,VVQQMVCENE,0.0
25496,DSDGWR,0.0
25497,DMFFHEG,0.0
25498,WHKGENDD,0.0
25499,EHCCGGKM,0.0
25500,RINKGMACS,0.0
25501,GYWAIPDND,0.0
25502,GNRRHNDNY,0.0
25503,SEDDYK,0.0
25504,GFNREQSD,0.0
25505,TWKREVAE,0.0
25506,MHSNFDFD,0.0
25507,TIGAN,0.0
25508,AGDQLD,0.0
25509,QRMLVPNWNK,0.0
25510,HNHITRRI,0.0
25511,KQVNIGP,0.0
25512,NILNQREIK,0.0
25513,RTMAN,0.0
25514,ANVDDW,0.0
25515,VESTSA,0.0
25516,FNHKPIQTQ,0.0
25517,TRKNCSC,0.0
25518,RFEKCAMVQ,0.0
25519,MTPGG,0.0
25520,VMAPRP,0.0
25521,PFSLED,0.0
25522,IHAKMKDRE,0.0
25523,CTDQQQP,0.0
25524,MECRKQL,0.0
25525,ETQGDQK,0.0
25526,EVEWDAEW,0.0
25527,HLMDHE,0.0
25528,IVEQVMC,0.0
25529,KIAGLGILGV,0.0
25530,WIDIVIREET,0.0
25531,PDVKINVC,0.0
25532,QIEPATQMLN,0.0
25533,SMVLQEEDRR,0.0
25534,PANMSIQPEE,0.0
25535,VRRGLIAQIE,0.0
25536,LDVDTKK,0.0
25537,NTQHQ,0.0
25538,GCYQHLAIID,0.0
25539,FTVEWLIE,0.0
25540,EIRQQQVYTP,0.0
25541,NGCWPTVAK,0.0
25542,DIQQDHK,0.0
25543,SSDRTG,0.0
25544,QPDCPLY,0.0
25545,EDGWGIT,0.0
25546,FEVHRVMQ,0.0
25547,ECGRFSVQK,0.0
25548,VKMCRKE,0.0
25549,NLDLNCQN,0.0
25550,VTRMYANLQ,0.0
25551,KKRTAH,0.0
25552,ATMKDYLSEG,0.0
25553,AKRYK,0.0
25554,EIWTTRQDPR,0.0
25555,PNICTPK,0.0
25556,GYTCTVDVD,0.0
25557,RMHNTMRAET,0.0
25558,QANIKIPG,0.0
25559,GHMKQ,0.0
25560,AMRVHVRDV,0.0
25561,DQDVRRHNMV,0.0
25562,RGLTHNM,0.0
25563,GDQSCIK,0.0
25564,FREEPLEC,0.0
25565,IHTTFDE,0.0
25566,KLKEKRGMF,0.0
25567,NRNNMRSVR,0.0
25568,FQACTCNTCD,0.0
25569,PRMRLSNK,0.0
25570,CCRTNE,0.0
25571,HEIQN,0.0
25572,PIQDD,0.0
25573,VVRGNEPTL,0.0
25574,ALAKLGIFA,0.0
25575,GMDIDTSLWP,0.0
25576,SYHLDEERM,0.0
25577,CIKMSER,0.0
25578,VCCESTP,0.0
25579,CNNHNPIM,0.0
25580,ERIDCV,0.0
25581,AVADPNLEFA,0.0
25582,SKRKID,0.0
25583,GEDYQQC,0.0
25584,TQPIR,0.0
25585,NLPENV,0.0
25586,FDVSDGGHQE,0.0
25587,RTENRKE,0.0
25588,CKPKQ,0.0
25589,SIEEC,0.0
25590,QEGAWP,0.0
25591,RQMEQKA,0.0
25592,QATNE,0.0
25593,HGTNQVQDLH,0.0
25594,QNHMLQPI,0.0
25595,VNTTPKD,0.0
25596,QSTQLKWRHQ,0.0
25597,THNLNRIV,0.0
25598,CDCNGK,0.0
25599,DRYFTWERDQ,0.0
25600,QLYDPRRFH,0.0
25601,AITGDYTKHD,0.0
25602,TNEAE,0.0
25603,STWKHDQLS,0.0
25604,PLLGELC,0.0
25605,WIKRRFFR,0.0
25606,QEGWECMTLG,0.0
25607,DLGAWAD,0.0
25608,ESRQEWPG,0.0
25609,QKGFELK,0.0
25610,KKVNWDLLT,0.0
25611,SAFDSKLLH,0.0
25612,KQRLQQHDH,0.0
25613,GAPHSKVLDN,0.0
25614,QVGIHGGGMQ,0.0
25615,VLAQCP,0.0
25616,NAKVSVCIMP,0.0
25617,SNHESD,0.0
25618,GRMDLDSKH,0.0
25619,CVKNSWQDRA,0.0
25620,QEHGLE,0.0
25621,MKGIV,0.0
25622,MDCKRPINT,0.0
25623,SPCKSKRT,0.0
25624,DEKRDHTRNP,0.0
25625,MCEGPEY,0.0
25626,ECVWSMVRGD,0.0
25627,DTQSTQCSIH,0.0
25628,LHIACASASK,0.0
25629,SDSWGLPMS,0.0
25630,EDINQ,0.0
25631,ICGCIMMDT,0.0
25632,QNAQR,0.0
25633,NRTIILSYD,0.0
25634,NSMDITG,0.0
25635,NEINEENFG,0.0
25636,DEVVFGCQHS,0.0
25637,GHDQHEPFVC,0.0
25638,IEEHPYVLC,0.0
25639,YSDCMTIK,0.0
25640,ECVVNESVTC,0.0
25641,VIGLPPPC,0.0
25642,NEKPILRQD,0.0
25643,WDNDDEWS,0.0
25644,SGFLNAE,0.0
25645,GPKALCHNQM,0.0
25646,IETEVP,0.0
25647,GMTCVDPTN,0.0
25648,CSDKCTRC,0.0
25649,ETGAGM,0.0
25650,DDCTHQQESQ,0.0
25651,PWGCQEDS,0.0
25652,GKEHMR,0.0
25653,VHNTDEETH,0.0
25654,SYQILGRQ,0.0
25655,PGVEVYVVD,0.0
25656,KSCSMTTCTV,0.0
25657,SVPNDK,0.0
25658,MAWTEGGCVQ,0.0
25659,ILPIDNMIEN,0.0
25660,MGIGGN,0.0
25661,MPGTLLIC,0.0
25662,CKKQIH,0.0
25663,ATVCQ,0.0
25664,LSADEISKPM,0.0
25665,VQDERIQ,0.0
25666,TTASSG,0.0
25667,WAAHIDCRP,0.0
25668,KCEMYHEKRR,0.0
25669,CQCWDPRVG,0.0
25670,ITAEKGWEQA,0.0
25671,KPGDQSLLC,0.0
25672,PKREA,0.0
25673,NIAVPGRYK,0.0
25674,QKTIDGRAQL,0.0
25675,SYNGNDQMRD,0.0
25676,FTLPGPEN,0.0
25677,DLHSFTPSPT,0.0
25678,KQIWNQKQNA,0.0
25679,HGQWTTEDAR,0.0
25680,KCEPMVDLDV,0.0
25681,EMFEPCL,0.0
25682,VKVRRLDSR,0.0
25683,IRIQR,0.0
25684,NENCIPLFLG,0.0
25685,EDRKKRTY,0.0
25686,EQHAY,0.0
25687,MFDQG,0.0
25688,RMASPQN,0.0
25689,TCCMGRRL,0.0
25690,SEDIYP,0.0
25691,NKKMIGI,0.0
25692,VATQTFQ,0.0
25693,THTMTSNA,0.0
25694,AFPRQGMM,0.0
25695,PCLRADSC,0.0
25696,NEMGNLEGYW,0.0
25697,GHVVHLATG,0.0
25698,MSMHRTQ,0.0
25699,PRDHFMRQA,0.0
25700,EHANPGGDTS,0.0
25701,CQKCKHSRC,0.0
25702,TDYNRKKN,0.0
25703,HNDVL,0.0
25704,AVHGDI,0.0
25705,MVAQDM,0.0
25706,SRTPI,0.0
25707,DTEMA,0.0
25708,PEWGVEMSD,0.0
25709,CTEVEKQS,0.0
25710,IDDFN,0.0
25711,QIKNSAKLPM,0.0
25712,CLPNPIPG,0.0
25713,CEGQLVKF,0.0
25714,NVFGYTLRRN,0.0
25715,MWGDQVDDRT,0.0
25716,RKQKIKGYR,0.0
25717,VKMAS,0.0
25718,RINGGPDV,0.0
25719,PVENITM,0.0
25720,CEIFHHNQ,0.0
25721,PPMAEAEY,0.0
25722,MPNCESCQRI,0.0
25723,IDKVNQVLV,0.0
25724,LECINGDQP,0.0
25725,TVTRDCVE,0.0
25726,WKCKVGQ,0.0
25727,VDDIFEYEC,0.0
25728,TWQKKGNH,0.0
25729,MMQQG,0.0
25730,KQRNYPLLT,0.0
25731,GHVDIPVPSL,0.0
25732,AQKNDHH,0.0
25733,DSMVV,0.0
25734,NCYEQGATG,0.0
25735,GFADSPIDD,0.0
25736,SEKTR,0.0
25737,QAYTDK,0.0
25738,DNVLRERPNN,0.0
25739,PMSNNWAR,0.0
25740,MALKLIANDN,0.0
25741,HSRPNNMTA,0.0
25742,CMIGGLNNP,0.0
25743,KLIHCREQ,0.0
25744,QFAGRGE,0.0
25745,IPDARVKS,0.0
25746,MSQKG,0.0
25747,NKMMQ,0.0
25748,CELEF,0.0
25749,TEANGL,0.0
25750,HARGGITIGG,0.0
25751,KPNASTGF,0.0
25752,GYNAR,0.0
25753,EGDFHLH,0.0
25754,QQCNKMDSMQ,0.0
25755,GSMLYHAQP,0.0
25756,GDTFMNP,0.0
25757,QLSRNGGER,0.0
25758,ELNDTVNQ,0.0
25759,EMIQLDH,0.0
25760,INENCSSW,0.0
25761,SQALR,0.0
25762,LTCNDRTRH,0.0
25763,SDTNQITD,0.0
25764,LINCTPGG,0.0
25765,AEYAM,0.0
25766,EAEARAVAE,0.0
25767,PFCQNFNGK,0.0
25768,TGKHNVQCW,0.0
25769,NKDKTRNF,0.0
25770,LNIQIKHSN,0.0
25771,DNVLLVNKGA,0.0
25772,RGTHNNS,0.0
25773,SGTGD,0.0
25774,KRIGSLKG,0.0
25775,DNNVLFDM,0.0
25776,ECHTQNAGDE,0.0
25777,WGFQRIGE,0.0
25778,GIMNMKC,0.0
25779,DDHVD,0.0
25780,EVMQIHR,0.0
25781,SCANKPDG,0.0
25782,TGQLKMSLM,0.0
25783,TNDRRTYAQL,0.0
25784,PERVM,0.0
25785,ISDMHNQ,0.0
25786,ICIGEE,0.0
25787,MLNGEL,0.0
25788,MNVIGL,0.0
25789,ENCVPNRE,0.0
25790,CQATLQR,0.0
25791,ASPDEDDPYK,0.0
25792,QQNDWV,0.0
25793,SSFCYIRKV,0.0
25794,IGTQLIR,0.0
25795,DILSQIPN,0.0
25796,MQTRDKP,0.0
25797,NCQGRHNED,0.0
25798,EMTSHLHIQ,0.0
25799,EYDGY,0.0
25800,DTPSG,0.0
25801,MNRNYRKFL,0.0
25802,HDEVF,0.0
25803,MSMEPKTD,0.0
25804,WDIATSDELA,0.0
25805,CIIMCR,0.0
25806,CIIEKQHNGA,0.0
25807,PGMKLKP,0.0
25808,VIQLWATMKQ,0.0
25809,GDLQHTT,0.0
25810,DQYANFEWC,0.0
25811,QTVQPFDP,0.0
25812,WGRFIVRARP,0.0
25813,VSAINDLLGM,0.0
25814,ILDQK,0.0
25815,RILKEERT,0.0
25816,GMTNFENE,0.0
25817,NEVTICN,0.0
25818,VRNAP,0.0
25819,PHDTEGALCL,0.0
25820,VGPSIVCKS,0.0
25821,DTVNHEFSLR,0.0
25822,DIDMMKLG,0.0
25823,TGGGHCK,0.0
25824,LLSMTRNM,0.0
25825,DIVDTL,0.0
25826,GLLKGK,0.0
25827,NVQQPA,0.0
25828,CIQEEL,0.0
25829,CDIHDHRE,0.0
25830,QNFGPQCG,0.0
25831,IIGDVGLK,0.0
25832,SKMEDCPS,0.0
25833,KLALKAPEPS,0.0
25834,GWQHMQLE,0.0
25835,CGIHIAEQIR,0.0
25836,NAYEL,0.0
25837,DLEMGEQIT,0.0
25838,LMITLVSQP,0.0
25839,NDAGCAQ,0.0
25840,FNRVR,0.0
25841,EQLER,0.0
25842,QECNID,0.0
25843,ECLAQQKQND,0.0
25844,RGMSDIVC,0.0
25845,MSWEEDFEV,0.0
25846,LKGKKT,0.0
25847,WGQIKRTSRK,0.0
25848,DCKMC,0.0
25849,ISCRKKPV,0.0
25850,AMCDNATPLC,0.0
25851,CNAGFGLRQV,0.0
25852,LHAVKLQHA,0.0
25853,YKSNR,0.0
25854,EAQQLGHSHG,0.0
25855,DTHGSVP,0.0
25856,RNNSQVNM,0.0
25857,ENESNN,0.0
25858,DYLDEMFCLD,0.0
25859,DRWFLETNG,0.0
25860,NPRAIIK,0.0
25861,RNEWVQEGQE,0.0
25862,HDTEY,0.0
25863,CTPSRK,0.0
25864,AGMEKIYGSD,0.0
25865,MDKGGAMMH,0.0
25866,DSNMTCLRQ,0.0
25867,EMTDN,0.0
25868,ANVKVDNAEH,0.0
25869,ELDVEPP,0.0
25870,TQMLFVSGAM,0.0
25871,KERKERTTWR,0.0
25872,HRNMSLRADE,0.0
25873,PQKGCCV,0.0
25874,TYTTNLNCKM,0.0
25875,MLDNQGLFK,0.0
25876,EKANLE,0.0
25877,DFGISSAC,0.0
25878,PRRGE,0.0
25879,HIVDCEPDTY,0.0
25880,LGGMC,0.0
25881,DTQANMRWQ,0.0
25882,DLANTIGRIE,0.0
25883,KSPIREA,0.0
25884,MNCLQRRYLG,0.0
25885,SQKMC,0.0
25886,NTHKLKPH,0.0
25887,CVEHKGRISN,0.0
25888,ALACAI,0.0
25889,TVESTMCE,0.0
25890,LQDDKHLK,0.0
25891,IQDGNPWPDF,0.0
25892,MPHKRSD,0.0
25893,KISKIL,0.0
25894,PTCGRDDDP,0.0
25895,TCRRKAMNY,0.0
25896,PADVQ,0.0
25897,LKRQI,0.0
25898,EFCAFD,0.0
25899,DCFEQCLH,0.0
25900,SPFTKVN,0.0
25901,WDESS,0.0
25902,GDIQQ,0.0
25903,TKNVM,0.0
25904,EDTIYEQV,0.0
25905,SGHEIE,0.0
25906,GKTGRTFTSL,0.0
25907,QQCHLHKQK,0.0
25908,IGSTMCWGQ,0.0
25909,SKIRVCMP,0.0
25910,NKLISTKHI,0.0
25911,ENALAKKIIL,0.0
25912,TCINFDKND,0.0
25913,TDAQEVECMW,0.0
25914,TNTSKRGV,0.0
25915,IIDDEWHC,0.0
25916,IHASKKIE,0.0
25917,TVHGKQHVDA,0.0
25918,LEPEHF,0.0
25919,VTPRNQGHL,0.0
25920,LTFNAGSN,0.0
25921,PQIQKKFA,0.0
25922,RNKSRRCP,0.0
25923,GLVPEDMC,0.0
25924,SIHDIKQEW,0.0
25925,KKHCGPEM,0.0
25926,PNHGLGTSS,0.0
25927,NKQEWQAC,0.0
25928,KKGAGVFN,0.0
25929,MVREK,0.0
25930,ENFGVQVMSL,0.0
25931,CNGMDHEIR,0.0
25932,WDAANE,0.0
25933,MNAKEDISEA,0.0
25934,KEMAL,0.0
25935,YQQRP,0.0
25936,SQSKMNQMD,0.0
25937,DDLQECLHP,0.0
25938,LIEKIVNKG,0.0
25939,PGTVSA,0.0
25940,RWHCKCKGC,0.0
25941,HQITQTQVNI,0.0
25942,DRPKEA,0.0
25943,NVMQLSSIPL,0.0
25944,CEKCDDAQ,0.0
25945,FTDMEGKSDI,0.0
25946,MDSQDGLGRY,0.0
25947,CSCHNDDCA,0.0
25948,CREPTDER,0.0
25949,QRVLICSD,0.0
25950,CQENRWVG,0.0
25951,KYQEERGNSG,0.0
25952,GNVDHYKST,0.0
25953,DKIPTNLRQT,0.0
25954,QSFNNISE,0.0
25955,QNRCPKLGGP,0.0
25956,TMYMLDIQ,0.0
25957,LHVNLKQ,0.0
25958,ANPNVM,0.0
25959,EMDAAPAIT,0.0
25960,PDKAGGPFL,0.0
25961,NAMAVVCTSE,0.0
25962,NGTNVLVYKC,0.0
25963,VPDYDSR,0.0
25964,IPVPK,0.0
25965,NHDPFA,0.0
25966,CWDQD,0.0
25967,ECKRHADYC,0.0
25968,GDVCIVG,0.0
25969,DGVRIL,0.0
25970,ANAFVDAGAC,0.0
25971,DNIQFEDGKM,0.0
25972,LKADTGL,0.0
25973,GCEGYCASD,0.0
25974,MTRKAPMC,0.0
25975,DELAN,0.0
25976,SMNDQVR,0.0
25977,TDIGQ,0.0
25978,GAIWCHSSC,0.0
25979,QNQEIKFP,0.0
25980,RLMSIELG,0.0
25981,ACKDDVMSEH,0.0
25982,DLCIHEL,0.0
25983,QQVHSR,0.0
25984,DNECNEGP,0.0
25985,RMDGVSRMR,0.0
25986,LNKIGNMI,0.0
25987,NQEECDW,0.0
25988,RANNYG,0.0
25989,WRAKNGH,0.0
25990,EGDWMYLN,0.0
25991,LRMIMEIP,0.0
25992,PQNAHEPTRI,0.0
25993,TWNNVQ,0.0
25994,HMEEKKQ,0.0
25995,MKMGS,0.0
25996,SLIPKNIN,0.0
25997,TQCNLTF,0.0
25998,RHRFRLNN,0.0
25999,ECQDLMH,0.0
26000,EPLPRV,0.0
26001,YECNQLGML,0.0
26002,EHVCEHESFT,0.0
26003,TMMMETGGA,0.0
26004,SGGSMH,0.0
26005,TDVLN,0.0
26006,QFTCEQYCD,0.0
26007,WRIVK,0.0
26008,QEWFSEPN,0.0
26009,HPEID,0.0
26010,KKNSGHRY,0.0
26011,SRIRAH,0.0
26012,WVINATGTA,0.0
26013,RWQQTPK,0.0
26014,KDMLCLMR,0.0
26015,RRFQVRPCRY,0.0
26016,NFFNLKDN,0.0
26017,RISLKQAVMQ,0.0
26018,QVSKQ,0.0
26019,NCTDDKEP,0.0
26020,QLILTEQRP,0.0
26021,SQESM,0.0
26022,AKPDQNMDTY,0.0
26023,MRQLP,0.0
26024,KRMGHKL,0.0
26025,TSRMIPGKN,0.0
26026,RCMVRRF,0.0
26027,IVKRPWP,0.0
26028,LHFDPE,0.0
26029,DGLFPKEI,0.0
26030,YCDVEEWDWF,0.0
26031,QMQNED,0.0
26032,RVMKMTSPA,0.0
26033,NGSESQQ,0.0
26034,LGCPRMR,0.0
26035,YKRCA,0.0
26036,DWSRECHATG,0.0
26037,PIECHDE,0.0
26038,RRWTK,0.0
26039,HTIVQ,0.0
26040,ESMRGLRVQD,0.0
26041,PQVEPVE,0.0
26042,RGLRFM,0.0
26043,VWAQK,0.0
26044,QEPTWEHN,0.0
26045,HKTGPHVK,0.0
26046,GWHRTK,0.0
26047,QFNSRDK,0.0
26048,IVEDHGNT,0.0
26049,EIHHHEC,0.0
26050,PDGKGHLHL,0.0
26051,EFQTSRP,0.0
26052,MGIQQ,0.0
26053,NCTPR,0.0
26054,TSEIEY,0.0
26055,EQDSPMNWL,0.0
26056,TGHQPLVDP,0.0
26057,HWSEGRNQNG,0.0
26058,NNDVKLRR,0.0
26059,NGGDQN,0.0
26060,EPNHKTMP,0.0
26061,RPTAEMPYDN,0.0
26062,AQKKF,0.0
26063,RWASGAHRI,0.0
26064,SMARRQILDL,0.0
26065,MCQIIQAH,0.0
26066,LMKHQAVQRE,0.0
26067,PTCVRNVPPQ,0.0
26068,SHWTCGTVA,0.0
26069,MLTIR,0.0
26070,AQFANTEIC,0.0
26071,KVKQECAKF,0.0
26072,LDKSPCCEG,0.0
26073,NTPDDPK,0.0
26074,NKKKDNTG,0.0
26075,KHGEMSQT,0.0
26076,VNECAF,0.0
26077,VGLTMCIVG,0.0
26078,VQGDDMWA,0.0
26079,CGNWKQSKF,0.0
26080,RKKINLMLYI,0.0
26081,SGAVCDS,0.0
26082,AQKKFRRADL,0.0
26083,TYWMDIDAA,0.0
26084,NWTQQHLDD,0.0
26085,WGRTQQSGSR,0.0
26086,GDCYVKYGL,0.0
26087,LGSDN,0.0
26088,AIIIACNTI,0.0
26089,RLKMTVDNAQ,0.0
26090,ENNEENK,0.0
26091,KECAC,0.0
26092,ALNVKRWDL,0.0
26093,RKTQP,0.0
26094,QSMGRT,0.0
26095,DEKTLEWD,0.0
26096,QCNMG,0.0
26097,LARHTYGSC,0.0
26098,NPEDIFSR,0.0
26099,DHADGPRK,0.0
26100,WQTECAQMNA,0.0
26101,NGACQG,0.0
26102,VQWQLQT,0.0
26103,HASMAHRWQQ,0.0
26104,DSGRIMMQ,0.0
26105,AQTTAHLCSM,0.0
26106,VGNEELKACQ,0.0
26107,CTQRGI,0.0
26108,ECIAL,0.0
26109,RQGMSID,0.0
26110,SVCWDEM,0.0
26111,GQHLALII,0.0
26112,GQCVTKQ,0.0
26113,SKGGA,0.0
26114,NDNQMI,0.0
26115,DRLPCKPFF,0.0
26116,NGSQVSQ,0.0
26117,NIYGR,0.0
26118,EESYVR,0.0
26119,EKQNQE,0.0
26120,LHTDNNN,0.0
26121,TCRRSG,0.0
26122,IMKWYKGR,0.0
26123,AVANAT,0.0
26124,GRLREEG,0.0
26125,IALVD,0.0
26126,HRGWRDPCT,0.0
26127,MGSDHDIYW,0.0
26128,DFELSQDQEP,0.0
26129,TNETWIQIAK,0.0
26130,VLTGMITTM,0.0
26131,NVLTMQRKCC,0.0
26132,ETSDLFPP,0.0
26133,NDHAPAPYD,0.0
26134,MQGTTQN,0.0
26135,NQGGKTTSY,0.0
26136,VDINSQPVHD,0.0
26137,LQRSPHCN,0.0
26138,CRGPSPSPQ,0.0
26139,MNIEYIIAG,0.0
26140,MDYRRSTPL,0.0
26141,KIIGNI,0.0
26142,AYELKPRM,0.0
26143,RSRAAG,0.0
26144,CTQKL,0.0
26145,VEDCPNSKVF,0.0
26146,CIHNNEPETY,0.0
26147,DALNF,0.0
26148,WECQWTTSP,0.0
26149,NGIQK,0.0
26150,TCVRIEKGVA,0.0
26151,FWDESGCTM,0.0
26152,PNHFNDRQY,0.0
26153,IRFRIQPK,0.0
26154,HPYNEQ,0.0
26155,FKESGSSD,0.0
26156,KAKWDEELEK,0.0
26157,KEGRLYRQN,0.0
26158,ENSTPVLHQ,0.0
26159,MFGMAQVKK,0.0
26160,FGNPLHSE,0.0
26161,CCVDANG,0.0
26162,KKGHKRF,0.0
26163,DMRIMN,0.0
26164,VHTCVPLSKQ,0.0
26165,EDTMYI,0.0
26166,MPAQTI,0.0
26167,NGDGYTLEWP,0.0
26168,ASVPLECD,0.0
26169,GVRQIDKTK,0.0
26170,AKTEHKHS,0.0
26171,TWLGMAPERL,0.0
26172,NEGVSSLLPR,0.0
26173,LARET,0.0
26174,GCVDVRDIID,0.0
26175,DQSHAV,0.0
26176,QWHDDCIQVQ,0.0
26177,GADIN,0.0
26178,KTGMHTTG,0.0
26179,ENENQMM,0.0
26180,CRIAMP,0.0
26181,MWNEGRSS,0.0
26182,TSGPIRWR,0.0
26183,NTCMG,0.0
26184,SDTSDQEF,0.0
26185,EVFQKVNED,0.0
26186,NEGKTIMVC,0.0
26187,YCDVE,0.0
26188,VMGER,0.0
26189,HNTKTQD,0.0
26190,TVKLVPA,0.0
26191,SLQDIV,0.0
26192,GDRHQRRNR,0.0
26193,TSKAL,0.0
26194,AYNKGDDVA,0.0
26195,TDQDC,0.0
26196,SDEQR,0.0
26197,VMIRI,0.0
26198,KGCHKEH,0.0
26199,YCILKWNRPR,0.0
26200,IGENNLT,0.0
26201,SHIGKHKN,0.0
26202,LMHSCSQT,0.0
26203,MLHDD,0.0
26204,DARTSIF,0.0
26205,DSPLS,0.0
26206,PDNRE,0.0
26207,IFAKKKQ,0.0
26208,GVGNPSNM,0.0
26209,VMDFNME,0.0
26210,HVIQYVTDNA,0.0
26211,GCTNSGRYI,0.0
26212,TFGRVR,0.0
26213,MVNDAHS,0.0
26214,MIQDQCSQKP,0.0
26215,HCTPEDCEIE,0.0
26216,GACSTM,0.0
26217,NVPTE,0.0
26218,DTQCL,0.0
26219,RTSQDDDD,0.0
26220,DKFQGNANQ,0.0
26221,HTGGRR,0.0
26222,MEDQEH,0.0
26223,QGDERV,0.0
26224,RMMPVSLQ,0.0
26225,RDNKSCKQ,0.0
26226,IIHTYNEE,0.0
26227,CQMCQAERQ,0.0
26228,VFAITTKAVR,0.0
26229,NNGQEEGD,0.0
26230,QEHNDMMNDC,0.0
26231,CIPAHKLRL,0.0
26232,TISGGTN,0.0
26233,ITTFHNAMQ,0.0
26234,TGCECLE,0.0
26235,QWDVCDYE,0.0
26236,VGLNNDKMTL,0.0
26237,GIARL,0.0
26238,GRTSKHKAM,0.0
26239,DNMLDGRLII,0.0
26240,VRQAIWSHK,0.0
26241,YEGQTWCVGD,0.0
26242,FNPVNRMD,0.0
26243,VEQTQHM,0.0
26244,EHENLVGY,0.0
26245,EKPCSWRGV,0.0
26246,RRERMLS,0.0
26247,TEEQC,0.0
26248,SRSCRGDMDS,0.0
26249,ICQKQNGHN,0.0
26250,GREIE,0.0
26251,GEQCTVHPQ,0.0
26252,QPPQLTSV,0.0
26253,YWQNEKENW,0.0
26254,IQAADCCHN,0.0
26255,LQLNRDSHMD,0.0
26256,QDEKRPHV,0.0
26257,MRSPFLGK,0.0
26258,SAAWAHGQCD,0.0
26259,PLLGGFQEP,0.0
26260,FGGDTT,0.0
26261,NMSDQHI,0.0
26262,LKVGRMIHS,0.0
26263,RRIQQHV,0.0
26264,VACPEPI,0.0
26265,KRIAAFGT,0.0
26266,HERIKGT,0.0
26267,DNDEEWDW,0.0
26268,YEVSNLLME,0.0
26269,PCNPESMSG,0.0
26270,GWTKFAVTVN,0.0
26271,LKWQTRRC,0.0
26272,STDNIMSC,0.0
26273,NAHKREE,0.0
26274,DEINAQSTK,0.0
26275,DATDTGGN,0.0
26276,ITRTM,0.0
26277,FNREG,0.0
26278,LHDHEVH,0.0
26279,VKNPILQEKP,0.0
26280,RLQSM,0.0
26281,QVLRFVQ,0.0
26282,TNGWLHMDQ,0.0
26283,DRTDE,0.0
26284,KIAEDQTSG,0.0
26285,HGVDQKK,0.0
26286,EMMNN,0.0
26287,FVDTAHQECP,0.0
26288,RGNLPTEH,0.0
26289,HGGYPSGHPA,0.0
26290,IKNNRLDCL,0.0
26291,IEGLAFQS,0.0
26292,KVRVTCPFE,0.0
26293,RQIHVMGKF,0.0
26294,MSWYQGERGG,0.0
26295,GEAPEGW,0.0
26296,EQHWHCS,0.0
26297,CETFMRQTRN,0.0
26298,DPCWEPDGAH,0.0
26299,GHTETFMRKQ,0.0
26300,HACDLGL,0.0
26301,DQCKDDWD,0.0
26302,MRVENSC,0.0
26303,DCKCNAG,0.0
26304,QQRPYMI,0.0
26305,DAKQM,0.0
26306,TDMNMQGFA,0.0
26307,QLNPQAICW,0.0
26308,KMQKLRKRCY,0.0
26309,DCDTWPVY,0.0
26310,KNAIRWLPCK,0.0
26311,PMMNN,0.0
26312,GNHRMASEDV,0.0
26313,IRRDFWMRD,0.0
26314,MLCCNMAR,0.0
26315,DAGLLPWR,0.0
26316,LCDGSDP,0.0
26317,SCQVMWCMQ,0.0
26318,NSTTHMR,0.0
26319,LGFTDKMHPK,0.0
26320,DWHMLEI,0.0
26321,QIAAH,0.0
26322,FMSDLNA,0.0
26323,CSLQFADR,0.0
26324,NCVMDKGK,0.0
26325,NWIGKET,0.0
26326,DQMNA,0.0
26327,WSTTIQQ,0.0
26328,NFCEAIESL,0.0
26329,CDEYE,0.0
26330,KIRTMVS,0.0
26331,PDTDD,0.0
26332,MTYRNAN,0.0
26333,NWDDMIWNDC,0.0
26334,QSEVT,0.0
26335,AVCDKSLNSA,0.0
26336,LNDIMILKGN,0.0
26337,AFSEKVGMGG,0.0
26338,KLMQTML,0.0
26339,NCGPPN,0.0
26340,ARMLPV,0.0
26341,FTYPHEATQ,0.0
26342,FKETLGG,0.0
26343,DEGMC,0.0
26344,KLEKAPYMQI,0.0
26345,CAFRIRAG,0.0
26346,LYQTYHRRN,0.0
26347,AGLQMMKCCK,0.0
26348,MKFLRKEG,0.0
26349,IVNRREEEQS,0.0
26350,LEGSRC,0.0
26351,TPHDEFKSM,0.0
26352,IEIPTLEQCM,0.0
26353,YKAMQ,0.0
26354,HCVRHLEIPE,0.0
26355,FMQYDHNS,0.0
26356,MDSMNND,0.0
26357,SKNKWIT,0.0
26358,MNIPRGN,0.0
26359,VGLKQGA,0.0
26360,GNKLSNGEDA,0.0
26361,NWESDR,0.0
26362,EDGKMDNIQF,0.0
26363,IDDEFPVP,0.0
26364,ETCQKNKL,0.0
26365,PAEERR,0.0
26366,DGKLAL,0.0
26367,HINVKNYK,0.0
26368,LRQKMF,0.0
26369,NWDEID,0.0
26370,YDTDA,0.0
26371,GDEAIEHHYS,0.0
26372,MSGLAKE,0.0
26373,AEDRR,0.0
26374,DGQSLLVP,0.0
26375,KTEMMV,0.0
26376,YGFDGESLGH,0.0
26377,QSEVTAEWIT,0.0
26378,LCHLRGKPGK,0.0
26379,IKRPVV,0.0
26380,VNLPNACM,0.0
26381,QLMCN,0.0
26382,TMKRQVP,0.0
26383,EVFPNTP,0.0
26384,EKVVSGFDAQ,0.0
26385,DWDPIRLV,0.0
26386,PCQACRCK,0.0
26387,LFSKCTMGT,0.0
26388,GPRERKPKDF,0.0
26389,QCEDCTSL,0.0
26390,EVQVP,0.0
26391,NEMRVDKWEE,0.0
26392,MRTICTDQHA,0.0
26393,LGLNT,0.0
26394,AHDCQP,0.0
26395,HIKQKMAV,0.0
26396,TSCRATG,0.0
26397,VSCPMTFKQ,0.0
26398,VQGGNNILS,0.0
26399,SMGHNQTSRA,0.0
26400,QATLNSAE,0.0
26401,WGSRESWDNE,0.0
26402,VWTQDGIGAQ,0.0
26403,DGQLHTARR,0.0
26404,INIEWAQ,0.0
26405,YNPSSREERN,0.0
26406,TQCMTKIKPY,0.0
26407,CRQMKPKPP,0.0
26408,QQARPAWQMV,0.0
26409,HTTLKLFG,0.0
26410,GWGASEM,0.0
26411,KDGIR,0.0
26412,ANCQLIDANT,0.0
26413,GEMNG,0.0
26414,PGDQKRHH,0.0
26415,NMKKNASWI,0.0
26416,TKKFRS,0.0
26417,AQGFDIPQCR,0.0
26418,VDVTNCGCYN,0.0
26419,EDWGTAQC,0.0
26420,FNEEH,0.0
26421,GCEFDVDMC,0.0
26422,EFAFHNS,0.0
26423,IKKADRTRCY,0.0
26424,TKAPNMKKVM,0.0
26425,NLFMGKKR,0.0
26426,SKDPQRPKR,0.0
26427,NPMGLDEW,0.0
26428,IDLKESRVIV,0.0
26429,KWLNKSG,0.0
26430,RMRIRTN,0.0
26431,QKCAPDEL,0.0
26432,NNYLGNAHNN,0.0
26433,IQICMEV,0.0
26434,EKCLFNAWG,0.0
26435,APTYQGEIT,0.0
26436,LADAGG,0.0
26437,CPKINMFKN,0.0
26438,NAGYMMKD,0.0
26439,CMQNLAPHN,0.0
26440,LTSME,0.0
26441,KQNAVR,0.0
26442,TSSYAGMLD,0.0
26443,ALPSMT,0.0
26444,LMEHYRTDQA,0.0
26445,KRRIQCCK,0.0
26446,GNMIPCL,0.0
26447,ASPTMDS,0.0
26448,DVQCTCGED,0.0
26449,DTWSDYGFPA,0.0
26450,THPAG,0.0
26451,AQNQE,0.0
26452,SSCVTCDRNL,0.0
26453,MGYLNDNSVC,0.0
26454,DNDHTFFSEH,0.0
26455,LRAVSA,0.0
26456,DAICDTFKQ,0.0
26457,NDLMKED,0.0
26458,VDYSPSAT,0.0
26459,DSQCEEGDI,0.0
26460,NAASCNNAQG,0.0
26461,VMGERSMQRN,0.0
26462,NHENQF,0.0
26463,CQERPE,0.0
26464,HCKKSMANN,0.0
26465,VDHDQPE,0.0
26466,EKCMMAG,0.0
26467,TQDKDLVPPK,0.0
26468,LTPTK,0.0
26469,CPELGQ,0.0
26470,ETVMKDTGQ,0.0
26471,SANGEAPKY,0.0
26472,DCPVE,0.0
26473,QRDTR,0.0
26474,FDKQIERKYL,0.0
26475,TGKNSET,0.0
26476,QKHLIRQ,0.0
26477,DQGLE,0.0
26478,VVDVEPGIHI,0.0
26479,RAHIVGSLT,0.0
26480,EREVGI,0.0
26481,KVESP,0.0
26482,PWKEGIGNKP,0.0
26483,RLTAPNN,0.0
26484,WPKRQ,0.0
26485,ENAGKDLM,0.0
26486,PAFNSALPA,0.0
26487,HEQHQ,0.0
26488,QQQNNAGVQE,0.0
26489,EFNTN,0.0
26490,FQITRQAK,0.0
26491,CIESDN,0.0
26492,FTNEMEQDWY,0.0
26493,VVTQDKCM,0.0
26494,AEKEHE,0.0
26495,ANKKWWKPE,0.0
26496,EGASWL,0.0
26497,MKNRDRH,0.0
26498,IPMLQDK,0.0
26499,RPMQRGKNMG,0.0
26500,EQFIQGWPQA,0.0
26501,EYKINTMI,0.0
26502,SNRRCEDV,0.0
26503,QWCEERDY,0.0
26504,EGMQV,0.0
26505,CDGDHLW,0.0
26506,QNIACGRRTC,0.0
26507,DLRAGNRWSS,0.0
26508,GDNRD,0.0
26509,NLVPILQE,0.0
26510,QQERFWQ,0.0
26511,TTLEKMCV,0.0
26512,QWSYIDSDP,0.0
26513,LTEKD,0.0
26514,IQQKTKNT,0.0
26515,EHYELMRH,0.0
26516,PTSARG,0.0
26517,QCDMMP,0.0
26518,CISADQENET,0.0
26519,GRWEWQHR,0.0
26520,PGDSC,0.0
26521,IPKARNWV,0.0
26522,SSRANG,0.0
26523,ATADAV,0.0
26524,RDAIT,0.0
26525,EGFMCNNTVT,0.0
26526,HARDR,0.0
26527,ECGLA,0.0
26528,KGPVP,0.0
26529,PMTEA,0.0
26530,ERGGMVRVF,0.0
26531,LKSCANC,0.0
26532,AKMMGWSGE,0.0
26533,KEMALELDQC,0.0
26534,PSLRILG,0.0
26535,DRMLIFHRQR,0.0
26536,NQFGKKHKV,0.0
26537,HGHEC,0.0
26538,DGFHCGYQ,0.0
26539,DQQHFAIGG,0.0
26540,SMSQQEKE,0.0
26541,AVMLSMLQDR,0.0
26542,WAENT,0.0
26543,PIGDVYWCD,0.0
26544,YDEKHFQDY,0.0
26545,ELSFEKEP,0.0
26546,TEALGC,0.0
26547,CIRKNMDPE,0.0
26548,DAYDAEVPYI,0.0
26549,DIKQEM,0.0
26550,FQEMCVAQ,0.0
26551,MHCHKDRK,0.0
26552,WTGMIRDKV,0.0
26553,LHNNIKSK,0.0
26554,LLYRQLTMR,0.0
26555,PPDAQS,0.0
26556,ARQGQI,0.0
26557,GITQEN,0.0
26558,TVPRM,0.0
26559,NTIDKDYTQQ,0.0
26560,IPKTTAQ,0.0
26561,FLLNLGV,0.0
26562,SLIRR,0.0
26563,PPINYYDQDV,0.0
26564,DWRGQ,0.0
26565,ECGASQHRDM,0.0
26566,EYGNGMIM,0.0
26567,KFRKQMM,0.0
26568,NPSTPSRNV,0.0
26569,FERDSVQ,0.0
26570,CTWNPTPIG,0.0
26571,GGTISM,0.0
26572,VTTFNQSM,0.0
26573,NDMKAVRTVQ,0.0
26574,ESASFQGKC,0.0
26575,ITGQTITQT,0.0
26576,PERRKLD,0.0
26577,EIQLQHSEDV,0.0
26578,DLDTTAHIR,0.0
26579,YEFIMEHNF,0.0
26580,YSENIHDQ,0.0
26581,HTRQG,0.0
26582,QGPDVQPV,0.0
26583,EFSKAPRTS,0.0
26584,SDDDA,0.0
26585,TAGYGREPW,0.0
26586,WHSRDKVQTA,0.0
26587,HAMDFVGRR,0.0
26588,EDFTHLKI,0.0
26589,ILLKKDDIC,0.0
26590,RFKWKEVG,0.0
26591,PDRLVMTM,0.0
26592,ACDFHIEQC,0.0
26593,RQNGQPWNH,0.0
26594,APKECQ,0.0
26595,DLMNAS,0.0
26596,WDTPKQVLRD,0.0
26597,MKGSDVRYS,0.0
26598,DDKSGQAT,0.0
26599,ERWRGNII,0.0
26600,RRKFV,0.0
26601,ATMIGETP,0.0
26602,QIMYANR,0.0
26603,FSRNCIEN,0.0
26604,FRRVDRNRIY,0.0
26605,TRVMLCMRN,0.0
26606,LKCKG,0.0
26607,KTKLNPDRR,0.0
26608,CKVPVQPIT,0.0
26609,NDAFMDSEHH,0.0
26610,RTVAR,0.0
26611,YYIKARYRSQ,0.0
26612,EMVATDAKTH,0.0
26613,FGTQCIETGK,0.0
26614,NAKKDMYAT,0.0
26615,YNNIN,0.0
26616,GNREHI,0.0
26617,DPINP,0.0
26618,RMQFQ,0.0
26619,TFELTQ,0.0
26620,TMIND,0.0
26621,SGTGGAK,0.0
26622,WNLMCCKQC,0.0
26623,FNMKLDPVR,0.0
26624,PEQIRL,0.0
26625,LEDCMNW,0.0
26626,DDENQ,0.0
26627,HDCICRQ,0.0
26628,NMRMTDNCL,0.0
26629,RNIGCITEG,0.0
26630,GRSRQV,0.0
26631,YTWDYDDDK,0.0
26632,HEFHGAES,0.0
26633,CNVSVVN,0.0
26634,EVCIDN,0.0
26635,QVAKI,0.0
26636,DKLIQ,0.0
26637,YDQNVQ,0.0
26638,TGDRFHNV,0.0
26639,QRPQDANDL,0.0
26640,NEERQEVVI,0.0
26641,IMSQQNTR,0.0
26642,NAHNNNNYLG,0.0
26643,GEADCLCERL,0.0
26644,YAEIR,0.0
26645,EHKFNDEV,0.0
26646,RRIDN,0.0
26647,ERQPFTQTS,0.0
26648,DQKFSIAFG,0.0
26649,ASHDWSDH,0.0
26650,LPMELVN,0.0
26651,KDKRGTTR,0.0
26652,GSGSHQWL,0.0
26653,EQLEWQY,0.0
26654,YGEDKMAC,0.0
26655,QTLTVCCGG,0.0
26656,RPGDD,0.0
26657,NEGRPE,0.0
26658,DWPPRIE,0.0
26659,DIIFGSKLE,0.0
26660,NWRTLRVLGI,0.0
26661,YIGRDR,0.0
26662,QPTNDNEWI,0.0
26663,CGCSAAWTCE,0.0
26664,VCDRAQWQE,0.0
26665,PVRLCTETTN,0.0
26666,KPARDL,0.0
26667,RSQHEFMQM,0.0
26668,MVPVSCMEP,0.0
26669,NANQETAGH,0.0
26670,DCVNG,0.0
26671,QWLFKR,0.0
26672,RRSILNL,0.0
26673,ARRILR,0.0
26674,ANNGVMKF,0.0
26675,YNLSCTENS,0.0
26676,MFNMCVKIGD,0.0
26677,QLRCGCLSA,0.0
26678,LQKGQFNP,0.0
26679,SAGIG,0.0
26680,EDDGEVNL,0.0
26681,TNGDKDPNIA,0.0
26682,ARDEML,0.0
26683,NTCNNRM,0.0
26684,QAKNED,0.0
26685,EWNWEEF,0.0
26686,DLPGRTE,0.0
26687,IHKEQDEY,0.0
26688,RCYEKDPWDM,0.0
26689,WGTKGM,0.0
26690,CGRPD,0.0
26691,ALKTLG,0.0
26692,PRQGYLRNLQ,0.0
26693,YEIESVG,0.0
26694,MGAEHIHS,0.0
26695,AKWLSR,0.0
26696,QLRASM,0.0
26697,TQNETDR,0.0
26698,RRLPTW,0.0
26699,ELRMNDA,0.0
26700,GDQDR,0.0
26701,LEKQG,0.0
26702,QDKIGTVSM,0.0
26703,HCGFRWAC,0.0
26704,EMQYCCDQYQ,0.0
26705,YYEEGEARKM,0.0
26706,NPCTD,0.0
26707,GCGKDLCGTG,0.0
26708,EHQGNWGT,0.0
26709,PNSAM,0.0
26710,MQNDG,0.0
26711,NVKPKSSE,0.0
26712,WAEGNR,0.0
26713,TDDKWMQ,0.0
26714,RRTNKGTIDF,0.0
26715,CTVFCSKA,0.0
26716,MEIMAFTCIA,0.0
26717,NCIRHRTV,0.0
26718,LEAVELLIF,0.0
26719,ELCMMQT,0.0
26720,LPRPSQ,0.0
26721,RYWAQTTIG,0.0
26722,RQKCG,0.0
26723,GPRVAHILL,0.0
26724,DMLMVPDMDT,0.0
26725,KECWADEEGS,0.0
26726,TTERQIC,0.0
26727,THMSVVTKG,0.0
26728,HLVDTILC,0.0
26729,RIHAQMQ,0.0
26730,HNRRDVI,0.0
26731,PQKEPGCC,0.0
26732,NLAQKDAGHQ,0.0
26733,DDGWINQ,0.0
26734,RQMDKDD,0.0
26735,QNLIV,0.0
26736,DWDAKQL,0.0
26737,GVTPQ,0.0
26738,KVVQGGMGSL,0.0
26739,NKEKPLQ,0.0
26740,NYYLEDSND,0.0
26741,DVLMRMNSQ,0.0
26742,PVWKDGADR,0.0
26743,GCIATEFPN,0.0
26744,TILGNYRKI,0.0
26745,DCCCSCQMEY,0.0
26746,SRNVFGG,0.0
26747,QESPAPPMI,0.0
26748,DRRNS,0.0
26749,DDTAQNNC,0.0
26750,EMYSEFM,0.0
26751,ESVANGDI,0.0
26752,VWEGDFRD,0.0
26753,AIVPKTKIN,0.0
26754,DIFDGLQCLR,0.0
26755,DDIGD,0.0
26756,PLRKRLL,0.0
26757,TMRKRTCM,0.0
26758,DAYGGI,0.0
26759,SICHMRAKRQ,0.0
26760,MDSKMDMS,0.0
26761,YVQFEHENRR,0.0
26762,EPEAHF,0.0
26763,DFKSDMLG,0.0
26764,EESLK,0.0
26765,YFRSGIAKKD,0.0
26766,EPSRLR,0.0
26767,PRDNYAFCG,0.0
26768,RPLEKEQI,0.0
26769,KVEEAHAQM,0.0
26770,QCPQD,0.0
26771,HLQGLEKYP,0.0
26772,ERVDLF,0.0
26773,EKMCCCG,0.0
26774,HGQLE,0.0
26775,LPVERMP,0.0
26776,TTMTGL,0.0
26777,EPPSTNA,0.0
26778,GNHRM,0.0
26779,EFDNTKSSI,0.0
26780,AACEGNTNF,0.0
26781,EILFMGALE,0.0
26782,YGVNK,0.0
26783,HIENI,0.0
26784,SKEAMAEPV,0.0
26785,VVRSGMISSM,0.0
26786,RARRM,0.0
26787,KGFRPWREG,0.0
26788,DQTCHLN,0.0
26789,METTKE,0.0
26790,DKNFHRMRE,0.0
26791,QTPNLMKG,0.0
26792,DGWAALCVE,0.0
26793,AMMEPPIM,0.0
26794,IQCGQNK,0.0
26795,FDGDLCLIVG,0.0
26796,SALQS,0.0
26797,MGVNYNDI,0.0
26798,TCGGL,0.0
26799,GVNLP,0.0
26800,LWNECLP,0.0
26801,IQMPA,0.0
26802,EADKFSD,0.0
26803,LTEITAV,0.0
26804,SNYPENKT,0.0
26805,MGDNQH,0.0
26806,DIWTVEM,0.0
26807,MKAHQRNWD,0.0
26808,ANSVDQ,0.0
26809,IFGHVNLCE,0.0
26810,NPNVNLCAVE,0.0
26811,ITQQRI,0.0
26812,VVTELL,0.0
26813,NTRKPQTNQH,0.0
26814,ANCRNQHCGG,0.0
26815,VEARMNLWD,0.0
26816,SNPTPED,0.0
26817,PGWDKGSEF,0.0
26818,RCSDTPRHAT,0.0
26819,VQCQK,0.0
26820,IGMSCCG,0.0
26821,APPQVDWCK,0.0
26822,KKAQV,0.0
26823,VYAEIEPDEC,0.0
26824,EHIKVQ,0.0
26825,EYIEPLTFA,0.0
26826,MPEVIGGD,0.0
26827,DGTNLARGL,0.0
26828,DHSVLTM,0.0
26829,HPNGWMLAS,0.0
26830,KRMQDTGFD,0.0
26831,RKLCDMPPR,0.0
26832,MMIPRCN,0.0
26833,MPNMVETND,0.0
26834,ATKLGKYKAS,0.0
26835,QEGWE,0.0
26836,LCRRMS,0.0
26837,SECLPMT,0.0
26838,MKNILV,0.0
26839,GMDKKYG,0.0
26840,QQWGCQDASS,0.0
26841,CVIVDCTE,0.0
26842,VQILDKQ,0.0
26843,YNANAQSNY,0.0
26844,LANPTVPPQ,0.0
26845,WERQELNC,0.0
26846,PTRLNGQP,0.0
26847,PGHSQSE,0.0
26848,RRLQEK,0.0
26849,TSVRGKATGI,0.0
26850,QQVLQ,0.0
26851,NWTSPSRED,0.0
26852,NQQQKVYFL,0.0
26853,YACNHGNCT,0.0
26854,EACKCT,0.0
26855,SLSCDDII,0.0
26856,APREQAD,0.0
26857,GLLKQIC,0.0
26858,QMFKGFR,0.0
26859,RKTQPEGVHE,0.0
26860,CEMHRYRDQ,0.0
26861,VMGMFFLEQ,0.0
26862,NMWGRIDP,0.0
26863,NTDQPHNF,0.0
26864,FNDNVAMMI,0.0
26865,EEFAK,0.0
26866,VNQASF,0.0
26867,DEGIIMRD,0.0
26868,WGEEEITNNA,0.0
26869,VGDGFECSM,0.0
26870,RMDHRGG,0.0
26871,MCELVID,0.0
26872,QRKTWHQK,0.0
26873,FDMGMNTV,0.0
26874,LDYRRSD,0.0
26875,PSSCPA,0.0
26876,FIAQLGNVDG,0.0
26877,TQGTRK,0.0
26878,GNRNNFW,0.0
26879,QHLQANA,0.0
26880,QNERPRN,0.0
26881,QPPDCIVGMP,0.0
26882,VENDWI,0.0
26883,HIKKRDQDP,0.0
26884,CRRVRDGW,0.0
26885,KADFHPSDL,0.0
26886,NQADK,0.0
26887,ETPNRQE,0.0
26888,MHMHSMQKQ,0.0
26889,INNNRLKPPY,0.0
26890,KADGDS,0.0
26891,NPGNRIHIAV,0.0
26892,QGQWDVL,0.0
26893,ERGTHDLH,0.0
26894,QTTHE,0.0
26895,KTASAHNCDC,0.0
26896,CQHAVN,0.0
26897,NCCKPDDPM,0.0
26898,NWSGNQNN,0.0
26899,HIQTAN,0.0
26900,IDERNENA,0.0
26901,PKRQT,0.0
26902,QLRMCQDT,0.0
26903,TDTCDQQAI,0.0
26904,GSSDDIVLI,0.0
26905,FDQWAELC,0.0
26906,FEDTG,0.0
26907,NSDQEMGQL,0.0
26908,SDLTQVQ,0.0
26909,DMLNE,0.0
26910,VRPEI,0.0
26911,MPNQFK,0.0
26912,RQKSNV,0.0
26913,FAALERRAH,0.0
26914,AWAPDARRG,0.0
26915,GIPLSG,0.0
26916,IEVDLTI,0.0
26917,RGSWGMDSK,0.0
26918,HRQGRA,0.0
26919,TFDVDSKDAN,0.0
26920,KDRREQWE,0.0
26921,MEASCCGQGL,0.0
26922,QAQRHK,0.0
26923,VNSYQEVP,0.0
26924,EMTITKTT,0.0
26925,ESKSVTM,0.0
26926,KDMMG,0.0
26927,MDNEAE,0.0
26928,CDHNDQQP,0.0
26929,RGCQFHTQ,0.0
26930,GPCACRRFH,0.0
26931,RTAQD,0.0
26932,VDLLGEQT,0.0
26933,HNTNKDCS,0.0
26934,TEAEQPWT,0.0
26935,EGGENIN,0.0
26936,VNLLPATDN,0.0
26937,IIDSISDDM,0.0
26938,DINDSHDAST,0.0
26939,CTSWDQKKTS,0.0
26940,PYLLMVGE,0.0
26941,DFAVKSNFP,0.0
26942,GDVWNDP,0.0
26943,ALSRKDFWEQ,0.0
26944,HEDNIHDIVP,0.0
26945,HMWPESVG,0.0
26946,CLDHHEGAN,0.0
26947,KFGNKL,0.0
26948,WTSDKCVPA,0.0
26949,NHKHDLRKGA,0.0
26950,YKPPSGGEC,0.0
26951,MSVEVTC,0.0
26952,PENFG,0.0
26953,SVNTPMGVIN,0.0
26954,QITTR,0.0
26955,DQSDMDCN,0.0
26956,FDMCAAYE,0.0
26957,SPGWWNDDM,0.0
26958,CRESCEG,0.0
26959,HNQDR,0.0
26960,DKSCPNCTPR,0.0
26961,ATDDVPAEQ,0.0
26962,QRNNHFRAA,0.0
26963,PTSCRDVE,0.0
26964,RFCAFKKFQ,0.0
26965,NDICRCV,0.0
26966,SLPCCIRT,0.0
26967,KYYVKRR,0.0
26968,YCDSN,0.0
26969,PYTVNWVTD,0.0
26970,EEPVEWCCH,0.0
26971,NNDTNG,0.0
26972,HSWCMDPN,0.0
26973,GDQQQINLKY,0.0
26974,FPHETDTHV,0.0
26975,GMTYGIRS,0.0
26976,GDYNSEW,0.0
26977,NRDFCRPYF,0.0
26978,NRDPET,0.0
26979,YRGKC,0.0
26980,TNNTTSSD,0.0
26981,DGEGSPDNTA,0.0
26982,ANDHSVLETS,0.0
26983,ETSVDMS,0.0
26984,FQCKQLPIEE,0.0
26985,MHIED,0.0
26986,TDGDAE,0.0
26987,HNCDKMAV,0.0
26988,SCMISRDNDV,0.0
26989,ATHQGPIDIN,0.0
26990,YAGDFNSLR,0.0
26991,YCRNKDMNH,0.0
26992,VTRKMR,0.0
26993,EQCKETSEC,0.0
26994,QKMPK,0.0
26995,AEPPSQCV,0.0
26996,PTRHMQAH,0.0
26997,QCRRMVTAR,0.0
26998,PSDKA,0.0
26999,NNKGDIRNHH,0.0
27000,CHQHLSGG,0.0
27001,IRGKAMNAWA,0.0
27002,EQSDKRH,0.0
27003,EGRKYSD,0.0
27004,YRFGGMSAD,0.0
27005,LRRRCHGD,0.0
27006,SIREVPLN,0.0
27007,HKDFMTSRE,0.0
27008,QTLYTRNARC,0.0
27009,DHFGQA,0.0
27010,TLNDSSLI,0.0
27011,GLSQECICI,0.0
27012,KKDNSVMNRL,0.0
27013,TLGHDDIA,0.0
27014,ESITCWISK,0.0
27015,RSLGDNNLK,0.0
27016,CTDMDA,0.0
27017,FDTSISGK,0.0
27018,RPSAEMRGEH,0.0
27019,RGHRRCEN,0.0
27020,NDTKCTVQES,0.0
27021,DFKQPDPK,0.0
27022,KGEGLCQK,0.0
27023,HQPNM,0.0
27024,AAINQKLESK,0.0
27025,VDLMQRG,0.0
27026,PSGFRKD,0.0
27027,TLNARE,0.0
27028,VKFVHSAQV,0.0
27029,CKGKKIRAL,0.0
27030,SVMET,0.0
27031,MMDDMTLP,0.0
27032,GKCRYK,0.0
27033,NTNNGCL,0.0
27034,HNNEYHYAG,0.0
27035,AKTHHRVKAG,0.0
27036,GKLDGQNQP,0.0
27037,LAVMATEGNS,0.0
27038,ERFEHNNSDF,0.0
27039,KKMCQENKA,0.0
27040,QIEIQF,0.0
27041,SQSMK,0.0
27042,KRRNLLDE,0.0
27043,EIFDCFE,0.0
27044,GPPITPN,0.0
27045,LDPRNLPK,0.0
27046,IGAKL,0.0
27047,SIDEGHGG,0.0
27048,MGLGR,0.0
27049,VCRIERSVSN,0.0
27050,EQVWLRKDRK,0.0
27051,HAHHDHQKI,0.0
27052,MQMAIKAHMQ,0.0
27053,LCVVANTTD,0.0
27054,SMQRN,0.0
27055,WMVGQAATV,0.0
27056,EEYSMFH,0.0
27057,RTRERPTKP,0.0
27058,RCTETCD,0.0
27059,KFKGPLQQS,0.0
27060,AHAKEPV,0.0
27061,RHADQ,0.0
27062,NNLDNI,0.0
27063,KVCSEQ,0.0
27064,PTHDPET,0.0
27065,CSADP,0.0
27066,AVTTTDASES,0.0
27067,QEIITNE,0.0
27068,PSRTANVK,0.0
27069,LLAYQQ,0.0
27070,LIDWEWEP,0.0
27071,KKDLA,0.0
27072,NRNALF,0.0
27073,FANDKNVQ,0.0
27074,KKMHCSMRNN,0.0
27075,FREDER,0.0
27076,ANSHWKRKWQ,0.0
27077,IQSLDGKE,0.0
27078,RHTLQAP,0.0
27079,KWGRDLCCL,0.0
27080,CDENECLCNK,0.0
27081,QYMNKKF,0.0
27082,RGTTKK,0.0
27083,IMGEQSE,0.0
27084,HAQWVVEAQV,0.0
27085,TAMNSR,0.0
27086,IEFDVCG,0.0
27087,ERHLIKITM,0.0
27088,GDYVFD,0.0
27089,RRMQREKDNP,0.0
27090,KTRLG,0.0
27091,ECHDKD,0.0
27092,NKDRAALVTY,0.0
27093,WHYYNAKNA,0.0
27094,EWVWCNQ,0.0
27095,CEGCL,0.0
27096,RMLMCKSN,0.0
27097,EEGRRKIF,0.0
27098,AAFEEE,0.0
27099,QKSLDKKSNC,0.0
27100,GEMKCEYL,0.0
27101,GAKDEEFG,0.0
27102,GCEKCGF,0.0
27103,AFPTIVAT,0.0
27104,TEMTA,0.0
27105,HRAESGVLIE,0.0
27106,CVTTDLIICA,0.0
27107,VVESNCC,0.0
27108,VSCAQAP,0.0
27109,QFQVANHCTG,0.0
27110,KCGTDPV,0.0
27111,QQKQAVAM,0.0
27112,GQFTKGMT,0.0
27113,CHLLKEQQ,0.0
27114,LEGCRCGWP,0.0
27115,DMGDQ,0.0
27116,AICEM,0.0
27117,SVMNVKAMP,0.0
27118,MELMIDE,0.0
27119,ELIWREQA,0.0
27120,DCKDARD,0.0
27121,QKEPQKMM,0.0
27122,QCHCGCN,0.0
27123,YQQDHKRG,0.0
27124,MECLK,0.0
27125,HDNDPWMT,0.0
27126,CQEPMVV,0.0
27127,PNHEQ,0.0
27128,QMLAL,0.0
27129,AHIVGAMIA,0.0
27130,WWQDHIFEH,0.0
27131,RLGGEDQ,0.0
27132,ACESVHVVL,0.0
27133,NAEDHTLGR,0.0
27134,RETKNQCA,0.0
27135,FDQQRME,0.0
27136,VECSDD,0.0
27137,NFNWYNRGA,0.0
27138,QWREVLR,0.0
27139,ILVWMNQE,0.0
27140,YATDVPSNSP,0.0
27141,DCDDSKCDA,0.0
27142,LPKVNKHK,0.0
27143,VNKRGHGETG,0.0
27144,PYGKR,0.0
27145,ILPAKAINER,0.0
27146,FLGNN,0.0
27147,QDNRDRFS,0.0
27148,ETQQW,0.0
27149,NPKLSPK,0.0
27150,RTSVYTLRM,0.0
27151,GQERSFKHP,0.0
27152,EYESNVMM,0.0
27153,GYAKASSWNG,0.0
27154,CHRETNN,0.0
27155,LNLDS,0.0
27156,HGFQKQSR,0.0
27157,SRPARI,0.0
27158,GCCCNTMMGT,0.0
27159,DFARE,0.0
27160,NQCCKHAE,0.0
27161,IIDQP,0.0
27162,HMKDMIHDD,0.0
27163,AMDDG,0.0
27164,TQFCRGR,0.0
27165,CSKIARTGY,0.0
27166,REPQLDI,0.0
27167,GNGWALHLQ,0.0
27168,VQSCNV,0.0
27169,ENGFNVLV,0.0
27170,HQQGQIVC,0.0
27171,ACTFKFRQ,0.0
27172,VRTSEHFRAQ,0.0
27173,VKRHTGCQV,0.0
27174,KCEHNMWAR,0.0
27175,PCKIFRQN,0.0
27176,WWTNNSSNR,0.0
27177,TLAARYFNC,0.0
27178,HTSGER,0.0
27179,RYHHKTK,0.0
27180,DYKENCSSW,0.0
27181,HPGRPIAMK,0.0
27182,RVRNDRVFE,0.0
27183,EKWWDVQ,0.0
27184,SMAEAALTQL,0.0
27185,AAGSVYSSP,0.0
27186,TDLANPCSVC,0.0
27187,YDNGSNWAYD,0.0
27188,RSVTCLIARE,0.0
27189,CTDMYRETA,0.0
27190,KNFARRGKLE,0.0
27191,SCMNLGV,0.0
27192,ISIRTSNCI,0.0
27193,DDENQQCPYC,0.0
27194,DGFPETDEM,0.0
27195,MDAGTH,0.0
27196,LCGITQ,0.0
27197,QSTAFKIC,0.0
27198,FWLENCQV,0.0
27199,GDNPYNNRLC,0.0
27200,TQERM,0.0
27201,NGETGPD,0.0
27202,NVTKVRRNS,0.0
27203,PHHQSVACQ,0.0
27204,SQYTCQKP,0.0
27205,ANAQCKNQP,0.0
27206,HSEVSYKLD,0.0
27207,KKLDVQNIG,0.0
27208,VQVSCKG,0.0
27209,GPMDNCE,0.0
27210,AAPDSVADIY,0.0
27211,KLTNHNIQ,0.0
27212,MQNYEHPQT,0.0
27213,MMHKKM,0.0
27214,ELTCMPR,0.0
27215,FNWHCWACD,0.0
27216,MDGCHIGQ,0.0
27217,DHTVKVRVT,0.0
27218,IKGTCVGKF,0.0
27219,KPTDIER,0.0
27220,RRKWAMW,0.0
27221,NQVRLDE,0.0
27222,NIFINMDK,0.0
27223,LAAKACH,0.0
27224,HNDAHDN,0.0
27225,CWAVCSCDPQ,0.0
27226,QVQQCWQPV,0.0
27227,IDGNPGWM,0.0
27228,YKNCRRYM,0.0
27229,MRWWKPK,0.0
27230,GPAAD,0.0
27231,NNKSYTWPA,0.0
27232,QPVDCANSH,0.0
27233,QWDLNDM,0.0
27234,SDTMLP,0.0
27235,IVELNPGG,0.0
27236,RKHVELDM,0.0
27237,MVRTVIAE,0.0
27238,MFHTDEPD,0.0
27239,WIVCKLMLR,0.0
27240,ASTDEY,0.0
27241,AEPTPG,0.0
27242,WKKGAT,0.0
27243,VCKQAQIQ,0.0
27244,SDAYVRLAC,0.0
27245,NLMSMM,0.0
27246,IACKT,0.0
27247,NRTVQRC,0.0
27248,QTAKM,0.0
27249,GAKKEKHCT,0.0
27250,LVADINISN,0.0
27251,WDHHKEYQ,0.0
27252,HEDSDKKVED,0.0
27253,ELEWS,0.0
27254,NDTNEV,0.0
27255,GPWIDD,0.0
27256,ENKLKFC,0.0
27257,ESDWDLK,0.0
27258,EFQDDINS,0.0
27259,SHLIGK,0.0
27260,IMQELVQ,0.0
27261,CLIDCTDH,0.0
27262,RTPCWNQMA,0.0
27263,YWKKPCTA,0.0
27264,NNQLRN,0.0
27265,DMSTDDKK,0.0
27266,EELPDW,0.0
27267,SQEGQSY,0.0
27268,VPNVCND,0.0
27269,GEKALRQ,0.0
27270,DEIMSV,0.0
27271,NYKRVQNNI,0.0
27272,HETEPKTTY,0.0
27273,MPWKDQELET,0.0
27274,VKTNA,0.0
27275,QTRTCQS,0.0
27276,HEEDNHQH,0.0
27277,GQMMKI,0.0
27278,CRHWCKSPK,0.0
27279,KRHRT,0.0
27280,DIGNCSQ,0.0
27281,WQTLRK,0.0
27282,SEGYA,0.0
27283,KVKPPRVQ,0.0
27284,VDPAK,0.0
27285,RAFGRRQV,0.0
27286,ENMTV,0.0
27287,SGAQNKQF,0.0
27288,PMMTIRQI,0.0
27289,HLQQQT,0.0
27290,YTDQWMHE,0.0
27291,GQCCGQKVSS,0.0
27292,TADRTACTVG,0.0
27293,CEVNSE,0.0
27294,HSDFLIFNG,0.0
27295,LHNPNQSDK,0.0
27296,HNGSKAAQA,0.0
27297,HHENHELNKS,0.0
27298,VFKIKN,0.0
27299,DGQITCK,0.0
27300,SKTGDMTG,0.0
27301,MDARSQV,0.0
27302,GTCNKQHHP,0.0
27303,MNGQANP,0.0
27304,AMDMIL,0.0
27305,ECTVDDYRAR,0.0
27306,IDHQTNGIER,0.0
27307,NDLLHLEDHT,0.0
27308,AISAYPQLK,0.0
27309,QSMITP,0.0
27310,LSCRNDRQC,0.0
27311,QGMTCNPC,0.0
27312,DVFCNYPDSS,0.0
27313,NVRGFRMHV,0.0
27314,QNPDNKTVK,0.0
27315,RDEYSGK,0.0
27316,FMRAEM,0.0
27317,QCFQHIMK,0.0
27318,KKPVAGRVA,0.0
27319,GTLRADK,0.0
27320,CMMRVR,0.0
27321,GGMQG,0.0
27322,KFMPRTCTL,0.0
27323,ETSPYSKGGA,0.0
27324,WGPIDTQS,0.0
27325,QTQWENYVCD,0.0
27326,GENAG,0.0
27327,NWDHNIKQ,0.0
27328,FAGCCLNHN,0.0
27329,DGENALII,0.0
27330,PDIGE,0.0
27331,PGRGE,0.0
27332,PDLTE,0.0
27333,DFQQDR,0.0
27334,PRDPNCNLPQ,0.0
27335,IEIQVPCLNE,0.0
27336,PQSNCFNMD,0.0
27337,SSHHFAKPT,0.0
27338,AQQRSVS,0.0
27339,KQQTSKD,0.0
27340,NYFQQDAVD,0.0
27341,KHDAHKAPK,0.0
27342,DCGVFNKNF,0.0
27343,GKEDC,0.0
27344,ESRPMIDPEM,0.0
27345,DETPNW,0.0
27346,SCAEGMCGC,0.0
27347,YQMEG,0.0
27348,ADKPNKHSS,0.0
27349,RCKMWMNGA,0.0
27350,RYGGEPAWR,0.0
27351,FICDQHEQGD,0.0
27352,NVLVPDSDG,0.0
27353,QKWTAISQD,0.0
27354,TIIEERV,0.0
27355,KAKIG,0.0
27356,WSEYASCEFE,0.0
27357,QRQTG,0.0
27358,HEIPSMN,0.0
27359,DWISHEGG,0.0
27360,QQCNK,0.0
27361,FSGNRCLP,0.0
27362,TSNESTCK,0.0
27363,WITMFCNRR,0.0
27364,WDFCKRME,0.0
27365,DMHQVKAYH,0.0
27366,CTDSCIL,0.0
27367,EMNDLGY,0.0
27368,DFTCGDQ,0.0
27369,FEERHPAEY,0.0
27370,CKQGWIQIAK,0.0
27371,HFNCSNRP,0.0
27372,GMNPAD,0.0
27373,IKMKCVPM,0.0
27374,TVNQARSS,0.0
27375,EYKILQ,0.0
27376,KHVRRKHNQW,0.0
27377,ELYTECGECY,0.0
27378,NQGGIE,0.0
27379,FRCATHRRRV,0.0
27380,EPNPY,0.0
27381,DGQNHHCDM,0.0
27382,GIYDGFDLMN,0.0
27383,DIKGHP,0.0
27384,CEVGKN,0.0
27385,HRENIDMPY,0.0
27386,QRWAIKAD,0.0
27387,VEENDRPWIQ,0.0
27388,CFEQDIE,0.0
27389,CDWHNCEN,0.0
27390,HSRKVLVQLQ,0.0
27391,MKGAT,0.0
27392,LGERQNK,0.0
27393,QKLIDVK,0.0
27394,NEEAWPCM,0.0
27395,DGYMDMS,0.0
27396,HDQLAHAIL,0.0
27397,NEWVNDSHG,0.0
27398,EDAKSPSKTM,0.0
27399,QLQED,0.0
27400,INQNNTH,0.0
27401,PVDTQDGK,0.0
27402,TDLNSN,0.0
27403,GPSWATGD,0.0
27404,EPEPLN,0.0
27405,LDVPDAYPPS,0.0
27406,LSRCELGLKP,0.0
27407,PIWCKASKI,0.0
27408,CINGM,0.0
27409,ILIIVLIARN,0.0
27410,YCNNIDHTVN,0.0
27411,DIGEDNAV,0.0
27412,GCKLNPM,0.0
27413,TMRNWWAEKR,0.0
27414,QHGQLAH,0.0
27415,WNGQLIDMT,0.0
27416,EVLDMSNPSG,0.0
27417,VRLMLQANDK,0.0
27418,ECMAIAASM,0.0
27419,ALCVQ,0.0
27420,SIRMKNLQ,0.0
27421,CFHGQQD,0.0
27422,MNTDIHIG,0.0
27423,KRPHPK,0.0
27424,CPHAVDTTAV,0.0
27425,VLSIGES,0.0
27426,DSEYEQF,0.0
27427,DVNRENFGE,0.0
27428,GIEWQAILDA,0.0
27429,EPDEERYII,0.0
27430,ATQCLTTNR,0.0
27431,RDPGTVQASM,0.0
27432,PKFSHCAR,0.0
27433,DMEKMAVPQ,0.0
27434,ATTAGQNYS,0.0
27435,GAKVHWTMRE,0.0
27436,DYSDE,0.0
27437,CSCKESML,0.0
27438,INMNQWCEAE,0.0
27439,AHPAWQFME,0.0
27440,KCSSVLN,0.0
27441,HNERRMECIH,0.0
27442,DNIAQVANAH,0.0
27443,GCQRKNMVQK,0.0
27444,DPIHINNGK,0.0
27445,YEWGVQGMVE,0.0
27446,VDDFNCF,0.0
27447,QWDNNAN,0.0
27448,DEMAQ,0.0
27449,EFETGHD,0.0
27450,IHIAYCTED,0.0
27451,CMCIDNIPAP,0.0
27452,KPQNLVT,0.0
27453,CQDLEKYM,0.0
27454,MNSNHQVDFA,0.0
27455,MVRHENIQ,0.0
27456,LRKMMA,0.0
27457,CDAVVTSYC,0.0
27458,PINEEYDNW,0.0
27459,QNNKRA,0.0
27460,DNMYDI,0.0
27461,LNYSCDEE,0.0
27462,GEIVFTKTVE,0.0
27463,LPLMNGC,0.0
27464,KRQLDNF,0.0
27465,GNQNNDGK,0.0
27466,RNARIC,0.0
27467,KKSSNPLR,0.0
27468,YYSSAGMEIT,0.0
27469,HSLKR,0.0
27470,CITTWGAKKG,0.0
27471,QCMARDWC,0.0
27472,TPKFVQVNGN,0.0
27473,GKWAGQH,0.0
27474,GKNYGN,0.0
27475,IHKPLQ,0.0
27476,DNNTQVF,0.0
27477,KKQPDGELMC,0.0
27478,ARGNSDTGFQ,0.0
27479,NLHQCDF,0.0
27480,INCWRKEV,0.0
27481,VKKVI,0.0
27482,TCKTIGI,0.0
27483,PDRRA,0.0
27484,VRDPG,0.0
27485,TCAKSVCR,0.0
27486,NCIRPK,0.0
27487,LDCEY,0.0
27488,LEEFY,0.0
27489,LIELN,0.0
27490,WHFKMKIQA,0.0
27491,KALQNQCQCE,0.0
27492,DESFMI,0.0
27493,SLDCQHQ,0.0
27494,KSMWRMNP,0.0
27495,VTFEHSFEN,0.0
27496,LINDFRQQ,0.0
27497,YDPGFTDCE,0.0
27498,KFGYEECDF,0.0
27499,ECEFHNMVV,0.0
27500,IVTPKNFNA,0.0
27501,QNFEAL,0.0
27502,YATVCQSPEA,0.0
27503,KGFGTCDD,0.0
27504,QPKFNMPKQP,0.0
27505,GQLYMRNVCI,0.0
27506,CASVELIRSF,0.0
27507,TDGDEA,0.0
27508,KNGST,0.0
27509,SEKMEHT,0.0
27510,KNVRSCRR,0.0
27511,SEYAA,0.0
27512,CAGDLVGI,0.0
27513,WHDAQ,0.0
27514,VNEEMWC,0.0
27515,ALQSHE,0.0
27516,HCCSGK,0.0
27517,DQDPSGM,0.0
27518,ITVQGPPVQ,0.0
27519,KQSFQED,0.0
27520,CAMTRL,0.0
27521,QLVPE,0.0
27522,VMAQN,0.0
27523,LLLLQMAAR,0.0
27524,YIAAGLHK,0.0
27525,GYYGEGTAM,0.0
27526,QMSNTMND,0.0
27527,LEKIQT,0.0
27528,CDEYEYHGVK,0.0
27529,QHGSKEWNA,0.0
27530,NKWQRL,0.0
27531,WQEDNN,0.0
27532,PHISNCID,0.0
27533,MLGDHNTKKK,0.0
27534,CWNKRELHQ,0.0
27535,DIPRC,0.0
27536,HDNIC,0.0
27537,GWEDCDKDEA,0.0
27538,FQTVTKNCE,0.0
27539,LGCGK,0.0
27540,RVDICTEQH,0.0
27541,LEHANQNGFP,0.0
27542,AGHPN,0.0
27543,GVALR,0.0
27544,GNEVDSIC,0.0
27545,RMNYPNPRST,0.0
27546,CDDEP,0.0
27547,STGPCEVNRI,0.0
27548,CCRPIG,0.0
27549,MHDDGSWNQM,0.0
27550,EMVKMAFPKR,0.0
27551,QDMQGPTGH,0.0
27552,KSHRPQGC,0.0
27553,FQTQLNGIK,0.0
27554,RWHQDSNQLS,0.0
27555,IVRNEQD,0.0
27556,IRPPDEEGQ,0.0
27557,WGDTTQM,0.0
27558,EMLVVYD,0.0
27559,SNEMKR,0.0
27560,LACMPKAHK,0.0
27561,CCPMGPHPA,0.0
27562,NPDNQHGED,0.0
27563,AWHQGQYGVR,0.0
27564,DFLGSGN,0.0
27565,GFKTAL,0.0
27566,EARWLMCVM,0.0
27567,YQEEDF,0.0
27568,IDGIFYPLME,0.0
27569,AEKDKTQ,0.0
27570,QNQPERLAG,0.0
27571,KNQWFELDK,0.0
27572,NTRDNDQ,0.0
27573,LKGRDAKW,0.0
27574,MNRITCR,0.0
27575,EAHTEIIYNL,0.0
27576,GATMVPLEM,0.0
27577,HHAGRDQTD,0.0
27578,TVERITKFN,0.0
27579,WRKRF,0.0
27580,TPEYG,0.0
27581,HIQFRAVKT,0.0
27582,ECTHQWSL,0.0
27583,QQRTD,0.0
27584,ETHPMFD,0.0
27585,DVFNCCTG,0.0
27586,PVLDTLSAC,0.0
27587,YRHGKI,0.0
27588,DLQCCV,0.0
27589,RRADLAQKKF,0.0
27590,GTMMSCIRD,0.0
27591,MNEAS,0.0
27592,KWNYHNIQS,0.0
27593,EAWAIL,0.0
27594,EWVPDYRLDD,0.0
27595,MSITVQKNQD,0.0
27596,GLQDTNK,0.0
27597,HRPTVVNR,0.0
27598,RPLLEE,0.0
27599,RPHCVTKN,0.0
27600,DAWEPINVDQ,0.0
27601,ATICQLWGR,0.0
27602,QCPGDSRD,0.0
27603,AGACNT,0.0
27604,LTCQQILDCE,0.0
27605,RGGVNLIDH,0.0
27606,SEVALGVCNS,0.0
27607,FHEKRLLVG,0.0
27608,MKAKPVP,0.0
27609,GWLEIAHTAQ,0.0
27610,HTMNMCGM,0.0
27611,AMWGDIAGT,0.0
27612,TLVQTEI,0.0
27613,DPSIAAAMH,0.0
27614,HKMVLQCV,0.0
27615,ISCRNSMS,0.0
27616,EGWENSS,0.0
27617,EGQLGNDIE,0.0
27618,LVVQD,0.0
27619,CVQTSLDK,0.0
27620,DSRPV,0.0
27621,TDLPMAL,0.0
27622,EMGQCGLYKQ,0.0
27623,SRAETDCYLG,0.0
27624,SKRSPI,0.0
27625,MGKDITR,0.0
27626,FIIKREKHIN,0.0
27627,SFGKCYR,0.0
27628,CVPCAE,0.0
27629,GHESP,0.0
27630,MTNSGHGRS,0.0
27631,TPTGCLGHA,0.0
27632,NNAQG,0.0
27633,ACWEALYDHE,0.0
27634,PDSEFSGM,0.0
27635,VMKEKFKQ,0.0
27636,NASADMKYDV,0.0
27637,RRWETRP,0.0
27638,IDATHGHEQ,0.0
27639,EITLQRTW,0.0
27640,CYIRTPENRQ,0.0
27641,QCVHITLENI,0.0
27642,SDRGQKFDDE,0.0
27643,EAGTD,0.0
27644,EVVADVTQRR,0.0
27645,QPILGRMAQ,0.0
27646,NISCNIRLVF,0.0
27647,DHTFLTSEV,0.0
27648,GGCLMRML,0.0
27649,DHGNFPQNE,0.0
27650,GCNAFHKES,0.0
27651,REKVEMLM,0.0
27652,RIQIDMPS,0.0
27653,EQELMDCS,0.0
27654,GWTWEIG,0.0
27655,MRSKPS,0.0
27656,CSRVARYKKP,0.0
27657,VVDGSEIRS,0.0
27658,NEGNQDMNG,0.0
27659,NHWEVKESL,0.0
27660,TKQMWVQIQ,0.0
27661,GINTWYED,0.0
27662,EKLYCPVRNK,0.0
27663,NMNQVTITA,0.0
27664,SPEEKNSFD,0.0
27665,CHAACEEWC,0.0
27666,NDWESGEWK,0.0
27667,GYPNPMG,0.0
27668,NRRSMVSD,0.0
27669,LTEVEYE,0.0
27670,FEDHP,0.0
27671,NHMQNC,0.0
27672,DKSASGNRMP,0.0
27673,HMTCITMC,0.0
27674,KTEDSE,0.0
27675,KSFVHHEEC,0.0
27676,VMDKPLNEKE,0.0
27677,KGAHNMVK,0.0
27678,NDAQFQ,0.0
27679,NTRVPLMLS,0.0
27680,HPCDLMPAI,0.0
27681,PSPSSLQE,0.0
27682,TCRMFSAERT,0.0
27683,GTYIEPTVK,0.0
27684,ELSESET,0.0
27685,ETVPTPCG,0.0
27686,GYARCRND,0.0
27687,HIIWVECE,0.0
27688,GITTIQ,0.0
27689,CQVHAQGLT,0.0
27690,PPILAKDLA,0.0
27691,ESGTKCG,0.0
27692,DNNSV,0.0
27693,DYIDNHCV,0.0
27694,MRRCGSRS,0.0
27695,SVDTCMARGD,0.0
27696,LDDEDLFP,0.0
27697,MRPRHPYN,0.0
27698,CWSQRSNAND,0.0
27699,PMSNNFE,0.0
27700,QAFHTNGR,0.0
27701,DEDMKRPM,0.0
27702,LQCGNWPR,0.0
27703,HYLINQMQI,0.0
27704,GICQQLS,0.0
27705,KGDQSG,0.0
27706,DDIWGENYI,0.0
27707,PSINQ,0.0
27708,EFQIMNRD,0.0
27709,CRLGGGRN,0.0
27710,EALETEM,0.0
27711,FAGTMWQN,0.0
27712,HMRYPRNL,0.0
27713,VETHEM,0.0
27714,KNKGEVASY,0.0
27715,QEQNFI,0.0
27716,EKEYHDV,0.0
27717,LCQMNNT,0.0
27718,HRRAWK,0.0
27719,GREIEESCFH,0.0
27720,INPECPPSE,0.0
27721,DGKIVQPTKL,0.0
27722,MEIPQ,0.0
27723,TAEKKIDNAQ,0.0
27724,RNRNCDI,0.0
27725,QDFQNY,0.0
27726,CGVLAMYRIN,0.0
27727,CSHDCNSGDS,0.0
27728,NGDGLDGW,0.0
27729,IRSDAAAMH,0.0
27730,LYDHE,0.0
27731,EWGYGSGDLQ,0.0
27732,ANHTWDTF,0.0
27733,DHVDNA,0.0
27734,GRRTC,0.0
27735,GEHLTICN,0.0
27736,QEWDRWVMS,0.0
27737,DLCLAG,0.0
27738,FKSKDKCL,0.0
27739,GIHNIDC,0.0
27740,DAVEVWTD,0.0
27741,FLERVPN,0.0
27742,KTILMRIC,0.0
27743,ARVDNEHR,0.0
27744,EGGSYWET,0.0
27745,QQQTPESMTH,0.0
27746,CTNEE,0.0
27747,DQRFDGTQ,0.0
27748,ATCPRRWCGQ,0.0
27749,CVNCEKPSQP,0.0
27750,QTCRVLVK,0.0
27751,EEYFWNPQF,0.0
27752,QVMTGM,0.0
27753,PRHLGGA,0.0
27754,AVKTGLIPE,0.0
27755,DLKCK,0.0
27756,PLTTKGGD,0.0
27757,RMFKASEQR,0.0
27758,MMHEGCG,0.0
27759,KTVIMAGRC,0.0
27760,GVTYTANMVE,0.0
27761,KNSVSGLLC,0.0
27762,CIDDTKC,0.0
27763,DTIDDKHVDE,0.0
27764,YPWKSQKAL,0.0
27765,DPARWN,0.0
27766,EDVLAVMAQN,0.0
27767,WSHFQTTNEQ,0.0
27768,LQSWEEMKN,0.0
27769,QQQKPT,0.0
27770,TMQVETN,0.0
27771,CSMVKKR,0.0
27772,VDYQE,0.0
27773,AKVQMHVWR,0.0
27774,DGFDDTLQ,0.0
27775,DENGLCMTE,0.0
27776,VFATTSD,0.0
27777,QQKMSR,0.0
27778,HMSITRKSRM,0.0
27779,DQPTLFNT,0.0
27780,RCKKDQARTV,0.0
27781,MSLSRS,0.0
27782,CERCIAK,0.0
27783,QNPVHAQ,0.0
27784,NRHNGRE,0.0
27785,DTNKC,0.0
27786,CCGTHGQ,0.0
27787,PSIIAQ,0.0
27788,QDVDCCN,0.0
27789,QGQKCMWK,0.0
27790,PVLGSPRMK,0.0
27791,SLKEICGQTR,0.0
27792,CPSMNTN,0.0
27793,GLPNHLL,0.0
27794,KMCKFMELP,0.0
27795,NNQHVKSER,0.0
27796,DQKKC,0.0
27797,LLTMSQDS,0.0
27798,HHQQHEKT,0.0
27799,PCENFHDTK,0.0
27800,CFLRMGQDD,0.0
27801,EHPNPTNYM,0.0
27802,WDIFITNE,0.0
27803,QGVAT,0.0
27804,LKACQ,0.0
27805,NMSWRTQ,0.0
27806,SDPCAWVDV,0.0
27807,MIYDHQN,0.0
27808,DDWDNH,0.0
27809,SYYEENEWS,0.0
27810,YGSRASAEY,0.0
27811,HKNDDKPDS,0.0
27812,LQMDS,0.0
27813,VMTDARYVI,0.0
27814,RQADVQH,0.0
27815,KPARTKLWD,0.0
27816,LRSGC,0.0
27817,RDIRRMLE,0.0
27818,DLRVKTGIGA,0.0
27819,DCICQVRHQ,0.0
27820,AVAVA,0.0
27821,TQHRELV,0.0
27822,GFANRQSE,0.0
27823,MSSTFNNLK,0.0
27824,SDDTQQE,0.0
27825,AEHQHNSTP,0.0
27826,EAEAY,0.0
27827,IVWLEEHEIS,0.0
27828,VSRHKHDTT,0.0
27829,PNFNINNCG,0.0
27830,GFIEA,0.0
27831,GLENFNMIA,0.0
27832,TCEGNNGDAP,0.0
27833,WQMRK,0.0
27834,GWECPNVP,0.0
27835,VEPPDLDPFF,0.0
27836,TPSRRALCN,0.0
27837,ASMVRMSI,0.0
27838,RKVKCSN,0.0
27839,SGQNRACRM,0.0
27840,WQEGMGTIA,0.0
27841,QDNWVMM,0.0
27842,AAHVMMREIK,0.0
27843,EDKLSG,0.0
27844,CDPQKCYS,0.0
27845,FDIANK,0.0
27846,ENDAMIRE,0.0
27847,CSETCMGAAD,0.0
27848,IEFNSTS,0.0
27849,NKKAKC,0.0
27850,EWGQCDFLSA,0.0
27851,SCRAWPMND,0.0
27852,GKTEGRVY,0.0
27853,VMAEHIHPK,0.0
27854,PCAEPLF,0.0
27855,QPQHWDKG,0.0
27856,EQGAFCQNM,0.0
27857,GWLACDA,0.0
27858,EHVDMH,0.0
27859,CGTEMGMF,0.0
27860,IERNECRFR,0.0
27861,SYKGTCKK,0.0
27862,CFNAREK,0.0
27863,EFSLRDTVNH,0.0
27864,NMCKMRHKHR,0.0
27865,TQNQKRT,0.0
27866,CDCPGVGSK,0.0
27867,EVTPIAAGNG,0.0
27868,MLTLNILAKS,0.0
27869,AHDCAMAVRK,0.0
27870,STVNLEGML,0.0
27871,DLRVHIHKRN,0.0
27872,RITWAQIIGK,0.0
27873,CKHRMQ,0.0
27874,DSMVVECDKP,0.0
27875,EMNTEGTPWD,0.0
27876,MTHNNPELLQ,0.0
27877,DAGIYALWG,0.0
27878,IPSSHCGK,0.0
27879,HSRANIPYGK,0.0
27880,HREVQFCAN,0.0
27881,YEHGEG,0.0
27882,REHPWKHRQK,0.0
27883,EQQKPET,0.0
27884,VEQMDERH,0.0
27885,PSQSMM,0.0
27886,MHVGRKTQGV,0.0
27887,PHTWVSDTD,0.0
27888,FQRWGTQ,0.0
27889,DRCGNCR,0.0
27890,PVWVTEEMM,0.0
27891,NENLCIHRTE,0.0
27892,PPNADQKCEH,0.0
27893,NQKRADKAYL,0.0
27894,RSPLKHP,0.0
27895,KRKASH,0.0
27896,NRMMRDMGID,0.0
27897,DLDDRMSDS,0.0
27898,RHMQMA,0.0
27899,NGVLLSKEC,0.0
27900,RDNDV,0.0
27901,GTPSGEC,0.0
27902,NATTGM,0.0
27903,ICDNPST,0.0
27904,PHQMRPD,0.0
27905,RGNSPD,0.0
27906,RKGRTDANE,0.0
27907,ITEKHKDATQ,0.0
27908,MDADVVLYDQ,0.0
27909,DFQSRNTVQ,0.0
27910,QTATHDK,0.0
27911,AWPMQRMK,0.0
27912,NCLRIALM,0.0
27913,DTCDNFP,0.0
27914,NTRCGYDD,0.0
27915,HDAGRKVQAS,0.0
27916,TERVHMG,0.0
27917,DALSQS,0.0
27918,AHKWQ,0.0
27919,EHAFFCAH,0.0
27920,FIHIFEDQ,0.0
27921,NWGPMECVN,0.0
27922,ILNEHAFGRG,0.0
27923,GHPDRD,0.0
27924,QEKVGQVCMM,0.0
27925,KDNFAAIDL,0.0
27926,EDHCT,0.0
27927,QVDGKIVHP,0.0
27928,VELME,0.0
27929,GDWSGVQAAM,0.0
27930,KATGHWKD,0.0
27931,PCIAKTMYK,0.0
27932,ERNMDG,0.0
27933,LAPLTK,0.0
27934,LGLRQHGR,0.0
27935,IRPKE,0.0
27936,KSRLQCSANL,0.0
27937,SQKKICCKE,0.0
27938,NDLMQQTIIR,0.0
27939,IQGKNHLS,0.0
27940,AEIGEHNK,0.0
27941,LEAIVEA,0.0
27942,QREMCCHTI,0.0
27943,SNSMQPD,0.0
27944,WDLNHVACE,0.0
27945,LSEEHH,0.0
27946,IHNMIQS,0.0
27947,QRRGE,0.0
27948,LSEEE,0.0
27949,QQVYGKACM,0.0
27950,GGCEQL,0.0
27951,CKIVKFLRVN,0.0
27952,ARTCV,0.0
27953,PLLGVME,0.0
27954,AINPFCHTNR,0.0
27955,HLNTSRDEDV,0.0
27956,RKPKYLNVN,0.0
27957,MMSRNGDCAE,0.0
27958,YKAGQ,0.0
27959,KLRETRTEE,0.0
27960,RNRFCA,0.0
27961,PQKTQVKDYE,0.0
27962,VEETKHN,0.0
27963,DAKDNLDFP,0.0
27964,KRPSDHKRD,0.0
27965,QIVSQFVQG,0.0
27966,GSRWLRQAAQ,0.0
27967,GYCLQMIGQ,0.0
27968,NPNHAIDQA,0.0
27969,IRDTRRI,0.0
27970,ITSGGDHCNK,0.0
27971,RLMTESQER,0.0
27972,EILGSSC,0.0
27973,SSDWKTPID,0.0
27974,QTSNREDI,0.0
27975,NYQREKWC,0.0
27976,RRINYKA,0.0
27977,VANVNTC,0.0
27978,VWDPGDIQ,0.0
27979,QTDAD,0.0
27980,EQTNNMGI,0.0
27981,SDKKCAHPHK,0.0
27982,NGHGRIDVCL,0.0
27983,KDEFG,0.0
27984,AVGEIDGKRN,0.0
27985,NPEEDHEWYS,0.0
27986,EVSDYI,0.0
27987,RRVAKDFRL,0.0
27988,FGDWKVESV,0.0
27989,QNGFGE,0.0
27990,TEDDEYMMMT,0.0
27991,QSTDICPSAQ,0.0
27992,IQNLMNECL,0.0
27993,RHNSERLM,0.0
27994,KKITN,0.0
27995,ANMLRKTCS,0.0
27996,FGRAEQ,0.0
27997,LSRVRPGM,0.0
27998,LESSLHT,0.0
27999,DFKQQQYQSQ,0.0
28000,MTQLSAHNS,0.0
28001,IKVDTKQ,0.0
28002,DSICLDEFI,0.0
28003,NDVYPYEATT,0.0
28004,KNMVSLD,0.0
28005,KVADSIDSDF,0.0
28006,EEEKCLPQWQ,0.0
28007,CWTKKRWDG,0.0
28008,MLEEPTYN,0.0
28009,QIADMLYHE,0.0
28010,ESHKTFLTVQ,0.0
28011,QVWYDAKSEM,0.0
28012,WDLVRRRD,0.0
28013,AKKADS,0.0
28014,FGGILME,0.0
28015,YWEDVGQNST,0.0
28016,VKALIIAIQR,0.0
28017,TKGIADQ,0.0
28018,IDDESIFGS,0.0
28019,YSGFVEIED,0.0
28020,EIIGG,0.0
28021,VSVEGHCQIG,0.0
28022,DPGEGKQI,0.0
28023,YCTQRQR,0.0
28024,MSQHAKMT,0.0
28025,KRLRGFTIRE,0.0
28026,MWGTDDGK,0.0
28027,DTSSS,0.0
28028,AEIFG,0.0
28029,TDFEGVNF,0.0
28030,MACVVRAAHD,0.0
28031,DLNQLIS,0.0
28032,RNPCSKMG,0.0
28033,QHYNANGCT,0.0
28034,TVQGMTAGDY,0.0
28035,APCKFKN,0.0
28036,CSALGC,0.0
28037,AIPAQLVRMI,0.0
28038,RETKDFLE,0.0
28039,NTVGHLNLDS,0.0
28040,HGSEALSIHE,0.0
28041,IFNMQL,0.0
28042,MPSGLQMG,0.0
28043,FKERSAR,0.0
28044,SPGRKQWC,0.0
28045,CAEVN,0.0
28046,EKEKPID,0.0
28047,IAQIR,0.0
28048,RFSTRQWD,0.0
28049,GNKSSYD,0.0
28050,RPMSKKQC,0.0
28051,EQGTDNWGT,0.0
28052,CMNMYNNELR,0.0
28053,THNSHDCSY,0.0
28054,DRHNVEPKDI,0.0
28055,IVLAEN,0.0
28056,PHLVNEVHN,0.0
28057,NLEIA,0.0
28058,DPFNQ,0.0
28059,SHTGDKYVK,0.0
28060,SIRDWRR,0.0
28061,ARVTMKVTW,0.0
28062,QCLKEKGN,0.0
28063,GSQCQT,0.0
28064,EKDWDMHLL,0.0
28065,GGDELNHSC,0.0
28066,CNHNEGQYKM,0.0
28067,NQAIE,0.0
28068,SKGALN,0.0
28069,DLDRCGGMR,0.0
28070,EKKLDDRRNS,0.0
28071,DPLHETTE,0.0
28072,DLRPATFKM,0.0
28073,SGFSQMT,0.0
28074,LIICACVTTD,0.0
28075,HSDVEQV,0.0
28076,NPVEKNIQ,0.0
28077,SDVQI,0.0
28078,TTLINHCDAG,0.0
28079,GFEPIT,0.0
28080,DDAQLSKIVT,0.0
28081,MDDNNFSKKW,0.0
28082,DVCCQSHV,0.0
28083,DKPQFSEE,0.0
28084,LIGYGDCVNG,0.0
28085,LVILGEKC,0.0
28086,PKRRLVIE,0.0
28087,SQGMDPRRYV,0.0
28088,YNGSG,0.0
28089,NKGKNM,0.0
28090,YNVSNRQCLR,0.0
28091,EDWFSVKL,0.0
28092,VGLEPRV,0.0
28093,NMNNCRT,0.0
28094,TIREAMG,0.0
28095,DISEAMNAKE,0.0
28096,EVDSINGW,0.0
28097,PGLKELRG,0.0
28098,KPLQTIRQ,0.0
28099,HIKTNDMD,0.0
28100,FIQKG,0.0
28101,EVYNAHWMSE,0.0
28102,GIKPQT,0.0
28103,RNMFETKM,0.0
28104,SICWEDPMN,0.0
28105,ECKIMG,0.0
28106,KMKVRWIHNQ,0.0
28107,RTHKVDDKPS,0.0
28108,TMVTDWLEE,0.0
28109,NHLVLVR,0.0
28110,WFGYEAEMC,0.0
28111,GKRMGEGN,0.0
28112,WKFMKGNA,0.0
28113,QTDHHISW,0.0
28114,ESNRPDRG,0.0
28115,NDQLIKR,0.0
28116,VDDWMFE,0.0
28117,WQNWRNTKS,0.0
28118,GQSDSDQ,0.0
28119,RPNRHMFDI,0.0
28120,KNGSI,0.0
28121,HTPMFENNR,0.0
28122,LEHCHDHM,0.0
28123,GKRKLHQM,0.0
28124,NQYHFSQCV,0.0
28125,IEMIN,0.0
28126,NKRPCCLML,0.0
28127,IVPCTALD,0.0
28128,RMWNKEKS,0.0
28129,HDNGSDQ,0.0
28130,MGIEPSGQEP,0.0
28131,VTQWEGFN,0.0
28132,FALEDM,0.0
28133,TTRLHVLPS,0.0
28134,IPEQA,0.0
28135,AGRPQ,0.0
28136,FPVMKCK,0.0
28137,SWFEFQGT,0.0
28138,GNVWTCRM,0.0
28139,DLQLCCV,0.0
28140,PSEMECI,0.0
28141,KQVYECVSQ,0.0
28142,ARIGLRTSS,0.0
28143,CEIPVNM,0.0
28144,QNGIVKCLFQ,0.0
28145,GGICDR,0.0
28146,GACLGIRPV,0.0
28147,RACPRWAIC,0.0
28148,YENAICADTW,0.0
28149,DANRPGMQCQ,0.0
28150,IFRDKNMHT,0.0
28151,AGKRNVT,0.0
28152,VILMRDK,0.0
28153,QMIEM,0.0
28154,WEDDANDET,0.0
28155,EFQLYNCENY,0.0
28156,DQICKQYVP,0.0
28157,KNVCM,0.0
28158,CAIYGCGKNS,0.0
28159,PTHDFEKNI,0.0
28160,QQTLGFLRE,0.0
28161,IPLPIR,0.0
28162,GLAHK,0.0
28163,MHSRK,0.0
28164,GITESERG,0.0
28165,FANKSREHDD,0.0
28166,RDMMRLA,0.0
28167,QIKMDTQE,0.0
28168,ADTDH,0.0
28169,TDYDNIM,0.0
28170,FAWDLLDNV,0.0
28171,QPVEMDKP,0.0
28172,VQMVCMKQYK,0.0
28173,ECPVMHLIC,0.0
28174,ASMCST,0.0
28175,KASSPVD,0.0
28176,YQVIRQ,0.0
28177,GFKIRVTV,0.0
28178,YHARKGEW,0.0
28179,VRNPPKPV,0.0
28180,FMEYTIEK,0.0
28181,NCTPRDKSCP,0.0
28182,LLQFGLKG,0.0
28183,SSERGTIAA,0.0
28184,WNQQGL,0.0
28185,MDQMFNTES,0.0
28186,TLGNMG,0.0
28187,DVGLKVTV,0.0
28188,HHVVDVSA,0.0
28189,YCSAR,0.0
28190,EFPGKNT,0.0
28191,RADAATGGCP,0.0
28192,HNSDV,0.0
28193,KEQACQHVD,0.0
28194,KQCACCA,0.0
28195,CGSLRNPN,0.0
28196,PMQMAE,0.0
28197,MDDHW,0.0
28198,KKHVNRKEW,0.0
28199,HEMKGNCE,0.0
28200,GDEAYQLEM,0.0
28201,MSPIGSANM,0.0
28202,DRNEQFLT,0.0
28203,NHQVEMHFC,0.0
28204,AQPYSSKMPT,0.0
28205,HVTKIMNR,0.0
28206,HKNNICQGA,0.0
28207,HVDVDQQYPG,0.0
28208,PYGKTRNEGR,0.0
28209,LQDTKRKFCD,0.0
28210,EEAWMFHTM,0.0
28211,TQELCKYAGM,0.0
28212,QTNAK,0.0
28213,GRLRWQSD,0.0
28214,TGMLFKSKKH,0.0
28215,HEINC,0.0
28216,VDADMYLAF,0.0
28217,NLMMDP,0.0
28218,TAKDM,0.0
28219,VPIDRR,0.0
28220,IQKHCLMQKN,0.0
28221,NTWWNKGARL,0.0
28222,HSQLKRNNVV,0.0
28223,MTEVWQDMRE,0.0
28224,NAKVS,0.0
28225,NLQKPQPG,0.0
28226,DDGTYDPSFT,0.0
28227,VDDRT,0.0
28228,QGMRPFS,0.0
28229,AQSKG,0.0
28230,LMLYIRKKIN,0.0
28231,SMVGCNGS,0.0
28232,YQNESG,0.0
28233,SYSEGNPLS,0.0
28234,EKINQEKN,0.0
28235,PLCKLMRM,0.0
28236,LLGCDSCEDC,0.0
28237,TGLPKKG,0.0
28238,KVCSGFGRK,0.0
28239,AKQAWR,0.0
28240,SCKCNRVRIL,0.0
28241,DSAMLPNV,0.0
28242,KVKNFPLC,0.0
28243,SCVRERTCP,0.0
28244,AVFSDYEVK,0.0
28245,KRRYK,0.0
28246,ILKGVGVK,0.0
28247,ASKDRGDVP,0.0
28248,SVHQVR,0.0
28249,TNVRSLMR,0.0
28250,DAKLRFDM,0.0
28251,NLNMIRN,0.0
28252,RHNGMNIIN,0.0
28253,GRTGVSHN,0.0
28254,IQWNRRNHI,0.0
28255,MIMNGGNQ,0.0
28256,DLTLGDITA,0.0
28257,HCGDDREF,0.0
28258,AECRV,0.0
28259,ISDEQHEVAY,0.0
28260,ASAKSR,0.0
28261,KQDVQIEIAV,0.0
28262,CCCVDQD,0.0
28263,VDYTPN,0.0
28264,EDVNW,0.0
28265,SQANWGE,0.0
28266,TVIKKGLN,0.0
28267,FGEERLDDV,0.0
28268,LGKACGN,0.0
28269,MQLRQKH,0.0
28270,QAIWYEADM,0.0
28271,KQLVIDV,0.0
28272,ELQMEDAF,0.0
28273,MTHMYANQQ,0.0
28274,DKLPSID,0.0
28275,DCYQEDGQKR,0.0
28276,TTHNEMCEAA,0.0
28277,NSITNA,0.0
28278,DCMVC,0.0
28279,FEGLMMVSDL,0.0
28280,PTMNKV,0.0
28281,ASKQSH,0.0
28282,AIQKKL,0.0
28283,DIAQFLTQM,0.0
28284,VGQEKLG,0.0
28285,IVQEIEPMR,0.0
28286,ENEHDRLP,0.0
28287,MLRRIAN,0.0
28288,LETIQ,0.0
28289,KDGPARQMGI,0.0
28290,INHMWDVD,0.0
28291,NNIQLSFQM,0.0
28292,QTQDY,0.0
28293,AMHEYVIHPG,0.0
28294,LVQKN,0.0
28295,CVEIPAIQ,0.0
28296,AESVE,0.0
28297,DPECHKYD,0.0
28298,KGTEWNEKGE,0.0
28299,RGNGEP,0.0
28300,YEDYVAYRD,0.0
28301,LEWPIVTE,0.0
28302,LLMASG,0.0
28303,ATARM,0.0
28304,HHHCEYEGQR,0.0
28305,QYRGRLM,0.0
28306,YKKHPTARP,0.0
28307,HNPFKR,0.0
28308,RNQLHAGG,0.0
28309,PHQSAG,0.0
28310,PQGMPTGK,0.0
28311,GTHMRKKY,0.0
28312,NHAFG,0.0
28313,CRQVEM,0.0
28314,HMSIQKG,0.0
28315,PKRCVP,0.0
28316,PVGNR,0.0
28317,IPREE,0.0
28318,MSEDY,0.0
28319,KPEASE,0.0
28320,GHEMA,0.0
28321,CEFMFDQ,0.0
28322,DMFSLSIK,0.0
28323,VGIMVPL,0.0
28324,HRPNQ,0.0
28325,MARRDG,0.0
28326,NFHGEP,0.0
28327,EDEFGIFV,0.0
28328,EVNRI,0.0
28329,GECDKLKQ,0.0
28330,NDRTHNCQ,0.0
28331,QTWKKNYAK,0.0
28332,HYKRNCAI,0.0
28333,DVENQDWA,0.0
28334,DILLMST,0.0
28335,TFMANE,0.0
28336,QQAED,0.0
28337,AYASVDYDCK,0.0
28338,QLDDSHYV,0.0
28339,VLRKVTADS,0.0
28340,NQKQPQQWQ,0.0
28341,MENLE,0.0
28342,GNDYRLDAII,0.0
28343,MIFDRQEVYD,0.0
28344,CQKKHDQ,0.0
28345,FDEWVFSELQ,0.0
28346,RKQMNIPR,0.0
28347,DHDINWFQD,0.0
28348,CQNVE,0.0
28349,FAEESCSTE,0.0
28350,DQVNWSCPLA,0.0
28351,HPSQKA,0.0
28352,DNSIDEPR,0.0
28353,AGNQT,0.0
28354,QQFNEVMPPG,0.0
28355,PQMRT,0.0
28356,EKNPGEMR,0.0
28357,QCLDGG,0.0
28358,MLEDH,0.0
28359,DGAAFKLN,0.0
28360,IAEQPNIL,0.0
28361,KQTAGR,0.0
28362,AGEDFCG,0.0
28363,DWQIKVE,0.0
28364,GIGGRGTII,0.0
28365,DWMKGEMN,0.0
28366,DGLHKMN,0.0
28367,DASPGDKAA,0.0
28368,KECIGRKV,0.0
28369,DETPVAEYAM,0.0
28370,ENDYWE,0.0
28371,KYMCREC,0.0
28372,NFHWCSNE,0.0
28373,INSGIKRTFR,0.0
28374,NNRPLED,0.0
28375,DRTDQLY,0.0
28376,LQQDW,0.0
28377,PMMTERDP,0.0
28378,MFWAYGETE,0.0
28379,GRNELRNS,0.0
28380,DCRHIEC,0.0
28381,EIMLNSIR,0.0
28382,GNFIKCSLV,0.0
28383,QGHIEVC,0.0
28384,VMNVIECIW,0.0
28385,SSLHVRRN,0.0
28386,GYDWREMMH,0.0
28387,PESQA,0.0
28388,LVMTKVRN,0.0
28389,KDKMCHTCP,0.0
28390,SGELT,0.0
28391,VCHEWLQLQ,0.0
28392,DVGFKSQYR,0.0
28393,ACQLGVYSA,0.0
28394,FERKK,0.0
28395,MMNSEG,0.0
28396,RGFRLLV,0.0
28397,DAVVGK,0.0
28398,MYMEDTP,0.0
28399,DREKLDRK,0.0
28400,ARRMFKPRMN,0.0
28401,PRHRSSSRVE,0.0
28402,YMGQAEEMQQ,0.0
28403,YVMEKTQQQ,0.0
28404,KQLPGCM,0.0
28405,KNNAI,0.0
28406,NWEPTKD,0.0
28407,RDDYN,0.0
28408,GVHQGNACN,0.0
28409,VSSNLNDSF,0.0
28410,CRHDTKFR,0.0
28411,YFTDSYRAE,0.0
28412,EELKALPWM,0.0
28413,MSQVVR,0.0
28414,DNAVQKRCQN,0.0
28415,DVNEEGLTF,0.0
28416,AKLKHPV,0.0
28417,LSVVLAPD,0.0
28418,GHAGKM,0.0
28419,AAQWYTQGW,0.0
28420,RLETTDLM,0.0
28421,QLGMLFR,0.0
28422,YCVMNTEH,0.0
28423,HQIRN,0.0
28424,VMLCQR,0.0
28425,ANYNYEQGIT,0.0
28426,GQRNY,0.0
28427,NITCLCRAM,0.0
28428,VQVIVDN,0.0
28429,TCKFDEIQ,0.0
28430,VYRRMN,0.0
28431,LQPSEQ,0.0
28432,DKEEI,0.0
28433,SRACL,0.0
28434,KTTRQSHQ,0.0
28435,QSDIVEE,0.0
28436,QKDPRKEP,0.0
28437,ETCTESF,0.0
28438,CAFFEQEEA,0.0
28439,NQTAND,0.0
28440,EQELLGQ,0.0
28441,CDLWANQLS,0.0
28442,FGHKKKVL,0.0
28443,VHQKGR,0.0
28444,ISMGSKIT,0.0
28445,TAVVVINE,0.0
28446,ILDICWNE,0.0
28447,ITRFMKMLS,0.0
28448,STKCIPNN,0.0
28449,GSPLVCRG,0.0
28450,NWKGQLMALM,0.0
28451,LNIKKIP,0.0
28452,FRFALEDVV,0.0
28453,ECHKMQSG,0.0
28454,VLINRLLR,0.0
28455,GDKRTL,0.0
28456,EGNLICLNMQ,0.0
28457,NDPHERMLSE,0.0
28458,FGGERQ,0.0
28459,DEEMNNI,0.0
28460,VMMKEKDC,0.0
28461,WDNVQKSM,0.0
28462,VRQTIAHK,0.0
28463,PQFNSD,0.0
28464,FDQDNW,0.0
28465,EFMLQHSK,0.0
28466,GYKTDQKMPK,0.0
28467,NRNDPSNM,0.0
28468,RIFDNTQP,0.0
28469,NENIQQF,0.0
28470,NANGLKE,0.0
28471,KKVVGL,0.0
28472,HEDNSEQRLP,0.0
28473,IVDRDDL,0.0
28474,ETISEKDITS,0.0
28475,REGGY,0.0
28476,VCDNIIK,0.0
28477,FDETSPP,0.0
28478,KGSLRSRDC,0.0
28479,CVEYRPVCM,0.0
28480,LMPRT,0.0
28481,PKMLRNH,0.0
28482,QDADES,0.0
28483,YAADPQLPG,0.0
28484,VDPHCAQTG,0.0
28485,TAPVLSND,0.0
28486,FAFDSLCQQV,0.0
28487,CHQKEVSQ,0.0
28488,TCPRG,0.0
28489,NRSIRRLTGQ,0.0
28490,PRVVMN,0.0
28491,KNAHQKI,0.0
28492,DHGDIKQ,0.0
28493,AQLGAASCQ,0.0
28494,ANSNDVRW,0.0
28495,AAKQH,0.0
28496,QESEMEGER,0.0
28497,AVWRCGQLS,0.0
28498,GYWTSQEGVS,0.0
28499,PANQF,0.0
28500,FGMIKKNL,0.0
28501,NSHSGCAYN,0.0
28502,PMNNS,0.0
28503,GAMSSNNAY,0.0
28504,ANWMHGGI,0.0
28505,CGYDRVEKQ,0.0
28506,IPSTDTVGEK,0.0
28507,QKHQRDH,0.0
28508,CIIGDI,0.0
28509,DEESQRDETS,0.0
28510,IRKRFEKCGF,0.0
28511,QAERG,0.0
28512,DDPAPNSW,0.0
28513,CESPDPG,0.0
28514,SQMGCGGD,0.0
28515,NKQTEIA,0.0
28516,HGQMRSPNK,0.0
28517,NGKGVQQ,0.0
28518,MHIEEP,0.0
28519,TDNQMWKG,0.0
28520,RLSSTIRQ,0.0
28521,SRFVTQA,0.0
28522,LISKR,0.0
28523,AHSVMRECN,0.0
28524,PRVNE,0.0
28525,AKIAK,0.0
28526,MMALWCRGQ,0.0
28527,NPSTKPVSMN,0.0
28528,RQIWCVK,0.0
28529,DDLKRRNA,0.0
28530,CMNPISR,0.0
28531,MKVKLDRDE,0.0
28532,LCEGPFPEP,0.0
28533,HNPAKV,0.0
28534,EDMLFWYSCD,0.0
28535,NHDTAEVEHL,0.0
28536,HIIVCIE,0.0
28537,NAHILEV,0.0
28538,DECMG,0.0
28539,DKYQLD,0.0
28540,DIQQATCLY,0.0
28541,NALNNPRMGV,0.0
28542,PWNNEQPG,0.0
28543,DNMAKHCR,0.0
28544,EHMVNTDKIV,0.0
28545,REARRRPG,0.0
28546,INKDSVI,0.0
28547,FNEYGNES,0.0
28548,ICNHKILD,0.0
28549,TPGQIVQ,0.0
28550,ETTHPEAA,0.0
28551,TKAQKECHG,0.0
28552,DMHGAKVSID,0.0
28553,GLSYGHR,0.0
28554,EMDSLFIDM,0.0
28555,YDTQLTTS,0.0
28556,QSNRYRMTLG,0.0
28557,TVEHSCS,0.0
28558,GNCVVDCAIS,0.0
28559,KRREHTK,0.0
28560,QRGEI,0.0
28561,MGIWKHGE,0.0
28562,KGLMAA,0.0
28563,HEVAY,0.0
28564,YTGTR,0.0
28565,QTDNNKGRL,0.0
28566,GVHQGAAKCD,0.0
28567,NCFTRDH,0.0
28568,IQDLISFE,0.0
28569,DELPYC,0.0
28570,MRNANE,0.0
28571,QLMVDITH,0.0
28572,GITALGRD,0.0
28573,GTSGKDV,0.0
28574,NKKPIANPQP,0.0
28575,RRKDCWDHR,0.0
28576,DINHEMD,0.0
28577,TYEVAKQLTQ,0.0
28578,GSKGN,0.0
28579,QTMFCTQ,0.0
28580,QVAGN,0.0
28581,KQVQKNWT,0.0
28582,STNKQKQFK,0.0
28583,YKGHRSMQ,0.0
28584,CMELP,0.0
28585,ESNTYD,0.0
28586,GVPDTPRVG,0.0
28587,IGLKQI,0.0
28588,CKVQNA,0.0
28589,DGYQPFGACK,0.0
28590,NPRIKSMT,0.0
28591,LFEEDYNQ,0.0
28592,RTICMQRCA,0.0
28593,ADRNS,0.0
28594,QPNGKPPC,0.0
28595,AGGTAAHKH,0.0
28596,VDLDCPVK,0.0
28597,RSDKCQMGMD,0.0
28598,CTCNAWMRKV,0.0
28599,QTGVR,0.0
28600,QRSKCQEPH,0.0
28601,VVRSG,0.0
28602,DCPRQDMCNC,0.0
28603,QECMNPDKD,0.0
28604,ADIEAGH,0.0
28605,LNKRGYVK,0.0
28606,EIPRN,0.0
28607,PATLRG,0.0
28608,KAHER,0.0
28609,PDTGMTC,0.0
28610,YAMQEQSDKV,0.0
28611,YQYTQKLKA,0.0
28612,QVGWETDASH,0.0
28613,LIMIVQA,0.0
28614,ISKDKCGMQ,0.0
28615,WTEQCENIM,0.0
28616,YMDSQESVFG,0.0
28617,VNTRWKSI,0.0
28618,QGAGW,0.0
28619,CADTQ,0.0
28620,VCSAANTIE,0.0
28621,PIRYKG,0.0
28622,DVADKRRWRD,0.0
28623,EQIVACK,0.0
28624,GANAPD,0.0
28625,AFNHIRTCC,0.0
28626,TQDSQGNSI,0.0
28627,CCATQGDQVQ,0.0
28628,KEGEEFI,0.0
28629,TSMGAC,0.0
28630,GGNLMEGPSI,0.0
28631,QHGRMGTTSL,0.0
28632,QEPLC,0.0
28633,CERMQ,0.0
28634,LAHNDQ,0.0
28635,RENYMAMCK,0.0
28636,KTRLSG,0.0
28637,RYSGKCNRC,0.0
28638,VAHKTTL,0.0
28639,CKEMPN,0.0
28640,VVPNADSL,0.0
28641,EKFEIG,0.0
28642,QCEMLPQVQ,0.0
28643,GTEYP,0.0
28644,TLQPEESPVG,0.0
28645,FRAAQ,0.0
28646,FRFQHEQRAI,0.0
28647,ESTYQ,0.0
28648,IKTGCA,0.0
28649,PVYLWDEEM,0.0
28650,RNIMHGQLA,0.0
28651,VQNQTG,0.0
28652,KSFKSWK,0.0
28653,SSNCNSKV,0.0
28654,QSDPMCIRL,0.0
28655,MRCVTWRLD,0.0
28656,DWAVNACGSP,0.0
28657,ARGAWQRSQI,0.0
28658,MSQRNCRYVT,0.0
28659,DNFNEL,0.0
28660,AFGRNSP,0.0
28661,PSNGWPENVR,0.0
28662,LTRFLNRD,0.0
28663,RWALAALSR,0.0
28664,PCEITSQ,0.0
28665,DWRAPVASP,0.0
28666,MNENVRE,0.0
28667,KMDEC,0.0
28668,DGATRTSAA,0.0
28669,NQGRTWL,0.0
28670,IAWRNR,0.0
28671,KYPFQPPRIR,0.0
28672,NFSMNPD,0.0
28673,ENGDY,0.0
28674,QSEMDHPLRQ,0.0
28675,RNIFIIDR,0.0
28676,LRNLQ,0.0
28677,EGCDYENM,0.0
28678,YGCKQ,0.0
28679,HCMLQKKT,0.0
28680,HQKANYHRNP,0.0
28681,PTMGR,0.0
28682,CRYVTMSQRN,0.0
28683,TQCSNNQW,0.0
28684,CELIRGIR,0.0
28685,NQLKI,0.0
28686,INDDYNIYY,0.0
28687,HKSLDARPAN,0.0
28688,RPTLNPRQDS,0.0
28689,EDCMQFS,0.0
28690,AESSLHDQFD,0.0
28691,DMDGD,0.0
28692,LTVAVDVKDR,0.0
28693,VGEIKVKK,0.0
28694,SATKR,0.0
28695,ALGTLGMITC,0.0
28696,WQEQVNK,0.0
28697,ALMMPKQDR,0.0
28698,GTDSRKWNTS,0.0
28699,KWTDRLNDRT,0.0
28700,VECSNIC,0.0
28701,NQCHEL,0.0
28702,FDHDV,0.0
28703,TQCAKM,0.0
28704,VRMRTKHPNK,0.0
28705,ETWNGRLKVK,0.0
28706,NYKPGTNGC,0.0
28707,RELFK,0.0
28708,DVGQNCINEM,0.0
28709,EWSPCNR,0.0
28710,NQYNWGLR,0.0
28711,STTSHRTFP,0.0
28712,LDEPTNQQWR,0.0
28713,MPIPTREK,0.0
28714,ASRVSQQMGD,0.0
28715,YNLECDHET,0.0
28716,GDHLLGVTW,0.0
28717,LSAPHQME,0.0
28718,VGGSVCRYRE,0.0
28719,MQGSAR,0.0
28720,CMRHFQDE,0.0
28721,PHGGET,0.0
28722,SYPPLEC,0.0
28723,LGCTPGRVA,0.0
28724,TQPCAM,0.0
28725,GFRSLEQDT,0.0
28726,KTDVELKSIP,0.0
28727,DDRKMNQQAA,0.0
28728,WEDQV,0.0
28729,VKFIKAG,0.0
28730,GRKIE,0.0
28731,EPDYEEMAN,0.0
28732,SVEDVDNNKH,0.0
28733,GSQNVFQC,0.0
28734,CVGVDKTI,0.0
28735,KPLRPQ,0.0
28736,IYVPSAA,0.0
28737,AVATGNH,0.0
28738,GFQNYPQFT,0.0
28739,TAQKDMELQ,0.0
28740,LRDETQA,0.0
28741,FMDNRA,0.0
28742,TWDHTNQP,0.0
28743,ELEMQG,0.0
28744,AEEHAEFVTG,0.0
28745,NSPKMGVMK,0.0
28746,CEDGI,0.0
28747,GQDWLA,0.0
28748,VGEIME,0.0
28749,PLVHHPDP,0.0
28750,YRCKDKYTA,0.0
28751,AACPNYQPC,0.0
28752,DLRPVDLL,0.0
28753,HLGHSFGVD,0.0
28754,DQWWANTFGQ,0.0
28755,PQETAC,0.0
28756,CECSRMRK,0.0
28757,IRKKMEQM,0.0
28758,IGKPGMCN,0.0
28759,VGSHAA,0.0
28760,TACAEL,0.0
28761,HFKENGSH,0.0
28762,SVNQK,0.0
28763,PEDTETK,0.0
28764,YNDGF,0.0
28765,KIMNSDTA,0.0
28766,RLFIRRMNK,0.0
28767,FHEAIDNWT,0.0
28768,QQGCQVI,0.0
28769,GQIPGN,0.0
28770,VLFEHCED,0.0
28771,EAPRPINQ,0.0
28772,HLGNVMAEIS,0.0
28773,GNSSFQI,0.0
28774,RRVAQIK,0.0
28775,DCFQGYNPC,0.0
28776,DCCGGHCIN,0.0
28777,MTSQIRQLW,0.0
28778,RYVQVK,0.0
28779,VRESGLLVDC,0.0
28780,AACLVS,0.0
28781,TCGQTA,0.0
28782,KGGINRHQ,0.0
28783,SNNARQDMI,0.0
28784,RRNPTTAKY,0.0
28785,LENTGK,0.0
28786,NWLEMEKTK,0.0
28787,VESKN,0.0
28788,LEDMSC,0.0
28789,WWHYNHEEQ,0.0
28790,HEFDFCGL,0.0
28791,DNPEI,0.0
28792,HSAKWFPEG,0.0
28793,NEMHEREQ,0.0
28794,SRRLM,0.0
28795,GTQDLLHS,0.0
28796,GNNCSHK,0.0
28797,ATMKDG,0.0
28798,QIITNDSNMR,0.0
28799,ESWDYICD,0.0
28800,GPSQDG,0.0
28801,DHFIILTDDL,0.0
28802,GEEDVIKP,0.0
28803,RESNTLG,0.0
28804,DQMVD,0.0
28805,GLTPNTACI,0.0
28806,AVDNCSMPY,0.0
28807,LQWDVGES,0.0
28808,SKWCRNFEI,0.0
28809,ICEGH,0.0
28810,AMKAMC,0.0
28811,AIGCEE,0.0
28812,DSNMR,0.0
28813,QRNFGPH,0.0
28814,EIVEHRTL,0.0
28815,MQRKV,0.0
28816,ERIIINFQ,0.0
28817,YLRLK,0.0
28818,EKAEDSKPHW,0.0
28819,IHEMVADSQP,0.0
28820,GNRKR,0.0
28821,NNLQEW,0.0
28822,CETPAE,0.0
28823,HGEFEHMNFQ,0.0
28824,RKTRS,0.0
28825,RCVPRMNC,0.0
28826,VVEVNS,0.0
28827,QLGKNIM,0.0
28828,DVICHPD,0.0
28829,GMPMILMRL,0.0
28830,CNMLRKHG,0.0
28831,KRRDR,0.0
28832,KESSWDRKDE,0.0
28833,IRGIPN,0.0
28834,TREGEC,0.0
28835,QNIIKCHHK,0.0
28836,GHAGVP,0.0
28837,GGQNLHE,0.0
28838,PLNKGNEPE,0.0
28839,KHEKDER,0.0
28840,QVENGAW,0.0
28841,GEHPQG,0.0
28842,IDGICIA,0.0
28843,FDDFCIESEM,0.0
28844,HSMHIKPA,0.0
28845,RNPGYKMRE,0.0
28846,DCNHLCSK,0.0
28847,EQGEQCK,0.0
28848,SRANM,0.0
28849,NGDATKTKT,0.0
28850,WNGKGWR,0.0
28851,QPIGK,0.0
28852,NKASGVKYSA,0.0
28853,RTHNSISGD,0.0
28854,YDSCMLTNNV,0.0
28855,IMQSGNAW,0.0
28856,DYPPE,0.0
28857,ECLSMGITTE,0.0
28858,PLNWQEDRQC,0.0
28859,SVNYGRG,0.0
28860,HLFQLMQP,0.0
28861,NRWHSVTGTR,0.0
28862,IMEENS,0.0
28863,QMMDN,0.0
28864,RVTVRG,0.0
28865,IDQMD,0.0
28866,SFNPEMGMQP,0.0
28867,CDYSNLTDVR,0.0
28868,DIECDKPQGN,0.0
28869,TGLEPNNVC,0.0
28870,AKAQRG,0.0
28871,LLTEIGSAAR,0.0
28872,FPQDT,0.0
28873,LQNDVRT,0.0
28874,AMKFRWRKC,0.0
28875,PYSGKK,0.0
28876,GFSLRA,0.0
28877,IDQTTCKNK,0.0
28878,RDCICKWGN,0.0
28879,PTMQMAPM,0.0
28880,NADWNQAT,0.0
28881,CPHMKNRTE,0.0
28882,TIILNKP,0.0
28883,DIQEFTQE,0.0
28884,IPDTGMGT,0.0
28885,WIMENLENE,0.0
28886,IAIQR,0.0
28887,EEITTGNKID,0.0
28888,KQFVAR,0.0
28889,YTSRIA,0.0
28890,EGAMR,0.0
28891,IEAVHAAHT,0.0
28892,SSESQE,0.0
28893,DQNFKSEQ,0.0
28894,GTPLCMR,0.0
28895,EKFTSLK,0.0
28896,RVAVCRM,0.0
28897,TQGNA,0.0
28898,QEAWECRRS,0.0
28899,PFARA,0.0
28900,VGQEY,0.0
28901,DYWQPIYGE,0.0
28902,QVSKENLEIP,0.0
28903,ARIIK,0.0
28904,IAVIET,0.0
28905,TNMERQ,0.0
28906,GRTMGLK,0.0
28907,DNHNVSN,0.0
28908,CGQEDSIRQL,0.0
28909,MFTNCSRGT,0.0
28910,SGNEYC,0.0
28911,ASRSACPIM,0.0
28912,LQMRAKCCH,0.0
28913,RSNYR,0.0
28914,AIPIEK,0.0
28915,KATYHCGPR,0.0
28916,FIFDQRTQ,0.0
28917,EQWAI,0.0
28918,HWLEQWDRE,0.0
28919,HDDGSHQDRF,0.0
28920,KNHSKPR,0.0
28921,KPNPCM,0.0
28922,QDQGWNCGR,0.0
28923,TWMQQHQ,0.0
28924,PWSDADST,0.0
28925,DDFCEA,0.0
28926,RSMRKII,0.0
28927,TPTKCDL,0.0
28928,ACTYVAKE,0.0
28929,RLKTNTC,0.0
28930,TYLLKNEMS,0.0
28931,GQQTA,0.0
28932,GMGSL,0.0
28933,HDQDV,0.0
28934,VVTDLKCGP,0.0
28935,SQDHHPELT,0.0
28936,SKWRRAGIR,0.0
28937,GRNWACCCN,0.0
28938,MHERK,0.0
28939,EIKAKRCYEV,0.0
28940,NDVDCL,0.0
28941,IDVMG,0.0
28942,AYNPDSRPN,0.0
28943,AVTED,0.0
28944,RRDCRM,0.0
28945,TGRQQEEVA,0.0
28946,VTACAKIC,0.0
28947,CRATT,0.0
28948,KSLRPVHRN,0.0
28949,WEMEW,0.0
28950,IKAEA,0.0
28951,IRISQ,0.0
28952,CPDMTV,0.0
28953,GCIDRTHA,0.0
28954,RLKVKETWNG,0.0
28955,PAQAMVNAT,0.0
28956,EIEQF,0.0
28957,MYDGIGIE,0.0
28958,EQETDCIH,0.0
28959,SSLTSGEG,0.0
28960,CLQEGMIAW,0.0
28961,LHNPIQGIAL,0.0
28962,KWKFSNKRIT,0.0
28963,GEYNDPN,0.0
28964,GCIGP,0.0
28965,HTRHMLRM,0.0
28966,YQVCKYTEK,0.0
28967,WWDRGRGE,0.0
28968,CSWGVREEG,0.0
28969,SNVGCSRGA,0.0
28970,IEMHDRQKPG,0.0
28971,TGQLAGPQ,0.0
28972,RPCIR,0.0
28973,DFGETLDM,0.0
28974,AEHGG,0.0
28975,ETMLTPVK,0.0
28976,ETVAN,0.0
28977,HVGDGCN,0.0
28978,HDGISYNVN,0.0
28979,MTVNKANER,0.0
28980,PCICQIKML,0.0
28981,NLNLESG,0.0
28982,GDHPEDMHQD,0.0
28983,AAQEFHKTII,0.0
28984,HGKKHLK,0.0
28985,SGSVRTMIK,0.0
28986,HFNLNDV,0.0
28987,ANNVKATRDD,0.0
28988,WGANVYCKA,0.0
28989,ASNLFKAA,0.0
28990,DRMCTG,0.0
28991,MGIEP,0.0
28992,KADRLNCM,0.0
28993,SPKNREQ,0.0
28994,WGKRYNQANA,0.0
28995,MMAAKSNRLC,0.0
28996,PEAMYQ,0.0
28997,QDMWPEFRL,0.0
28998,HGCWTNNGQ,0.0
28999,VVRNQPFGCR,0.0
29000,EWDMMK,0.0
29001,TPNMTQEIY,0.0
29002,MSVNSCNI,0.0
29003,AQLKSG,0.0
29004,NTWYQAHG,0.0
29005,DIGPCVK,0.0
29006,TNEGDMQ,0.0
29007,CGKWNGSG,0.0
29008,VTGCC,0.0
29009,IVDPSRGAR,0.0
29010,HRNAEQRPV,0.0
29011,SNRGFVIK,0.0
29012,LTCAKN,0.0
29013,ISKQI,0.0
29014,VIMQT,0.0
29015,FVHLDDIDIA,0.0
29016,DCVRQTRH,0.0
29017,NGSPDLQTL,0.0
29018,KVQFGAR,0.0
29019,MRRRNGTD,0.0
29020,EIHESTVS,0.0
29021,ETIKR,0.0
29022,NDENEGFYCC,0.0
29023,GNWCKHG,0.0
29024,KGTKGAKPK,0.0
29025,GTLKCIYTQ,0.0
29026,TDVVTDCVG,0.0
29027,VLSTETK,0.0
29028,PQEGSQLGH,0.0
29029,CYPSRKV,0.0
29030,VDQSNCDSE,0.0
29031,PSFHQRN,0.0
29032,INKFK,0.0
29033,MQEFGCT,0.0
29034,NVTGLQ,0.0
29035,CSGWDHQQ,0.0
29036,GWEVHIDMC,0.0
29037,EQHSTQFYPA,0.0
29038,ANTDMH,0.0
29039,WMGTECDQH,0.0
29040,HPCNEPREG,0.0
29041,DGQRM,0.0
29042,LIARE,0.0
29043,AQHAV,0.0
29044,RAQNIMK,0.0
29045,GNSCS,0.0
29046,DPCNRP,0.0
29047,HNIDSQSTSM,0.0
29048,DRMMKQDHK,0.0
29049,GFGNFNN,0.0
29050,PHDASAAKQS,0.0
29051,KCDVE,0.0
29052,MVSTAKNQ,0.0
29053,THGCDCAIKE,0.0
29054,SIPKA,0.0
29055,INVAFNSMN,0.0
29056,NKLVLKITGG,0.0
29057,RFWCKK,0.0
29058,GRGDVMSF,0.0
29059,GDSLTSKSV,0.0
29060,STVLPWCAN,0.0
29061,TKNVMKKLSL,0.0
29062,TSWMHGCLDD,0.0
29063,APCVNPSP,0.0
29064,PYEEEQ,0.0
29065,GARTS,0.0
29066,GFMQSHKK,0.0
29067,YADSE,0.0
29068,DQHREDNF,0.0
29069,RITKGSCVA,0.0
29070,MYAEN,0.0
29071,LPCAMCR,0.0
29072,NSGRVLVD,0.0
29073,AFGDYQ,0.0
29074,DWWGQNSWQ,0.0
29075,FDDTE,0.0
29076,QHKNP,0.0
29077,MLEYENP,0.0
29078,SKWKK,0.0
29079,MPMAEIE,0.0
29080,QVDPMHDIV,0.0
29081,RLISK,0.0
29082,AQIKR,0.0
29083,TRSHTIDE,0.0
29084,GVISHCQI,0.0
29085,DRLCLAISM,0.0
29086,FCEIFEQQ,0.0
29087,FGQVIYKRRC,0.0
29088,ASCECSPGT,0.0
29089,VPEML,0.0
29090,VCNNEQCV,0.0
29091,NGNPEHR,0.0
29092,DMGEALSG,0.0
29093,LGSDNPSVRG,0.0
29094,ETNCVN,0.0
29095,AEVNT,0.0
29096,HYEVDTRLM,0.0
29097,EKLEMKKWDV,0.0
29098,RVRDTTQV,0.0
29099,MDTEL,0.0
29100,ATMADGMLRC,0.0
29101,HANKEA,0.0
29102,SEQAE,0.0
29103,CDQDVER,0.0
29104,GEPENY,0.0
29105,QQWNFSK,0.0
29106,CEKSAAMTEV,0.0
29107,EMDGLLGYTG,0.0
29108,MHESM,0.0
29109,ISGRLRFPN,0.0
29110,YKQRCQHL,0.0
29111,AEIAY,0.0
29112,DKRMKGEE,0.0
29113,ACNEWTC,0.0
29114,AEVDPPWKG,0.0
29115,GRIENGIAT,0.0
29116,TKDCFRTWN,0.0
29117,SCPDP,0.0
29118,EYIVSA,0.0
29119,MKSVRTKG,0.0
29120,YAMDERTQV,0.0
29121,EDLTV,0.0
29122,RWRQEMNIP,0.0
29123,QCNFTDGHL,0.0
29124,SLLCTIVGI,0.0
29125,EIDSDIEGK,0.0
29126,QDDHP,0.0
29127,LSSMYCKAK,0.0
29128,EMVLLGT,0.0
29129,GRIIHKIRM,0.0
29130,REIGGQV,0.0
29131,TVNFCMPN,0.0
29132,KERECNVMC,0.0
29133,SWAETGMER,0.0
29134,EGVFRTFRK,0.0
29135,EIQITLVK,0.0
29136,LQTQHQEMA,0.0
29137,LCGQLR,0.0
29138,TNSNSQIVAC,0.0
29139,GLHSYPDIA,0.0
29140,DAIMRPIR,0.0
29141,DGAMNWGLP,0.0
29142,RIQMDEPR,0.0
29143,AMLEGL,0.0
29144,CEDCTN,0.0
29145,RWMHHSAQK,0.0
29146,SEMKMTCR,0.0
29147,GPQTSKAAEL,0.0
29148,RSWQHPDF,0.0
29149,PPKCRDS,0.0
29150,DYPPLCTER,0.0
29151,QLGHNYRSK,0.0
29152,HCNDE,0.0
29153,ACRIKWPQL,0.0
29154,AEVTMHMCN,0.0
29155,LSMTNRE,0.0
29156,QNDLHE,0.0
29157,QITTIELL,0.0
29158,CQMRVQSC,0.0
29159,QPQSLK,0.0
29160,LTCECPDT,0.0
29161,CEDTCES,0.0
29162,PEREAET,0.0
29163,NENKTYL,0.0
29164,MDHPD,0.0
29165,MTMAMLRE,0.0
29166,NQDKRGIEAE,0.0
29167,ERTGQHLCGC,0.0
29168,WKSERDGDMW,0.0
29169,NCISCDIPH,0.0
29170,GTFEMTG,0.0
29171,DKERPVMMNW,0.0
29172,NRQHR,0.0
29173,AGIVCENKTH,0.0
29174,NGHIFISR,0.0
29175,DRLLILNSRG,0.0
29176,GGVHKDDE,0.0
29177,WATRGKRS,0.0
29178,DSMMM,0.0
29179,KCDHAGD,0.0
29180,TVLDNLGFC,0.0
29181,DYMCKNDM,0.0
29182,RVKNSDGVH,0.0
29183,SQYHDYD,0.0
29184,IGTRCA,0.0
29185,KEHDEMP,0.0
29186,PVRNKEKLYC,0.0
29187,DRGTKPS,0.0
29188,EHCTVPDN,0.0
29189,PHHEEE,0.0
29190,ALKKQRRDEH,0.0
29191,IQNNQNLMP,0.0
29192,QPGIWTLMA,0.0
29193,PEGMDNY,0.0
29194,DQSDHIKME,0.0
29195,EPVIHYRSE,0.0
29196,FCRPQAMGL,0.0
29197,MNEVMLREK,0.0
29198,MPDWADHLA,0.0
29199,CDRTGMEFM,0.0
29200,IARKN,0.0
29201,MNGGGHL,0.0
29202,DKGTSHG,0.0
29203,HKVFCGCRNQ,0.0
29204,GHHKEWQEF,0.0
29205,VWGPNEKM,0.0
29206,SACMAYHLE,0.0
29207,HDQGYH,0.0
29208,NCTILSFLE,0.0
29209,NDVAKTH,0.0
29210,QMAAVG,0.0
29211,QHDDRIMVN,0.0
29212,GVHNHNDHED,0.0
29213,SAYGKTHCR,0.0
29214,LDCDVDWF,0.0
29215,NMAII,0.0
29216,AVLERRWM,0.0
29217,HSENLYCDA,0.0
29218,ERYTKHSPK,0.0
29219,IYKRRGYAS,0.0
29220,TVPDETFEH,0.0
29221,IMLEMRA,0.0
29222,RGKMM,0.0
29223,HEGDYTE,0.0
29224,FDSNSAM,0.0
29225,VGMNDHS,0.0
29226,GEMKGGHM,0.0
29227,CFNIKQIEDG,0.0
29228,HPKTKHAFT,0.0
29229,LYGDKD,0.0
29230,TNGCDSGD,0.0
29231,VGATI,0.0
29232,NRFEEG,0.0
29233,GVERKKLD,0.0
29234,EETIHEW,0.0
29235,KIEKMDNQQ,0.0
29236,EPQTESQLAQ,0.0
29237,NGMIAV,0.0
29238,GGHMGTRLV,0.0
29239,QMDPIMSC,0.0
29240,HRVLRI,0.0
29241,RSMIP,0.0
29242,PIANHTETE,0.0
29243,CPRMI,0.0
29244,NDWGQK,0.0
29245,EHMVN,0.0
29246,GIYVDIVQP,0.0
29247,KDRDKHA,0.0
29248,NKMLL,0.0
29249,SIHVENARA,0.0
29250,FNVENRRLK,0.0
29251,RKFEQ,0.0
29252,KVIPMTGT,0.0
29253,WTQDEKKE,0.0
29254,KCMQMVKK,0.0
29255,TPKKNRGD,0.0
29256,MKSSVNSR,0.0
29257,GNKIDEEITT,0.0
29258,FIGHQFGN,0.0
29259,YYMKTEMRQ,0.0
29260,VKEIHKDT,0.0
29261,QAQCQS,0.0
29262,GVWQGK,0.0
29263,NGDYEINK,0.0
29264,GAEDM,0.0
29265,LAEAP,0.0
29266,KWCGSGEN,0.0
29267,EVFCYMVAV,0.0
29268,SMNSDDEI,0.0
29269,LMGCK,0.0
29270,KRMKCCT,0.0
29271,DFKQR,0.0
29272,KFNPSQL,0.0
29273,MMQNNPK,0.0
29274,EEEQS,0.0
29275,NKLRIKQQY,0.0
29276,RNTQMR,0.0
29277,DGDGYFI,0.0
29278,NVFRQQQENH,0.0
29279,GTTVRQQCEM,0.0
29280,GMTGR,0.0
29281,YPDNN,0.0
29282,ITKPTQTRYA,0.0
29283,TADSRCR,0.0
29284,PNNIIPK,0.0
29285,VLNNMNFGN,0.0
29286,RTFRVAWG,0.0
29287,TQSTA,0.0
29288,QNYRTK,0.0
29289,LVSGSGAMNT,0.0
29290,NRGILHK,0.0
29291,TRQRWYQKI,0.0
29292,RGKPQKMQLM,0.0
29293,KVGNPKYN,0.0
29294,LDFGYQD,0.0
29295,SNSTRQWL,0.0
29296,ETSCHKDVV,0.0
29297,CKTSKGR,0.0
29298,MWYLQRQLE,0.0
29299,KKHNVYMAG,0.0
29300,KPNIVNR,0.0
29301,NRGEKMD,0.0
29302,VQIDMQAQ,0.0
29303,RQSESREI,0.0
29304,HNPND,0.0
29305,FHHNCETCQG,0.0
29306,TSKSSAIQH,0.0
29307,MPVKVNP,0.0
29308,SMGQWPND,0.0
29309,KDRASTEMQ,0.0
29310,TTSYYRKQK,0.0
29311,EYCYHDM,0.0
29312,EYSFGGM,0.0
29313,VRIPN,0.0
29314,EHGRRMAARW,0.0
29315,QVRMKTKA,0.0
29316,CTAKA,0.0
29317,EQFVSGS,0.0
29318,FDRATGARM,0.0
29319,IQVGDMP,0.0
29320,NCAFDCDS,0.0
29321,KQQCVTH,0.0
29322,QSPPR,0.0
29323,CLTVPRTK,0.0
29324,QHRDMECGAS,0.0
29325,LHNAGIGLE,0.0
29326,RMRSHEEKGF,0.0
29327,EFNWDTC,0.0
29328,SFWSLDEWG,0.0
29329,NKGEQQRS,0.0
29330,DDFGHA,0.0
29331,EVVEHIAL,0.0
29332,HSRIAQV,0.0
29333,GITTEECLSM,0.0
29334,MKQSGTDNLN,0.0
29335,YLARKRVWP,0.0
29336,HIENIMIV,0.0
29337,YSLRYTVCK,0.0
29338,ECNGVKQDN,0.0
29339,PQTENEHM,0.0
29340,QEPKWG,0.0
29341,KDCPTKGLVT,0.0
29342,GRFMSMLKKM,0.0
29343,IIKQRQP,0.0
29344,YQSSRCM,0.0
29345,KEQADVV,0.0
29346,NCEECLCE,0.0
29347,NNNAFRQ,0.0
29348,ESQRQCE,0.0
29349,ARSPYK,0.0
29350,VVGNGHVTC,0.0
29351,RQPRN,0.0
29352,TGREELRNF,0.0
29353,CDRGI,0.0
29354,CDPNFR,0.0
29355,LILFETGAKR,0.0
29356,RANCITAD,0.0
29357,NHEGEMI,0.0
29358,KRIHCPRYG,0.0
29359,NNRVS,0.0
29360,TIGGLM,0.0
29361,THTQR,0.0
29362,NWADRK,0.0
29363,AVPGPADNS,0.0
29364,MKVTGAKP,0.0
29365,ANEKQ,0.0
29366,MACEEAQAW,0.0
29367,SDMYQKENST,0.0
29368,LDGKLTTQP,0.0
29369,DAQRFLRSLS,0.0
29370,PSKTRDN,0.0
29371,KWNNIRQMD,0.0
29372,YSFGWTDQN,0.0
29373,GPRNPCNSA,0.0
29374,QMKTMTSE,0.0
29375,FCRGIDNRMK,0.0
29376,ASCKHKMK,0.0
29377,TWSEGRG,0.0
29378,FVDDI,0.0
29379,VVNNQCGL,0.0
29380,GIGNVYS,0.0
29381,GMSDRLR,0.0
29382,GEMTA,0.0
29383,DQNGHQNCR,0.0
29384,MQGYSQGKI,0.0
29385,PCNNQ,0.0
29386,THISNG,0.0
29387,TRMGT,0.0
29388,HGQCD,0.0
29389,CFNKRWNQPK,0.0
29390,YMMKTNE,0.0
29391,METTQVGD,0.0
29392,NTQENEIPH,0.0
29393,KGSNYNNRLV,0.0
29394,YTGTTGMRGP,0.0
29395,PKYKR,0.0
29396,GDCLRMC,0.0
29397,QDQGCDP,0.0
29398,VRRKTH,0.0
29399,NSMPN,0.0
29400,QFVTSDQR,0.0
29401,WNLWLKQKQ,0.0
29402,TMLIERDF,0.0
29403,RPYRRQHTL,0.0
29404,KGEFSDG,0.0
29405,EDITGFDM,0.0
29406,QRTENC,0.0
29407,ESMKIP,0.0
29408,GMSWTHACS,0.0
29409,EQGWPRCHQ,0.0
29410,GEGMHTNVP,0.0
29411,VKGDRVWC,0.0
29412,KCAMGP,0.0
29413,IEGHLNLATT,0.0
29414,LGDFHISPN,0.0
29415,MPLNSSCNI,0.0
29416,KCMHGSRM,0.0
29417,ADTADR,0.0
29418,TMDADQKESN,0.0
29419,HFKKETAGH,0.0
29420,KNEQDTVVR,0.0
29421,SDYYVSAEM,0.0
29422,TAPFRTNPM,0.0
29423,NNISGRQKF,0.0
29424,HDWQQGH,0.0
29425,YTPQESIGEI,0.0
29426,NKGIMWRL,0.0
29427,YGYIHSNDDH,0.0
29428,VRGVEST,0.0
29429,EKMGG,0.0
29430,APDFAMGML,0.0
29431,EATYM,0.0
29432,RSHQNHTR,0.0
29433,EMCMIHP,0.0
29434,LLGLTTRLR,0.0
29435,RVIECR,0.0
29436,HKGDMECP,0.0
29437,AKAMSEVMS,0.0
29438,HLEFESGE,0.0
29439,NVKDEDMETD,0.0
29440,NDLVEGRNID,0.0
29441,DEGMTH,0.0
29442,CLVGNTEK,0.0
29443,CMGNQS,0.0
29444,VYNKNNQQ,0.0
29445,PRIICKVIQK,0.0
29446,MESLC,0.0
29447,IIKSRQASV,0.0
29448,VKSPGNCG,0.0
29449,RRARDLQC,0.0
29450,PSGKKW,0.0
29451,ETAFVPKV,0.0
29452,EMMDEWF,0.0
29453,RGRVDINGM,0.0
29454,WKGVNQHRRN,0.0
29455,DEGNVLSNY,0.0
29456,PNGSC,0.0
29457,ASNNYCN,0.0
29458,NMAVCAWE,0.0
29459,ESLLDEMVFS,0.0
29460,DEGGKF,0.0
29461,NELHLQEE,0.0
29462,KDWKKTC,0.0
29463,RFQCKRIIA,0.0
29464,QWEEQYM,0.0
29465,PCMEYHSCE,0.0
29466,VKDKA,0.0
29467,CMCMQEPCL,0.0
29468,RQQIATKTME,0.0
29469,EPNGWLDRCL,0.0
29470,SRKGWA,0.0
29471,PVSQNTD,0.0
29472,MWDHCE,0.0
29473,QIIVHLMQ,0.0
29474,WHRVKEK,0.0
29475,GAGFPHQP,0.0
29476,MVLDILGKNS,0.0
29477,FNQNWRR,0.0
29478,DKGRFMYAE,0.0
29479,NQMKQYERA,0.0
29480,KLCGIAAV,0.0
29481,VSCAEDPK,0.0
29482,VDQLFNKM,0.0
29483,CYQGPDAID,0.0
29484,FMPEQRSAS,0.0
29485,ECFMTKRQQR,0.0
29486,GNEVA,0.0
29487,DIECDWC,0.0
29488,ECIFSNTL,0.0
29489,NDEDGRHPD,0.0
29490,CNVDEPR,0.0
29491,MCKPRM,0.0
29492,RECPFPESK,0.0
29493,GHIMGNI,0.0
29494,SDLHQSIV,0.0
29495,EMRMSL,0.0
29496,PYAHSGLND,0.0
29497,KEGKAITWR,0.0
29498,MNQAL,0.0
29499,ECTRTHDL,0.0
29500,LTFFHQDDQN,0.0
29501,IGWKSAMD,0.0
29502,EIQKV,0.0
29503,QGIQDSF,0.0
29504,TNPVGFQRRS,0.0
29505,ANGQPVM,0.0
29506,FVMVPKGKS,0.0
29507,LSACNTR,0.0
29508,QREIN,0.0
29509,RTANCSS,0.0
29510,MLGNMGCCLG,0.0
29511,ESVSDGYNEL,0.0
29512,WPDSNYEADD,0.0
29513,HEIGP,0.0
29514,VPQDAMH,0.0
29515,LKMMRC,0.0
29516,PNTGFQT,0.0
29517,QKQEG,0.0
29518,NETGQVFESP,0.0
29519,PDNND,0.0
29520,DYIQEF,0.0
29521,MFPTGAQIEC,0.0
29522,VHTGQEAHV,0.0
29523,DMTAL,0.0
29524,LPDDLWINVT,0.0
29525,ADLEVPD,0.0
29526,SPNRR,0.0
29527,ENWMDYQTSA,0.0
29528,PDAHFGATH,0.0
29529,HQCHYMSK,0.0
29530,KVQEIAGCTI,0.0
29531,DEDEFGFW,0.0
29532,EYQHDCHE,0.0
29533,MIPTTNCL,0.0
29534,PSQDL,0.0
29535,MDNGHDDGDW,0.0
29536,CSLMSSKQN,0.0
29537,TKRLQLTGG,0.0
29538,NSGEEI,0.0
29539,EQNAY,0.0
29540,VDMQAAAHHP,0.0
29541,CGRTHR,0.0
29542,NTELVL,0.0
29543,DCLFGCTDKD,0.0
29544,MQMAI,0.0
29545,FAEVHFDMNY,0.0
29546,NGDVYKP,0.0
29547,MARKT,0.0
29548,HTQQM,0.0
29549,EYWPESGILS,0.0
29550,NGRTLRSMKM,0.0
29551,DQDVKMCR,0.0
29552,ACGCVNKNLL,0.0
29553,QIAHR,0.0
29554,DIRVE,0.0
29555,KQFVNEIAEL,0.0
29556,NQCLIRE,0.0
29557,IMEPDIHQ,0.0
29558,INAPVAFQR,0.0
29559,GTCGRIKQ,0.0
29560,QFQCGA,0.0
29561,DPNDAHLP,0.0
29562,VNAGLLDYT,0.0
29563,EQYNNG,0.0
29564,QRVPNSVQH,0.0
29565,IPGNQRG,0.0
29566,QNAIF,0.0
29567,NRLIQIAGR,0.0
29568,VPKKDYNAQ,0.0
29569,SGTMGE,0.0
29570,NHMTKINGE,0.0
29571,TALKAAMLCN,0.0
29572,MVIAQ,0.0
29573,CCMGHESS,0.0
29574,MGPDNV,0.0
29575,SLQVHYAKQ,0.0
29576,ALQSG,0.0
29577,KQERKPDL,0.0
29578,DTRPRDTCYA,0.0
29579,RHYKGRQRQ,0.0
29580,KRENKYGLY,0.0
29581,TPSVRLPN,0.0
29582,EKEEFQI,0.0
29583,IPSMRTQ,0.0
29584,EEAFYVVICV,0.0
29585,QFKDGNWR,0.0
29586,RIKKPCNMQI,0.0
29587,TGPMRKAR,0.0
29588,MEHRGQHWN,0.0
29589,MYIYAEADG,0.0
29590,CNQEFCKD,0.0
29591,MEELLWLP,0.0
29592,SGGKQY,0.0
29593,FVNKVTK,0.0
29594,DTNKMVE,0.0
29595,IMKSGNMI,0.0
29596,WSTQRRN,0.0
29597,CGTCSQV,0.0
29598,SADCSIAN,0.0
29599,CTMANL,0.0
29600,TAKCL,0.0
29601,CTIQNHPIQ,0.0
29602,CNLGKDHL,0.0
29603,GMGRMMMNI,0.0
29604,GHAHEQVSM,0.0
29605,SNIVK,0.0
29606,KDPPGLK,0.0
29607,WQDVQHDV,0.0
29608,CNFGGLNPH,0.0
29609,LWGGTA,0.0
29610,EQIHQKCK,0.0
29611,PRMAAEGPLQ,0.0
29612,KWSCQGCDE,0.0
29613,GKLGFT,0.0
29614,GITSEMKQD,0.0
29615,NCGSDVIMCQ,0.0
29616,KCFPCPIRL,0.0
29617,DHGEG,0.0
29618,DCPQNEEGL,0.0
29619,VNTRTD,0.0
29620,HNWADQI,0.0
29621,HNFLNNEPC,0.0
29622,PMKITTQ,0.0
29623,VKALI,0.0
29624,AQCRNMQMKE,0.0
29625,CGYRCPCRF,0.0
29626,FNRALMRL,0.0
29627,HGMKRSEN,0.0
29628,PVACATDS,0.0
29629,TTTSKAGAL,0.0
29630,LKPLNM,0.0
29631,DIGHELYI,0.0
29632,DTSRGMKRF,0.0
29633,EVVFRGTVTS,0.0
29634,EPDEGLGE,0.0
29635,ASEDELHTCS,0.0
29636,GDRMHGQV,0.0
29637,GYDPTCQQ,0.0
29638,MRNRAE,0.0
29639,EECQD,0.0
29640,EDRQCPLNWQ,0.0
29641,VRRLI,0.0
29642,EQMAC,0.0
29643,ICDIPIEG,0.0
29644,IRNEWDMDP,0.0
29645,YDTRKKETCC,0.0
29646,IMSDPNQI,0.0
29647,LAHDKDMP,0.0
29648,YKSAVFNSR,0.0
29649,IRSRQHGN,0.0
29650,RTVSTG,0.0
29651,QTHRQRVR,0.0
29652,QKGECDTDE,0.0
29653,WACMVKKGR,0.0
29654,YMMMTTEDDE,0.0
29655,CADYNPDTQD,0.0
29656,CLAIPPLT,0.0
29657,QRFDIVQNL,0.0
29658,QFQKQSCKPI,0.0
29659,DMIVFMRKA,0.0
29660,LAEKQEETNR,0.0
29661,VKDDV,0.0
29662,DRDSTIME,0.0
29663,GFKNVVN,0.0
29664,AAHKYGAHK,0.0
29665,FMDQAVQCRT,0.0
29666,HCINNCKN,0.0
29667,IGFPRGE,0.0
29668,EPPMS,0.0
29669,GSLPEAEG,0.0
29670,EGPSI,0.0
29671,QGIWNTIGS,0.0
29672,DQQFA,0.0
29673,ISACHNRVQ,0.0
29674,HDMKTGSQY,0.0
29675,FWPEDYDD,0.0
29676,WNESVWTG,0.0
29677,MTRAQM,0.0
29678,MACLERHK,0.0
29679,VIWTNQKR,0.0
29680,ELQQSLRF,0.0
29681,EKRRAGS,0.0
29682,PFNVEN,0.0
29683,HPGRPINPG,0.0
29684,HISGGQIR,0.0
29685,GECELPLDN,0.0
29686,FDQDTCQTLE,0.0
29687,QNANKNFP,0.0
29688,YLDGIVENES,0.0
29689,YEDQNGFADI,0.0
29690,QREDNK,0.0
29691,DADGLGVQT,0.0
29692,AATMQ,0.0
29693,ESAAGQ,0.0
29694,SCNNGKC,0.0
29695,KPQMDI,0.0
29696,RRIPWRD,0.0
29697,IAAPNPQNQL,0.0
29698,DDHQSGATHF,0.0
29699,YQSDQE,0.0
29700,TATVQHCME,0.0
29701,CHTICDMAV,0.0
29702,QPGSQEM,0.0
29703,IDSNSV,0.0
29704,IGLPE,0.0
29705,ELADAARPE,0.0
29706,KYQVK,0.0
29707,HSCNNMDF,0.0
29708,ISSLPGRDL,0.0
29709,NKQQRHS,0.0
29710,MVYGRM,0.0
29711,SLLPNMRQ,0.0
29712,KGLIEG,0.0
29713,APIRSD,0.0
29714,EKKMGGM,0.0
29715,REQNR,0.0
29716,SMWDME,0.0
29717,QGEMLGG,0.0
29718,TRQRDKHWKT,0.0
29719,QCTFPQCS,0.0
29720,FDIGDVE,0.0
29721,AIKRPQPHV,0.0
29722,AIQSL,0.0
29723,FDDGTG,0.0
29724,AYDIGVFEQG,0.0
29725,PNCTA,0.0
29726,RRCDVAQSAT,0.0
29727,DEFPVDVL,0.0
29728,KEMPNLQNH,0.0
29729,RLGNNL,0.0
29730,DPLGFLN,0.0
29731,MPHPRR,0.0
29732,VVVGHRR,0.0
29733,QHYCDTQ,0.0
29734,DMDDC,0.0
29735,NTLFPRMAEE,0.0
29736,CKDPEN,0.0
29737,PSEQSQIDV,0.0
29738,FPREK,0.0
29739,TETWEPNSV,0.0
29740,FAGGEYCPIP,0.0
29741,YRDQDQ,0.0
29742,KGDTWDVLNT,0.0
29743,MTGQGASRL,0.0
29744,QSEIFMQT,0.0
29745,DCRRKGQLYD,0.0
29746,TTFRTQ,0.0
29747,RFSKLQG,0.0
29748,QRNTEACQKK,0.0
29749,AGYHQENVQ,0.0
29750,TCKYGAKC,0.0
29751,PPEVL,0.0
29752,MPCNT,0.0
29753,ARDPYA,0.0
29754,RPSQDKGSR,0.0
29755,TVPVRPFK,0.0
29756,SLSKSNCM,0.0
29757,TEQVE,0.0
29758,VIGDDY,0.0
29759,ESEGLE,0.0
29760,SANFCHAMQ,0.0
29761,STFVTICNNG,0.0
29762,RVNGGM,0.0
29763,DKVHRKSE,0.0
29764,SCRNNKELYD,0.0
29765,QEIVTNY,0.0
29766,GLDMDN,0.0
29767,LNDQSTWK,0.0
29768,PEMLHTG,0.0
29769,YFMDEMGTDH,0.0
29770,HDEVFGKDYT,0.0
29771,VLRCKMDCE,0.0
29772,HQQSMVTA,0.0
29773,RDKEINAE,0.0
29774,WKRGRQGC,0.0
29775,KKIIL,0.0
29776,RGQLPPT,0.0
29777,MPGNTRRN,0.0
29778,RKQFNS,0.0
29779,YELVCMIQ,0.0
29780,GNLMPE,0.0
29781,VNKQACVFL,0.0
29782,TSMEVP,0.0
29783,FTLCNRN,0.0
29784,MNNNFSN,0.0
29785,VFCRKPQ,0.0
29786,ENNRP,0.0
29787,QQRIHQYKSG,0.0
29788,MEQCEP,0.0
29789,RQQYKCNMWA,0.0
29790,SAMQDGSV,0.0
29791,GARPERGC,0.0
29792,RNDQGNPII,0.0
29793,QSRAQKVTCY,0.0
29794,CFMLEEN,0.0
29795,TWWQYRTKAQ,0.0
29796,MTREK,0.0
29797,HRNGQDN,0.0
29798,RPDAKD,0.0
29799,QYRPSEV,0.0
29800,HYTRHHSQN,0.0
29801,FEYQG,0.0
29802,DEHWTL,0.0
29803,STWAGYQGH,0.0
29804,CQRMLT,0.0
29805,RNLCRHS,0.0
29806,DVRKQ,0.0
29807,CRQQLDC,0.0
29808,IRQRRSFMIQ,0.0
29809,QNTRSDK,0.0
29810,EMDNQRLH,0.0
29811,DYRPNNHHG,0.0
29812,PNAAM,0.0
29813,PMVSAA,0.0
29814,NNRCYG,0.0
29815,KEMCQ,0.0
29816,LTLKSQDMC,0.0
29817,EMLSKQVGPT,0.0
29818,CARCKLQV,0.0
29819,ARRGPDWR,0.0
29820,KMDTRTE,0.0
29821,KKFPIGKRTG,0.0
29822,DHMSAWMVEE,0.0
29823,ERVMV,0.0
29824,NMAQQV,0.0
29825,ARQKTFA,0.0
29826,EYQRQDFK,0.0
29827,DWMMAKN,0.0
29828,FVDPQRYD,0.0
29829,FHVGAQ,0.0
29830,TVMHSNEQ,0.0
29831,MRKVN,0.0
29832,SQCCDN,0.0
29833,KFKTEGV,0.0
29834,VCFGDMKE,0.0
29835,EQRKLMDLM,0.0
29836,SGVLECI,0.0
29837,DGNCF,0.0
29838,IAPKRVTN,0.0
29839,MPVPLRN,0.0
29840,MHQNKVRICT,0.0
29841,SSFEINMME,0.0
29842,CNSEGEKK,0.0
29843,LKKDYHVEET,0.0
29844,VKMASGEPQR,0.0
29845,NDPCDSDGG,0.0
29846,INGNQRQAFG,0.0
29847,PCQSQIFR,0.0
29848,DANKHYCIVN,0.0
29849,ESQRSRWNM,0.0
29850,PTMHTCAD,0.0
29851,FNTFQGGTM,0.0
29852,DGSPEEGCFS,0.0
29853,IDRCDM,0.0
29854,CNDSVG,0.0
29855,NKHQCCKT,0.0
29856,CCEWAAVDNV,0.0
29857,DGECVM,0.0
29858,GTDCVCCQY,0.0
29859,RQTEMTIG,0.0
29860,PIGQLCLKH,0.0
29861,SQVINQR,0.0
29862,GVNHQNDWGF,0.0
29863,CEPRKETPEA,0.0
29864,DMQAHDV,0.0
29865,TDEIIREEL,0.0
29866,QEKFKTRRG,0.0
29867,PNDGSMW,0.0
29868,YLSQLDEE,0.0
29869,TNKGPQ,0.0
29870,FGQEI,0.0
29871,LFMKEPDHE,0.0
29872,YGNAR,0.0
29873,QITSQEYDCH,0.0
29874,CPKIVPAR,0.0
29875,ATEWGDS,0.0
29876,ATMMK,0.0
29877,KDTDRHP,0.0
29878,CNRGQAL,0.0
29879,GYNEL,0.0
29880,WQRRQWLMEK,0.0
29881,DMLMV,0.0
29882,CLMTKRE,0.0
29883,DRKGRCELI,0.0
29884,APGQLCNN,0.0
29885,AEVTI,0.0
29886,DLLMIR,0.0
29887,CVGELDKEER,0.0
29888,EPRCN,0.0
29889,EKDNP,0.0
29890,FGDNVTWE,0.0
29891,ADFDKM,0.0
29892,TRCSGMIYQ,0.0
29893,LQISK,0.0
29894,DNLSLCH,0.0
29895,QMLDPCMNR,0.0
29896,GNVEMMLSVT,0.0
29897,GERQARS,0.0
29898,NMGLTI,0.0
29899,DIYGCGSQMD,0.0
29900,CLGEHAST,0.0
29901,PMPDVQ,0.0
29902,QMTIKR,0.0
29903,ASHSIQHVQ,0.0
29904,VLKAE,0.0
29905,VCRIDRI,0.0
29906,SSAMVDLV,0.0
29907,SGSQGLC,0.0
29908,FNAEYDPGMN,0.0
29909,INSDVWHRA,0.0
29910,MNTPLQFA,0.0
29911,HAGAERHGQ,0.0
29912,DTFPETCI,0.0
29913,QVAVM,0.0
29914,EVDCKGEN,0.0
29915,NPVDAEF,0.0
29916,SCSYKNSPG,0.0
29917,MMIEK,0.0
29918,GSKPNG,0.0
29919,NCSKP,0.0
29920,AEWRLQPAC,0.0
29921,QWGDEN,0.0
29922,ATAHKK,0.0
29923,CRQLWKNIGP,0.0
29924,LEVGNENH,0.0
29925,LEIKEDVH,0.0
29926,MQQFGDA,0.0
29927,KSFDDDT,0.0
29928,GCGVQM,0.0
29929,DHTFRRM,0.0
29930,NCTNDDI,0.0
29931,KNQSRG,0.0
29932,QTKGVK,0.0
29933,HDMDCPT,0.0
29934,VNDQP,0.0
29935,MGMDPQWG,0.0
29936,CQRQY,0.0
29937,GRPTPQR,0.0
29938,TIADYDH,0.0
29939,FDAMNDT,0.0
29940,VPRDQETLF,0.0
29941,PGNHAQ,0.0
29942,DNYFVGE,0.0
29943,IVRQSI,0.0
29944,MEKNDIFGN,0.0
29945,KSGMAWDGV,0.0
29946,WTRLGSLQR,0.0
29947,LKSKVWK,0.0
29948,GWQTVE,0.0
29949,MEEGI,0.0
29950,CTRNMAVKI,0.0
29951,MISDIS,0.0
29952,CFSDESRM,0.0
29953,KCNLT,0.0
29954,WVQSRQGQ,0.0
29955,LEAQDMM,0.0
29956,TPQGAMMVT,0.0
29957,PDIPEAKH,0.0
29958,DLDMG,0.0
29959,VRHKHRMAM,0.0
29960,SNYENNE,0.0
29961,DQLIIVS,0.0
29962,AKCCI,0.0
29963,EIGEC,0.0
29964,KSEGKGIF,0.0
29965,LRCGDNV,0.0
29966,CWDVWTMMDQ,0.0
29967,SMVVDCYENC,0.0
29968,CNFTCMNPL,0.0
29969,TGRAG,0.0
29970,LIQDLQIPK,0.0
29971,GFYANKPSD,0.0
29972,IQDPCDEL,0.0
29973,DIRYEM,0.0
29974,FRAQMK,0.0
29975,NQNGKYIQN,0.0
29976,YPNDR,0.0
29977,IMDCAV,0.0
29978,PQHEQKVN,0.0
29979,GVNLSNWLL,0.0
29980,QWDTKGQ,0.0
29981,QQQMQQRC,0.0
29982,DVSIN,0.0
29983,RIEREVQWRE,0.0
29984,YMPEQMCI,0.0
29985,HDGQNV,0.0
29986,AEFSLA,0.0
29987,QKHCTQN,0.0
29988,FSKNHAACAS,0.0
29989,DCTMDHVNT,0.0
29990,NGESTQ,0.0
29991,KGLNNHIA,0.0
29992,IDGRDRAVV,0.0
29993,RLAEM,0.0
29994,GFHGQNH,0.0
29995,NYMDACIGH,0.0
29996,SMEKWGEKL,0.0
29997,MDGMTPC,0.0
29998,SNSRMNRT,0.0
29999,EPDECVYAEI,0.0
30000,VSYDVLNIQ,0.0
30001,QFKCR,0.0
30002,QDRPD,0.0
30003,VTMHGGETP,0.0
30004,MQYHVRTKH,0.0
30005,KRWRQ,0.0
30006,TETPAT,0.0
30007,ESAKEAR,0.0
30008,NNCPASPDM,0.0
30009,ECWGRAWKSR,0.0
30010,QDCPDRHS,0.0
30011,ALWNQT,0.0
30012,EVSCEYT,0.0
30013,RTQRVVQAR,0.0
30014,DPQFMTQ,0.0
30015,DVGFE,0.0
30016,CGQHCFREGL,0.0
30017,ATMPLIAQ,0.0
30018,PCNDMTPT,0.0
30019,PTIGKRMRLQ,0.0
30020,GEAVAH,0.0
30021,RSCRQSFV,0.0
30022,LSRDRGL,0.0
30023,CDDCHYDVEH,0.0
30024,GKGSVER,0.0
30025,GHVDWLDR,0.0
30026,PDTQD,0.0
30027,EYDPYHEIV,0.0
30028,TFGEWQEPEP,0.0
30029,DGAVRPK,0.0
30030,VPNAE,0.0
30031,KSVYCLLQS,0.0
30032,EMRVYCSADP,0.0
30033,QNRARECWT,0.0
30034,SDIWDDPILN,0.0
30035,WEDMQATD,0.0
30036,KIPIERMV,0.0
30037,QILEKWK,0.0
30038,SAQNPMNQ,0.0
30039,QNESFAFM,0.0
30040,LHTDKFDYN,0.0
30041,NTCETRG,0.0
30042,EPIWAE,0.0
30043,TFCQDSTG,0.0
30044,SDGVMRQSWQ,0.0
30045,PAEAETPS,0.0
30046,WTDME,0.0
30047,TGASRGH,0.0
30048,IERKCNGEQG,0.0
30049,EMYRKRH,0.0
30050,DVCFDCDVS,0.0
30051,WTLGMDQ,0.0
30052,QNCTSNEPN,0.0
30053,HIDTQ,0.0
30054,RDLAIS,0.0
30055,KPCMKLVPQ,0.0
30056,DSGNY,0.0
30057,CHDGDCH,0.0
30058,KKFGPIRILM,0.0
30059,TVPLKHDCQR,0.0
30060,GLLEREGKA,0.0
30061,QLFQPLG,0.0
30062,ESERGWLG,0.0
30063,DHDVPFKSL,0.0
30064,EKKLD,0.0
30065,MLPPITRV,0.0
30066,EFPAMTLGR,0.0
30067,HEEGKGW,0.0
30068,FRSKENQS,0.0
30069,LWDDDPMGIL,0.0
30070,ACLSTGSAF,0.0
30071,TRAACKLDY,0.0
30072,DNCPWHLPLQ,0.0
30073,EGYVASA,0.0
30074,IQDECLRLRL,0.0
30075,NKEHQQTDAD,0.0
30076,EGQLDRC,0.0
30077,TKQGQAMRMI,0.0
30078,PNGWMVE,0.0
30079,DPKPM,0.0
30080,GTDGDKGT,0.0
30081,EMIIYKECAC,0.0
30082,KFKRGK,0.0
30083,IAGAKDMTAL,0.0
30084,SRGHPR,0.0
30085,QMNYWILD,0.0
30086,RYHPQRDDS,0.0
30087,GCTLNCG,0.0
30088,NYQCPQM,0.0
30089,TLNRDDVF,0.0
30090,AAHSQIPFI,0.0
30091,LIRFTRRV,0.0
30092,AFWLITSQI,0.0
30093,LDAIIGNDYR,0.0
30094,EWVHRRLVD,0.0
30095,EFDPM,0.0
30096,YNWRRA,0.0
30097,TCQGIRRAK,0.0
30098,QMVEHNKPK,0.0
30099,EQSQS,0.0
30100,KAQRAHFTM,0.0
30101,CKTAIKYWA,0.0
30102,QATIRFYT,0.0
30103,FKIKIIDK,0.0
30104,NQSSNMDH,0.0
30105,MLMKPGI,0.0
30106,HNAFSLET,0.0
30107,DSRWRSGCAR,0.0
30108,AGKISHKYDI,0.0
30109,QLDWDHM,0.0
30110,CHTYACDQVE,0.0
30111,IGMNQD,0.0
30112,INVQDM,0.0
30113,HRLFMKAF,0.0
30114,SGAYSQHP,0.0
30115,LQTPIT,0.0
30116,CVRAVRTTQH,0.0
30117,GGQSH,0.0
30118,NNIGKPHDGE,0.0
30119,ARNGNSP,0.0
30120,HEPSDCMM,0.0
30121,AKRKKKCWP,0.0
30122,IEWNSD,0.0
30123,PFEVDIDW,0.0
30124,NTQLE,0.0
30125,SDNTMEQD,0.0
30126,GDWCDRH,0.0
30127,DAGQCT,0.0
30128,DYANV,0.0
30129,MDPDENVNV,0.0
30130,RLAREQE,0.0
30131,FDGISERQVE,0.0
30132,AHGRTL,0.0
30133,AWLHGQ,0.0
30134,RAMYNGC,0.0
30135,EVFVEAGHH,0.0
30136,CHFAGNQAS,0.0
30137,QMWAQ,0.0
30138,RRRKKYIQTN,0.0
30139,QYQRG,0.0
30140,AGKKEKY,0.0
30141,NQLMIM,0.0
30142,TEQVEETMYM,0.0
30143,HTDLQQ,0.0
30144,HKRTWFLR,0.0
30145,EIFGEFNCMT,0.0
30146,PMVDQ,0.0
30147,VINGHGPSAQ,0.0
30148,ETMYMTEQVE,0.0
30149,PHNDAYFDNN,0.0
30150,ASGKMQDIS,0.0
30151,ASHYSLGQM,0.0
30152,TEIDMDT,0.0
30153,CTVTGCDD,0.0
30154,MPGHKASR,0.0
30155,TRGSNSR,0.0
30156,KVTVMACC,0.0
30157,TRQKRLKRT,0.0
30158,GINADHHPVQ,0.0
30159,RKKIN,0.0
30160,CKVKSKDR,0.0
30161,KCETNDDRW,0.0
30162,TNEHQDNN,0.0
30163,VMCQDFEK,0.0
30164,QMWEDRNRPP,0.0
30165,HVKGNN,0.0
30166,MEDAMR,0.0
30167,TRLEFKIVN,0.0
30168,DPKCMQSYA,0.0
30169,PVHQHLTIK,0.0
30170,YGKSIIRIQR,0.0
30171,VPNSMKK,0.0
30172,SQDKFLAH,0.0
30173,PERNACR,0.0
30174,FDNEV,0.0
30175,EDSQLAN,0.0
30176,MAFGMQMQL,0.0
30177,CTQVGQ,0.0
30178,IAGRP,0.0
30179,QRHRFSQLKN,0.0
30180,QATIVCPDAK,0.0
30181,QQNPLDVN,0.0
30182,TKEHIVAFS,0.0
30183,KPCPISGE,0.0
30184,KIENC,0.0
30185,VCTKWQTKT,0.0
30186,RGGFRSPEQA,0.0
30187,KEMNVA,0.0
30188,LVRGV,0.0
30189,AFTCSERAPE,0.0
30190,RAAMC,0.0
30191,FKTRKRK,0.0
30192,AANQW,0.0
30193,RGKLE,0.0
30194,AGTYKGGSIK,0.0
30195,RVNPDSPE,0.0
30196,KGTSKCLL,0.0
30197,ECDGFDFDA,0.0
30198,IAEICWEYQ,0.0
30199,LVTDCEG,0.0
30200,LELCENAAL,0.0
30201,ENWNNQ,0.0
30202,DDFLL,0.0
30203,NHIGEHTMAS,0.0
30204,ANIFGPICE,0.0
30205,MTRQKGW,0.0
30206,YWANVKDQGS,0.0
30207,STNGDCL,0.0
30208,QMNAVHNGS,0.0
30209,RNNDRSMEPE,0.0
30210,DNGKFARAYL,0.0
30211,MMNGVIRQVN,0.0
30212,GPCPGLG,0.0
30213,SGWNSAL,0.0
30214,QTRVAHMGC,0.0
30215,NDNMNRI,0.0
30216,NENIQTIH,0.0
30217,LDQQEN,0.0
30218,RLYQQLNKIP,0.0
30219,CMQKPHLQ,0.0
30220,CPWDRGKR,0.0
30221,QDVMDFVY,0.0
30222,PETDHL,0.0
30223,EACRGMIMVE,0.0
30224,RSHINRGQ,0.0
30225,GAIRAI,0.0
30226,HMLLCIVE,0.0
30227,IQIPPG,0.0
30228,TCMDTI,0.0
30229,HDFDNVCMEV,0.0
30230,KMQITTGE,0.0
30231,SKYDNKISR,0.0
30232,GWRCESVTA,0.0
30233,IEQGEIFMS,0.0
30234,TKADCMQYES,0.0
30235,IAGSTDKS,0.0
30236,KHQSQFMKD,0.0
30237,VTDSTCAR,0.0
30238,CKLNANA,0.0
30239,GCIEDS,0.0
30240,PCGAADFCRI,0.0
30241,TCENPSCEND,0.0
30242,ADMRNCEYTI,0.0
30243,ASELDWMTNG,0.0
30244,QEPSDQDL,0.0
30245,HGYKFPTET,0.0
30246,YHYSNRQ,0.0
30247,KSASN,0.0
30248,QEFKSRQP,0.0
30249,TCKDMK,0.0
30250,QFTAPWQHDR,0.0
30251,ICIDM,0.0
30252,ENIMKACDLK,0.0
30253,YNGTIN,0.0
30254,REMWCGQK,0.0
30255,YRWRKSEVKM,0.0
30256,YDCTAELELS,0.0
30257,KQKEK,0.0
30258,DEGKC,0.0
30259,EPTLA,0.0
30260,LLKTITC,0.0
30261,QEKWIRR,0.0
30262,DLGNIHRCA,0.0
30263,ASDDIVNVW,0.0
30264,RKFCDLQDTK,0.0
30265,EVFFPPD,0.0
30266,CAQNIP,0.0
30267,TASKSLRSR,0.0
30268,HWDPGMQAT,0.0
30269,GSVGSHM,0.0
30270,EIQDDSHLIS,0.0
30271,IGGIPEQQL,0.0
30272,QAINS,0.0
30273,FCAERQLF,0.0
30274,KKSLNILVD,0.0
30275,VAVVCFGNP,0.0
30276,CNFDHGGLP,0.0
30277,LQSTAKHLN,0.0
30278,NQPSMDGIF,0.0
30279,FEFDYAASGN,0.0
30280,LSQSPKMQ,0.0
30281,QTRDFA,0.0
30282,RSREGMSIF,0.0
30283,EDHHVSC,0.0
30284,GQDVNGNAF,0.0
30285,ILLMAD,0.0
30286,QSRANDDYC,0.0
30287,DLQRKMTIIT,0.0
30288,AQMNA,0.0
30289,GYEWEWSPTS,0.0
30290,AQLKMVQ,0.0
30291,EQIAQQ,0.0
30292,GAWARDETPT,0.0
30293,DDKEFQMQ,0.0
30294,EDMNGKD,0.0
30295,HCSQDGRL,0.0
30296,VCENEVVQQM,0.0
30297,KESTVND,0.0
30298,DGDYGD,0.0
30299,QHSQPE,0.0
30300,TIHKRDTCS,0.0
30301,QSDPTQDEQ,0.0
30302,FINQE,0.0
30303,KSKKVRRNMN,0.0
30304,ITPGVCQ,0.0
30305,EAAVG,0.0
30306,TCAKPVPIP,0.0
30307,GTGYGR,0.0
30308,MNMMAHR,0.0
30309,VRREADFN,0.0
30310,RNTCFCIPRQ,0.0
30311,NNCMCIACC,0.0
30312,DVGVNDCW,0.0
30313,CVEMSCVPQ,0.0
30314,IDKCGDVP,0.0
30315,LKMGHMMK,0.0
30316,HSQLK,0.0
30317,TFNNQETN,0.0
30318,QSKVAL,0.0
30319,LTINTEGM,0.0
30320,QIFKDATE,0.0
30321,LDCTDGN,0.0
30322,MCDACMGQL,0.0
30323,HDGHPVSN,0.0
30324,LPPVKSMRKQ,0.0
30325,HKQREV,0.0
30326,LHQHTHGQ,0.0
30327,PERVP,0.0
30328,FAREDSTER,0.0
30329,ESHWQDW,0.0
30330,GSMDHM,0.0
30331,NQGMKHFVRV,0.0
30332,VNDGTNH,0.0
30333,ERGIAT,0.0
30334,SANFRPADVQ,0.0
30335,DCVNGLIGYG,0.0
30336,EVAEVFCF,0.0
30337,EVVCV,0.0
30338,VQRFMKD,0.0
30339,RQVDIHNL,0.0
30340,GLPQQEIL,0.0
30341,IPMQVQWR,0.0
30342,QGTGQ,0.0
30343,GAMKE,0.0
30344,VSIKDA,0.0
30345,WEEYDWFLH,0.0
30346,AASACEQFS,0.0
30347,ATMKA,0.0
30348,EYKMRM,0.0
30349,ARKGPTR,0.0
30350,YERRKLICAR,0.0
30351,LCPMEQK,0.0
30352,RELSMTC,0.0
30353,VVETT,0.0
30354,WRNKCMAA,0.0
30355,FVGKMCSKG,0.0
30356,HLHEQ,0.0
30357,MSDQKYIGR,0.0
30358,FCEVVTIR,0.0
30359,DRSENYR,0.0
30360,PGDEAV,0.0
30361,QTHMLRIPF,0.0
30362,PHTNNMQ,0.0
30363,TTKRA,0.0
30364,DNENSVVPW,0.0
30365,AYGIHVQM,0.0
30366,LSLPELV,0.0
30367,FGGNHKK,0.0
30368,VDENII,0.0
30369,LTEGITWD,0.0
30370,GCEVPDNPKR,0.0
30371,QQRANGPCK,0.0
30372,VSKWNVNQ,0.0
30373,EGVLERWVP,0.0
30374,DHQSFPDARG,0.0
30375,SDYGNAIMS,0.0
30376,GDNTNQA,0.0
30377,AYKRNRNH,0.0
30378,MEIQQN,0.0
30379,RLCCP,0.0
30380,DMTALIAGAK,0.0
30381,IIQKDQDKF,0.0
30382,EQAYWYAKKA,0.0
30383,IQYVNQSII,0.0
30384,DRKNQGFQ,0.0
30385,QSGEWR,0.0
30386,AIKKTFTLA,0.0
30387,QNYMYKNNAI,0.0
30388,HELETK,0.0
30389,KKCGF,0.0
30390,QGLRDQRPYN,0.0
30391,SFCWYCEQD,0.0
30392,VGVDMPG,0.0
30393,QQQQTAQI,0.0
30394,GNPFMFIAV,0.0
30395,ECLPVTSDSL,0.0
30396,EQNHMTQ,0.0
30397,GSVDGRPAQD,0.0
30398,DNDCNSW,0.0
30399,GECRMGPKKM,0.0
30400,LCWQHRQR,0.0
30401,LCNER,0.0
30402,AQLPL,0.0
30403,TVPSNQG,0.0
30404,GYKNRL,0.0
30405,LEMETE,0.0
30406,DESDNGA,0.0
30407,EHGYVVP,0.0
30408,NYDDL,0.0
30409,VRITEKQYR,0.0
30410,TDAHSDCMT,0.0
30411,TDEEECQG,0.0
30412,PIEVG,0.0
30413,AQSVRMG,0.0
30414,HAEEKN,0.0
30415,TDMMII,0.0
30416,KTRCTCND,0.0
30417,KWGGQNLL,0.0
30418,FRRCKHYEM,0.0
30419,PNSNLCGC,0.0
30420,QVKNV,0.0
30421,AEHVMNPWA,0.0
30422,HWDISEKC,0.0
30423,NTWKCTGTQ,0.0
30424,GIDNCNML,0.0
30425,NPEED,0.0
30426,LMALMNWKGQ,0.0
30427,VLREGVPI,0.0
30428,NWTESITNM,0.0
30429,SKGCNGE,0.0
30430,PRMHGQCM,0.0
30431,PKFVHDQR,0.0
30432,EPWLCENVKD,0.0
30433,QGCTTH,0.0
30434,WAHED,0.0
30435,PKGCTVSSA,0.0
30436,QSYYTLESD,0.0
30437,DHCNKITSGG,0.0
30438,QQGFKGL,0.0
30439,GRFELACG,0.0
30440,KPDVSVQ,0.0
30441,IREHDI,0.0
30442,LMIWDTIIEC,0.0
30443,NVRTRFTPI,0.0
30444,MNACLVQEG,0.0
30445,DKWYARKR,0.0
30446,NLRDKEWT,0.0
30447,MIIIQKRER,0.0
30448,DDTMFTNAFL,0.0
30449,FANCTRVTQ,0.0
30450,IPQARG,0.0
30451,KIRRPRKGC,0.0
30452,ALTQM,0.0
30453,PLGIR,0.0
30454,QSKRFL,0.0
30455,HCEGGDAMLV,0.0
30456,FAVHSDCVQ,0.0
30457,RVAKC,0.0
30458,PGTRGGAETL,0.0
30459,EMNYLGYDR,0.0
30460,YHYLQQQET,0.0
30461,PKNPCTT,0.0
30462,HIETWQD,0.0
30463,NEVIAVPVHS,0.0
30464,SRGITRTQW,0.0
30465,REFTPILN,0.0
30466,ADCGEFPFSN,0.0
30467,TDLMKQQRG,0.0
30468,PTHDDINP,0.0
30469,CDAMLAEVNT,0.0
30470,AVQRELMKHQ,0.0
30471,QIGRMLTGA,0.0
30472,LLMCSKK,0.0
30473,NFRGNVGSRR,0.0
30474,RIDYEDAPA,0.0
30475,TNRQTTQ,0.0
30476,TDWCQSPQ,0.0
30477,RRMQR,0.0
30478,QIQTP,0.0
30479,HIMLNDEP,0.0
30480,SDKMTMKEHV,0.0
30481,GENLNHDNLW,0.0
30482,RKVNHQWG,0.0
30483,QKDNL,0.0
30484,RFNRQI,0.0
30485,QGLIV,0.0
30486,EICKTDGMSR,0.0
30487,PEWIDTMRN,0.0
30488,LKRHKNT,0.0
30489,QECDQKTS,0.0
30490,GLVLNLQD,0.0
30491,ECFACLEPN,0.0
30492,EMRLPPC,0.0
30493,AIHMQPLN,0.0
30494,HQDDPSGHCN,0.0
30495,GDNYCG,0.0
30496,IETGK,0.0
30497,DSQHHDHD,0.0
30498,WNQGRLKPL,0.0
30499,IGCDVCIT,0.0
30500,DRKIPQCF,0.0
30501,WRAFFTSVR,0.0
30502,IRINIRCLKL,0.0
30503,DLNICSILDI,0.0
30504,LEDGNDD,0.0
30505,RKMVS,0.0
30506,MYDGRGFP,0.0
30507,KLLGRNG,0.0
30508,EGDIQEIT,0.0
30509,KNRTTCPSK,0.0
30510,IKRGCR,0.0
30511,KKRPA,0.0
30512,SLCGGKRFW,0.0
30513,VDAMEQQHVF,0.0
30514,VCTKVK,0.0
30515,GNMFPNKQQE,0.0
30516,LMQAIDSTQ,0.0
30517,KVNDKD,0.0
30518,AKAMHKEVY,0.0
30519,QMMDNPCPAD,0.0
30520,PAVTSYTPC,0.0
30521,TASPM,0.0
30522,GDAGRI,0.0
30523,NPLNRITM,0.0
30524,HNKNNEQNHM,0.0
30525,QAENH,0.0
30526,ESRFIPNKIP,0.0
30527,TCGSKAM,0.0
30528,CCCCENE,0.0
30529,NRGENQWI,0.0
30530,PLEMVLIAS,0.0
30531,RDHYNTVQM,0.0
30532,PQNQKEAQFE,0.0
30533,QMLADM,0.0
30534,VMRNDT,0.0
30535,LGHVLNG,0.0
30536,YWAYSTKEG,0.0
30537,QTPPSASH,0.0
30538,ITKQGM,0.0
30539,WSEPNPMQL,0.0
30540,INQRFRQL,0.0
30541,KSRCYRI,0.0
30542,RPNIGRIV,0.0
30543,FSKRDTCRW,0.0
30544,MRAAGLICC,0.0
30545,EHQVMDNEAW,0.0
30546,YAALAEL,0.0
30547,NLEHTLISKR,0.0
30548,QPAVCLSIQH,0.0
30549,HDQDVQIDYL,0.0
30550,CHDRYPVCE,0.0
30551,CVILAEN,0.0
30552,TYVDLAQDGL,0.0
30553,PNRTSSTEK,0.0
30554,SFGNKT,0.0
30555,QSNNC,0.0
30556,AAHQDG,0.0
30557,WCRAWKRR,0.0
30558,EMGRIPLK,0.0
30559,LPSQGQC,0.0
30560,HTQCKQQ,0.0
30561,MNIRLLPP,0.0
30562,EPERHYKMS,0.0
30563,LNSWSYVCP,0.0
30564,KMDEWGAD,0.0
30565,LCDDRMGMW,0.0
30566,DVRASSHWE,0.0
30567,VEFTLAEI,0.0
30568,QPFQAMHNR,0.0
30569,ADGAMI,0.0
30570,CYDDVVFASN,0.0
30571,ERMSN,0.0
30572,NDFKTSHQHA,0.0
30573,YGHKKQFHQ,0.0
30574,GMMGVRRFT,0.0
30575,FEIDTAVTGL,0.0
30576,FVAIHTQVD,0.0
30577,WMWEDEEW,0.0
30578,WKLNR,0.0
30579,EQYPIDQIDE,0.0
30580,DCLLQSM,0.0
30581,QSAFNE,0.0
30582,FRNPMNTQAD,0.0
30583,CHNTIHGQLE,0.0
30584,LPRNT,0.0
30585,NNDAI,0.0
30586,ASFSAMTDQL,0.0
30587,GCMERTDLDY,0.0
30588,ESGSHMKQ,0.0
30589,NGKMMN,0.0
30590,CAQGHP,0.0
30591,GICMQTQK,0.0
30592,LRMIP,0.0
30593,ELLWGMTC,0.0
30594,VRICTMHQNK,0.0
30595,CGRQRDF,0.0
30596,TWEQYQYAG,0.0
30597,SKQEYVCSN,0.0
30598,NRFKP,0.0
30599,EASKVQDQHH,0.0
30600,QIEKLI,0.0
30601,IGNRYKFQ,0.0
30602,DVELHDWS,0.0
30603,SNGEGSDS,0.0
30604,YLDVMACKE,0.0
30605,ESQDETVCDG,0.0
30606,RQKEPE,0.0
30607,YQRACDIAN,0.0
30608,KKPMDYTKN,0.0
30609,LERRLMP,0.0
30610,QRINSAL,0.0
30611,ADQNAR,0.0
30612,RHSRHNI,0.0
30613,DTTKQKRGAG,0.0
30614,EDFARE,0.0
30615,PRTIDQQISK,0.0
30616,PNCNNP,0.0
30617,QMLDAKI,0.0
30618,YNEIA,0.0
30619,GKRADH,0.0
30620,TRHQLQV,0.0
30621,FMDRGTQCVK,0.0
30622,VGHANNEFY,0.0
30623,DPQNENAGFH,0.0
30624,NIACLAMAC,0.0
30625,NMRQSVRKAF,0.0
30626,HVPQRCG,0.0
30627,DFMDALYDED,0.0
30628,QTMHPCNE,0.0
30629,IQLQVI,0.0
30630,TEMVTALE,0.0
30631,RKRVCVED,0.0
30632,DDHDH,0.0
30633,PCGAHIET,0.0
30634,SPPQNRL,0.0
30635,NHEFGF,0.0
30636,EQWLCADTGC,0.0
30637,YEHEGADRT,0.0
30638,ELEAVHPPDY,0.0
30639,NAMAYNNAF,0.0
30640,NAKTDT,0.0
30641,AVRKI,0.0
30642,TQELNIDAM,0.0
30643,NHQWASD,0.0
30644,QAHLYSRDY,0.0
30645,CLNMQEGNLI,0.0
30646,HLNQRNMQQ,0.0
30647,EGKKGVYGET,0.0
30648,ESDSDVIM,0.0
30649,GKHARS,0.0
30650,CESHD,0.0
30651,IGHERICIN,0.0
30652,SDGVAA,0.0
30653,FDHNIPRK,0.0
30654,STTQCIN,0.0
30655,EGKAE,0.0
30656,WIAKKDFQ,0.0
30657,ICDDGNAWS,0.0
30658,ALETQC,0.0
30659,EVIGQ,0.0
30660,RFFGNDESS,0.0
30661,HHAFQDH,0.0
30662,MGTPNN,0.0
30663,FFQQNQPDR,0.0
30664,LQWTNYVANR,0.0
30665,DLKCC,0.0
30666,QQQEMFTAAV,0.0
30667,SCKGPQKIC,0.0
30668,VSRTNTMP,0.0
30669,QFQETKI,0.0
30670,TISNSA,0.0
30671,GDNCPCENM,0.0
30672,NGVMVMG,0.0
30673,DHSDTA,0.0
30674,PHQRGQACTT,0.0
30675,KDKQPSWNC,0.0
30676,YQQWNEMCG,0.0
30677,SPVEQEQP,0.0
30678,WMRKVCSNQ,0.0
30679,GPLPMDN,0.0
30680,KDLGDDSQ,0.0
30681,LLCQGTVP,0.0
30682,WRCDPVRP,0.0
30683,RGMQKLS,0.0
30684,PFMNKE,0.0
30685,QGKRGRMYEF,0.0
30686,NCIQE,0.0
30687,LMNNIV,0.0
30688,CENPLTKL,0.0
30689,PSRWPKFK,0.0
30690,PDENHY,0.0
30691,LGETT,0.0
30692,GFAESI,0.0
30693,TTDELIQEV,0.0
30694,GACQV,0.0
30695,IGDMSNTVQK,0.0
30696,FTCDNKE,0.0
30697,VVGSEDTE,0.0
30698,SYMDNCEGDC,0.0
30699,DTMKP,0.0
30700,DAEMSR,0.0
30701,VDHKTINHD,0.0
30702,CIKLGIQQ,0.0
30703,EGEIKPS,0.0
30704,WKSKDQII,0.0
30705,SQCEDQN,0.0
30706,KMQMEK,0.0
30707,MDRPDQC,0.0
30708,QQERH,0.0
30709,VSSELEIC,0.0
30710,GLAHKSIKDA,0.0
30711,IGNSNV,0.0
30712,VMGQSPVH,0.0
30713,ECCDNTITL,0.0
30714,QQKEIKTI,0.0
30715,DCAHGCI,0.0
30716,EQCSYVSAH,0.0
30717,EPMDMILSRA,0.0
30718,CYCDAE,0.0
30719,GWLCEWDN,0.0
30720,AFDGEP,0.0
30721,HRQPPN,0.0
30722,IFARIQNIQT,0.0
30723,RDLSDISP,0.0
30724,ESPIC,0.0
30725,ALSRK,0.0
30726,GTGWFTQNNH,0.0
30727,EPNMEHCCIV,0.0
30728,IFDHRD,0.0
30729,QEICTHYQ,0.0
30730,QYEWE,0.0
30731,MCQKVNDT,0.0
30732,ATFPTTRDTA,0.0
30733,DDDIMRNNM,0.0
30734,RKGMFA,0.0
30735,PPQQDFGL,0.0
30736,NRGMR,0.0
30737,SWMKKNTQLE,0.0
30738,MQRPGAS,0.0
30739,DNAGFRNQP,0.0
30740,VDVNEECSK,0.0
30741,ECAYGDLKKM,0.0
30742,IQHKYLKT,0.0
30743,QDLPCMKHQ,0.0
30744,NCDNDML,0.0
30745,RMSKQVPQ,0.0
30746,IIDVG,0.0
30747,QCPQDWATTC,0.0
30748,GACSS,0.0
30749,SWMSKYQRR,0.0
30750,AGEVKRGPL,0.0
30751,GCYREQKVCS,0.0
30752,PLIGE,0.0
30753,VGIAAN,0.0
30754,YSMFRMDVG,0.0
30755,QCYAQA,0.0
30756,TPLNNRTMED,0.0
30757,WEGVRHR,0.0
30758,LSCDSLK,0.0
30759,QMVNGKAAVG,0.0
30760,ETFAGI,0.0
30761,GVARR,0.0
30762,LDQIFTN,0.0
30763,ARVDKSYKDK,0.0
30764,PGQVLCQL,0.0
30765,QEMQAVYCHS,0.0
30766,RSCRT,0.0
30767,SIPKADECIP,0.0
30768,VITNPEDNM,0.0
30769,QDLTIMKG,0.0
30770,QSDEPN,0.0
30771,LQILWDRKQ,0.0
30772,ENVKD,0.0
30773,AAKQHKNNGW,0.0
30774,CEIICQG,0.0
30775,FKQQSQD,0.0
30776,KPRGI,0.0
30777,DLNERWKAYR,0.0
30778,VMGPK,0.0
30779,IVDGNNRMET,0.0
30780,CTRPR,0.0
30781,CVENGWNE,0.0
30782,DAPKHCD,0.0
30783,CQTGHINM,0.0
30784,DWDHRGCV,0.0
30785,CDIPANCVCP,0.0
30786,YNNVAWAVD,0.0
30787,GNIKE,0.0
30788,NIAKNI,0.0
30789,NAYRMNDWE,0.0
30790,LVQSMAK,0.0
30791,MDTAIVM,0.0
30792,DYLDE,0.0
30793,RCLQIV,0.0
30794,NEVEGNPST,0.0
30795,WDPTHPKMN,0.0
30796,LKATWSMNMR,0.0
30797,ASTERK,0.0
30798,PGPFRCEG,0.0
30799,QQARP,0.0
30800,VTNEGVS,0.0
30801,NFEDGHDL,0.0
30802,DMSRQM,0.0
30803,WDYRMICGV,0.0
30804,RYTTTQ,0.0
30805,YKVVEIKMC,0.0
30806,DRQLA,0.0
30807,NTRENSRFKC,0.0
30808,ISNEEGCA,0.0
30809,NEKSMQVRPC,0.0
30810,PACKDIDP,0.0
30811,NMQDMGM,0.0
30812,AETKK,0.0
30813,NVPVMVCQ,0.0
30814,QTGDLFQ,0.0
30815,DFWEQ,0.0
30816,SGCAANARFL,0.0
30817,GPTEGWN,0.0
30818,AHDCA,0.0
30819,GRKDE,0.0
30820,EQPDM,0.0
30821,PTMQFEDNRI,0.0
30822,QDQHP,0.0
30823,PFAKRFNCRN,0.0
30824,SFVDPCDE,0.0
30825,REGTDGLSR,0.0
30826,VGGQC,0.0
30827,IKECDVCRV,0.0
30828,SACELCKDPK,0.0
30829,CAITQ,0.0
30830,VPRQNSVE,0.0
30831,GKPNE,0.0
30832,LTCLFTESNV,0.0
30833,ISQNFMEF,0.0
30834,GFRAPSHHK,0.0
30835,SMFMTQAAK,0.0
30836,VGEQCQILY,0.0
30837,SRRPQMIGCV,0.0
30838,LNLSPA,0.0
30839,TVQKVHALG,0.0
30840,QSHRFAWKL,0.0
30841,QMANLT,0.0
30842,GHSAEK,0.0
30843,PQSDIEQY,0.0
30844,DLGFV,0.0
30845,HLKEQHQK,0.0
30846,WSCQKQKG,0.0
30847,MPTNHDEG,0.0
30848,LCTGEQKI,0.0
30849,FPQPVRQ,0.0
30850,GCNTKMVT,0.0
30851,SWQFQKVRA,0.0
30852,QQATHKHMP,0.0
30853,EGCRGHGG,0.0
30854,CWNEKGWT,0.0
30855,FGSFQPTTD,0.0
30856,WEAQY,0.0
30857,FEEYG,0.0
30858,NYAIFRYGQ,0.0
30859,QDLLWKENGE,0.0
30860,RDDMTCSP,0.0
30861,DAEQIM,0.0
30862,MESDAWQL,0.0
30863,YMGQKYQPC,0.0
30864,DEVSTNEICC,0.0
30865,VPNIDHET,0.0
30866,VNVTDWEI,0.0
30867,LVSGTSR,0.0
30868,NQSEKP,0.0
30869,MARTC,0.0
30870,TMGDCEEACY,0.0
30871,DPKRIVKK,0.0
30872,DESTLFSQ,0.0
30873,IEMSQCMYR,0.0
30874,QDVTTVSD,0.0
30875,GKLRRNNQ,0.0
30876,MQKGR,0.0
30877,WQDEHTTPPC,0.0
30878,ESVNPTPI,0.0
30879,AVKFLRKNV,0.0
30880,CREGEDKGV,0.0
30881,GRAIECH,0.0
30882,VQMIDKIVVL,0.0
30883,VWNACDEC,0.0
30884,NRMMR,0.0
30885,VPFKRQFQN,0.0
30886,HEQEKRM,0.0
30887,GQIIME,0.0
30888,RNMIP,0.0
30889,GETKGCL,0.0
30890,LGDGEKWCRE,0.0
30891,DWLVHIPTG,0.0
30892,QLPNGVVLE,0.0
30893,RKACC,0.0
30894,DEHTREWK,0.0
30895,REERPGH,0.0
30896,DNSGHAEQ,0.0
30897,DMVHEIPQSE,0.0
30898,NAQQSIP,0.0
30899,VHIIRSVQ,0.0
30900,RRHRPQFRVS,0.0
30901,QRPVCNR,0.0
30902,AYAKN,0.0
30903,TPKWRGEN,0.0
30904,PCRPRLAK,0.0
30905,ASSQPKENW,0.0
30906,GGERWG,0.0
30907,PTIGG,0.0
30908,QVPSES,0.0
30909,HLDHD,0.0
30910,QVKTDNGHLK,0.0
30911,CESADDDNYC,0.0
30912,CTGTA,0.0
30913,LEQMGFI,0.0
30914,RKEYKKDDMP,0.0
30915,HCTHGTS,0.0
30916,AVMQFKGSG,0.0
30917,KLMVP,0.0
30918,NADIKQGVR,0.0
30919,YKNMRRIRSW,0.0
30920,YNDNQT,0.0
30921,GMGSLKVVQG,0.0
30922,GEINKEVVFG,0.0
30923,APHWGAREVR,0.0
30924,QDILLAPSE,0.0
30925,KLANC,0.0
30926,QIMSVGQD,0.0
30927,QDSVCVLDW,0.0
30928,GMNHRVNI,0.0
30929,CQQFRSNK,0.0
30930,NDGHWTFDDQ,0.0
30931,PCCKAITDE,0.0
30932,METGMQDKAF,0.0
30933,SQSCACWKVT,0.0
30934,TPPSCDR,0.0
30935,ENINDTPS,0.0
30936,VAEQIIGQ,0.0
30937,ITTNTRSC,0.0
30938,ELKITS,0.0
30939,CSVQNSAKNP,0.0
30940,SCLDSEHM,0.0
30941,MESTPRGN,0.0
30942,CAGIDNWERM,0.0
30943,GWSFGNE,0.0
30944,SLRTR,0.0
30945,TSPMQISK,0.0
30946,WKTMQRPR,0.0
30947,SHGLGCIKM,0.0
30948,FGRSINK,0.0
30949,GPKAMQIYTG,0.0
30950,TEQTGIQGW,0.0
30951,DTCMNNQSFD,0.0
30952,RRHSTMHLC,0.0
30953,NRCCE,0.0
30954,YCVYLEVIE,0.0
30955,CKEMMENV,0.0
30956,DGGKEKND,0.0
30957,EFAYVNCNE,0.0
30958,QKPQI,0.0
30959,DNFRRKSLPL,0.0
30960,CLKASPTQ,0.0
30961,TRFNEEKC,0.0
30962,KQRIMG,0.0
30963,CLNENE,0.0
30964,PGLRS,0.0
30965,RLRGPLMF,0.0
30966,ATIWTIQMK,0.0
30967,SMNMRLKATW,0.0
30968,CIQANHCFE,0.0
30969,MIDPSKHD,0.0
30970,PHAIQD,0.0
30971,CADLSK,0.0
30972,KENNNFICKR,0.0
30973,EVINI,0.0
30974,ERNKCPLDLV,0.0
30975,EYEHAL,0.0
30976,DYVPEHWDN,0.0
30977,TVYSDKVLRD,0.0
30978,ILIIEG,0.0
30979,VMENVELW,0.0
30980,WCLMTKDGT,0.0
30981,CDQCRSGYG,0.0
30982,TGGLQD,0.0
30983,VNEVQSDGQV,0.0
30984,KRPRP,0.0
30985,LSSPASSG,0.0
30986,PFQKAA,0.0
30987,FRQNTNRCTV,0.0
30988,RRTMTVAVTT,0.0
30989,SDKALVVTP,0.0
30990,HNSTANINL,0.0
30991,GVWCIGE,0.0
30992,EWLSEFE,0.0
30993,YQGMVQ,0.0
30994,MTCRTG,0.0
30995,PWEEGCNP,0.0
30996,PNEQL,0.0
30997,YTPKELVST,0.0
30998,RMART,0.0
30999,MPTADGDQ,0.0
31000,EPRMHAP,0.0
31001,RESRKVLMNP,0.0
31002,QVEFNPKGMA,0.0
31003,ARRER,0.0
31004,KVCCIYVNRA,0.0
31005,CEMHGT,0.0
31006,DEDYS,0.0
31007,HCLRCGK,0.0
31008,HAGCQCF,0.0
31009,KINDNC,0.0
31010,AKTNV,0.0
31011,ARISLMQ,0.0
31012,NYADALLNE,0.0
31013,GNHSNHDHSH,0.0
31014,NCIHTGDNE,0.0
31015,CETARKYIVE,0.0
31016,RRYLGMNCLQ,0.0
31017,DHNDCHTTDP,0.0
31018,RWRMMCTKA,0.0
31019,KGKDQ,0.0
31020,QCMDDQQNGD,0.0
31021,LRAGTLVAS,0.0
31022,RYKQLGGTW,0.0
31023,QSKCKNQN,0.0
31024,WEWNFKEDL,0.0
31025,DNNQSWQPV,0.0
31026,KRRSCS,0.0
31027,SHNLYKCAS,0.0
31028,ESHQDE,0.0
31029,VPGTSG,0.0
31030,DMRNNNLQ,0.0
31031,GCEMHQVR,0.0
31032,KHTGMTDPDS,0.0
31033,CIEEL,0.0
31034,KKSQP,0.0
31035,LMDDV,0.0
31036,GDGARSQHCR,0.0
31037,DCTNMRD,0.0
31038,AMKLNVRTI,0.0
31039,CWDVCTRPNP,0.0
31040,DICTLD,0.0
31041,EKDMDWMTDD,0.0
31042,NQGKDKTHS,0.0
31043,VTKNT,0.0
31044,KTVYGLEDG,0.0
31045,DASMGPKRL,0.0
31046,HVADEEPAN,0.0
31047,DIESTIDH,0.0
31048,FEWMDNTQHT,0.0
31049,QSACTP,0.0
31050,KPRLHA,0.0
31051,PDEQYKRSHK,0.0
31052,DCQQFCLKR,0.0
31053,DIGGT,0.0
31054,CEQCG,0.0
31055,QKHDRMNCNC,0.0
31056,FEFGCLPPND,0.0
31057,GVRDWQCL,0.0
31058,GYTISSEFST,0.0
31059,DRLPHM,0.0
31060,EECQDWDESS,0.0
31061,DSDPAMCTLS,0.0
31062,HCNTDYCVQ,0.0
31063,AQIVGNWVVK,0.0
31064,NMCGAKRYAY,0.0
31065,NRTLTKVTNC,0.0
31066,STYQHVMRM,0.0
31067,RTSTMVP,0.0
31068,KWQIMKDK,0.0
31069,NARTAE,0.0
31070,HEVAYISDEQ,0.0
31071,RCFNRRQVSF,0.0
31072,TCMGKALCAE,0.0
31073,FGMFTANQR,0.0
31074,GATHHILV,0.0
31075,QKQGNS,0.0
31076,QMIDN,0.0
31077,ACPRTS,0.0
31078,EPRGESPV,0.0
31079,PSSKNIWSR,0.0
31080,RDQNHRK,0.0
31081,NNSQFDG,0.0
31082,WTTTDRMRN,0.0
31083,PDQIA,0.0
31084,DRPTA,0.0
31085,CQGTI,0.0
31086,TWHSDDA,0.0
31087,NLCIVAC,0.0
31088,DFHISPKPT,0.0
31089,ITQYTQRN,0.0
31090,KQKAP,0.0
31091,QPRNR,0.0
31092,DNIGFKWMC,0.0
31093,ADEYCV,0.0
31094,KRTACPPEME,0.0
31095,HENQCN,0.0
31096,HGAGNG,0.0
31097,MRKVNRVLAH,0.0
31098,KLEMDDDW,0.0
31099,TTTSCN,0.0
31100,DLQAGDCY,0.0
31101,DYTQQ,0.0
31102,YAKHQKQENR,0.0
31103,TQKEGGKPE,0.0
31104,WMDTGHG,0.0
31105,HDERQKFQ,0.0
31106,EDSCD,0.0
31107,RQDHLQS,0.0
31108,QSWNCDDIVY,0.0
31109,MSKKWK,0.0
31110,EHNADF,0.0
31111,TIKMDMKFR,0.0
31112,LWDPRVQGP,0.0
31113,CRPDQ,0.0
31114,VLRQNCSPM,0.0
31115,GERKHTCM,0.0
31116,FDIPDNPV,0.0
31117,VLECKDMKC,0.0
31118,CRREMQFK,0.0
31119,KHTPDPVNH,0.0
31120,RRNKHFTPRC,0.0
31121,MLADLFPTC,0.0
31122,YHHSIEQ,0.0
31123,MPRTKARL,0.0
31124,EGRSDDLMMY,0.0
31125,SMNMR,0.0
31126,ACSCIALR,0.0
31127,YIGEEQMLWP,0.0
31128,VQLGHQSD,0.0
31129,DIQRGLM,0.0
31130,GDDGKPK,0.0
31131,DNTELETNCT,0.0
31132,IILRMC,0.0
31133,IGSEMNLQHQ,0.0
31134,GQCDKANNRQ,0.0
31135,HAVASCRQK,0.0
31136,RAYMRRCQGD,0.0
31137,RGMKNSIELK,0.0
31138,GKAVGET,0.0
31139,CEPENRTDPY,0.0
31140,VNGSKV,0.0
31141,DDGCDL,0.0
31142,CDKQQDLW,0.0
31143,DCVHQ,0.0
31144,MHPAK,0.0
31145,GSMKEG,0.0
31146,MMASLTGRAG,0.0
31147,CTCHSRIVA,0.0
31148,RKVCHIKTHK,0.0
31149,GFEFGVT,0.0
31150,IQENAE,0.0
31151,PNVTMPFN,0.0
31152,HDRGSP,0.0
31153,DGPCWVEP,0.0
31154,DPGNESQWQR,0.0
31155,NKEHWEFT,0.0
31156,EGWNWKHR,0.0
31157,YKQSM,0.0
31158,RIAQACFRQC,0.0
31159,IMEYRLDRG,0.0
31160,DLLVNR,0.0
31161,QACGHHMQV,0.0
31162,NFRVVTEM,0.0
31163,NMDNMVGI,0.0
31164,VNRDL,0.0
31165,HQMRYPEEQ,0.0
31166,ECMPQQEKTC,0.0
31167,EHHIWDLQC,0.0
31168,RKDTRD,0.0
31169,HTLSKTEV,0.0
31170,RGFIVFDGDA,0.0
31171,DREMGD,0.0
31172,STQTVGLE,0.0
31173,IKGDCEHTP,0.0
31174,WSVRKEST,0.0
31175,YGQMCMEGF,0.0
31176,TDWHKKRGD,0.0
31177,VDLETGASIK,0.0
31178,YMEGGITR,0.0
31179,FCKWCCRQEA,0.0
31180,HATMPEGNCS,0.0
31181,QLDVY,0.0
31182,MVGDAL,0.0
31183,GQSSPPCL,0.0
31184,FVHRKILDK,0.0
31185,SFNTMQCER,0.0
31186,RNKNG,0.0
31187,QFRCQTTT,0.0
31188,APQAEW,0.0
31189,DTAMGD,0.0
31190,LTVQRKTV,0.0
31191,GMHHPMEQ,0.0
31192,AGMVP,0.0
31193,IVDGN,0.0
31194,CMQPYCCPN,0.0
31195,LQRQKTQW,0.0
31196,KCPLRQIK,0.0
31197,TSISIFDNEV,0.0
31198,YLKERN,0.0
31199,MWQDN,0.0
31200,NRDEFDCHTK,0.0
31201,IRRKISVQGD,0.0
31202,EEGKY,0.0
31203,QSGQCA,0.0
31204,ETMCEEV,0.0
31205,TENVLFVDYA,0.0
31206,DANCTPI,0.0
31207,DNAGIGM,0.0
31208,PIKQR,0.0
31209,EQGHPDE,0.0
31210,ECMYMQ,0.0
31211,INLQMAKLN,0.0
31212,KQGAWGEQIC,0.0
31213,KMKRR,0.0
31214,AVNSNTE,0.0
31215,GWTQNNL,0.0
31216,NKRHM,0.0
31217,RMLSENDPHE,0.0
31218,GAMSTALIW,0.0
31219,AWSDQS,0.0
31220,KLNLGLPK,0.0
31221,NTGQRMPK,0.0
31222,NAMRLWLLM,0.0
31223,GDGGKLDSF,0.0
31224,TNIPIFRSQ,0.0
31225,EDPRTYPT,0.0
31226,VGPTAEM,0.0
31227,TMNNKCI,0.0
31228,AGTQYVEQH,0.0
31229,AFDCVDD,0.0
31230,YTHQCDLLT,0.0
31231,QRQTGPKNIQ,0.0
31232,DDRNRDCAW,0.0
31233,QETGY,0.0
31234,ENWRAMN,0.0
31235,RMPCTVEEK,0.0
31236,CHAFNG,0.0
31237,CGSRL,0.0
31238,ELEQHMDN,0.0
31239,LDETCEPQ,0.0
31240,PNHNSSII,0.0
31241,GMEHE,0.0
31242,LQNPRML,0.0
31243,IRGEKQF,0.0
31244,EQYQH,0.0
31245,CMALR,0.0
31246,KATGITSVRG,0.0
31247,FDNPK,0.0
31248,EWECIQVTTV,0.0
31249,YEKTGAMTSS,0.0
31250,TITSCVVC,0.0
31251,QDYNVNP,0.0
31252,GVNPHKE,0.0
31253,DGFVVD,0.0
31254,WGTDAKVELM,0.0
31255,QQIVLTN,0.0
31256,DAESMMLMHS,0.0
31257,CDMPCNEEVD,0.0
31258,GKIMQNA,0.0
31259,VLGRM,0.0
31260,ARHVKE,0.0
31261,NAITLTQ,0.0
31262,NYSEVDIGA,0.0
31263,EMDWV,0.0
31264,DCSNNLEEC,0.0
31265,ALNNEEQ,0.0
31266,DELQHNEQHP,0.0
31267,PDEDYSGRM,0.0
31268,WSPSNPKR,0.0
31269,FKMMDGVSN,0.0
31270,CGQDIMC,0.0
31271,DICNFNGI,0.0
31272,GEEVD,0.0
31273,NEWDGNQ,0.0
31274,KCEYNRRGQ,0.0
31275,TDETT,0.0
31276,WGVTHHFDD,0.0
31277,RQELVSCCF,0.0
31278,GQCDTVP,0.0
31279,QLSFDRESWI,0.0
31280,PDKDHRS,0.0
31281,FQAQMRN,0.0
31282,ILWGCVIGEQ,0.0
31283,EDIAVW,0.0
31284,QQYYVCRIM,0.0
31285,FQSAGK,0.0
31286,KEDLWGVM,0.0
31287,MNGVQMI,0.0
31288,EGQLGL,0.0
31289,RCNQDDL,0.0
31290,WCQAGA,0.0
31291,EDNWVDCEHW,0.0
31292,GLRRTN,0.0
31293,IRAII,0.0
31294,WEQMCPNV,0.0
31295,QCKLSEN,0.0
31296,PGPPQ,0.0
31297,VMGQGI,0.0
31298,CQSQP,0.0
31299,SWRKPA,0.0
31300,QNANKMMHL,0.0
31301,CNHCCSMKA,0.0
31302,AHVQCSTN,0.0
31303,CPQTL,0.0
31304,VGIRRTQ,0.0
31305,ACCKHEG,0.0
31306,EQDQSDR,0.0
31307,PKDKHFRKN,0.0
31308,ALYYTKENI,0.0
31309,IQIRP,0.0
31310,SRSKGQDWRG,0.0
31311,ERDQY,0.0
31312,LHKNEAQCI,0.0
31313,NQGMES,0.0
31314,KSVANGAGD,0.0
31315,EWHAMNALP,0.0
31316,CCDQNGSQ,0.0
31317,LCPDEE,0.0
31318,IIETIGL,0.0
31319,VDQCNSVGA,0.0
31320,RMRDFEFR,0.0
31321,IQAKMIRGAQ,0.0
31322,VESRFKKKI,0.0
31323,RDETSDEESQ,0.0
31324,KQKDAP,0.0
31325,TTNLINC,0.0
31326,AEKGDKTFCN,0.0
31327,SYSIIHKIQ,0.0
31328,KKLKLHYSGG,0.0
31329,DAKRQ,0.0
31330,FGKVIK,0.0
31331,DALNFMISAA,0.0
31332,CGQPRKG,0.0
31333,EENKCHQ,0.0
31334,QEPEP,0.0
31335,RLVVCIVK,0.0
31336,GDNPY,0.0
31337,NFSREI,0.0
31338,DRYINNSSQ,0.0
31339,ICDEKMVRC,0.0
31340,CNKDFEHIV,0.0
31341,KCSKCEG,0.0
31342,CFRTQRCV,0.0
31343,NGDYRQQ,0.0
31344,NWHLDSLEH,0.0
31345,HHDYHRDQDA,0.0
31346,SCGDGNM,0.0
31347,CEKGGRLYAA,0.0
31348,CNIPDLRDEL,0.0
31349,WETDIN,0.0
31350,YSNNTTRNY,0.0
31351,IVNEMVP,0.0
31352,RCTSVQRTA,0.0
31353,QMDFNP,0.0
31354,CIKESIN,0.0
31355,WDSAD,0.0
31356,APNRRSDFQ,0.0
31357,ETVRWKK,0.0
31358,NIGQE,0.0
31359,WDNGEFPAD,0.0
31360,ILDKFCSELD,0.0
31361,HKINNRIG,0.0
31362,WHRVRMHQ,0.0
31363,RSIVRQTI,0.0
31364,ADQQKTYGV,0.0
31365,NNCCHPK,0.0
31366,VGRSTDV,0.0
31367,PEIIQGLV,0.0
31368,EVCRRPLRF,0.0
31369,LSNPACTCPE,0.0
31370,SEACS,0.0
31371,ERNSEG,0.0
31372,FGRKI,0.0
31373,HEVMALLAQ,0.0
31374,DDKNHE,0.0
31375,DVQIREHD,0.0
31376,PGEVNKS,0.0
31377,CETSD,0.0
31378,DTTAVCPHAV,0.0
31379,MQRGAC,0.0
31380,NTRKP,0.0
31381,QGAFRMEQ,0.0
31382,NTLSMNID,0.0
31383,FEVEP,0.0
31384,MLRQPC,0.0
31385,SIKKMVKR,0.0
31386,DQDYSPR,0.0
31387,HSISNITH,0.0
31388,DECIPSIPKA,0.0
31389,DWEVYQVN,0.0
31390,ETGQY,0.0
31391,KKRIQVAW,0.0
31392,HTRQFVPHP,0.0
31393,QEKRC,0.0
31394,PHFMSRR,0.0
31395,LDGVTEAIP,0.0
31396,QADQHCNY,0.0
31397,CGSCIYRKG,0.0
31398,RYTAGIRKAN,0.0
31399,THLKRETQ,0.0
31400,EDSMF,0.0
31401,NRFNRTWR,0.0
31402,YEPELSSK,0.0
31403,TLDNYCE,0.0
31404,VNNDRGC,0.0
31405,ESVNQA,0.0
31406,HEHPTPIDIQ,0.0
31407,NIHIKR,0.0
31408,NGTSELKWH,0.0
31409,THPQRGA,0.0
31410,RQVSQGAF,0.0
31411,EVIPNLRI,0.0
31412,VCKIHRQHR,0.0
31413,ITSGG,0.0
31414,HEQAK,0.0
31415,HTTGQSPIL,0.0
31416,ILGDIIK,0.0
31417,CSTFNSAA,0.0
31418,EAQQL,0.0
31419,EMYMQ,0.0
31420,ANGPET,0.0
31421,HHEICISP,0.0
31422,ATSRVTPIK,0.0
31423,MQYESTKADC,0.0
31424,AVSATEMMWA,0.0
31425,INNFYSDEEE,0.0
31426,CLVSRDAKQR,0.0
31427,DNPCMCC,0.0
31428,PNIEDEYWNQ,0.0
31429,GNGCVMS,0.0
31430,NGNPA,0.0
31431,ADVAEKI,0.0
31432,RATDCI,0.0
31433,ASEGKLSKKT,0.0
31434,CGFIIQRGD,0.0
31435,HVQEA,0.0
31436,ETHMLRQR,0.0
31437,EGVTQEPNEW,0.0
31438,PLSCMCLKK,0.0
31439,NFPCVGGV,0.0
31440,IEGFMG,0.0
31441,TSAIP,0.0
31442,LKMYKGSSMK,0.0
31443,IHECGQNPC,0.0
31444,EDVEVCL,0.0
31445,MDSMQ,0.0
31446,NRFKPQAENH,0.0
31447,QARTV,0.0
31448,DENPIL,0.0
31449,CPPRRHG,0.0
31450,TQCTE,0.0
31451,QRSQERVD,0.0
31452,GVESTWSSP,0.0
31453,DQFHEGIGN,0.0
31454,NPMKNRK,0.0
31455,PLEITWGKG,0.0
31456,SSMCGIEQV,0.0
31457,EATEV,0.0
31458,ARDDFTL,0.0
31459,MMKNMSVGLQ,0.0
31460,SQGAK,0.0
31461,HFKKNS,0.0
31462,ESLHG,0.0
31463,RNKQKALR,0.0
31464,MMSCCR,0.0
31465,EFTRDK,0.0
31466,ALDVMFD,0.0
31467,CSKRHQPNQ,0.0
31468,HGPLSQRES,0.0
31469,IGCVIKM,0.0
31470,VQDDNNTPRI,0.0
31471,EYSFAIGT,0.0
31472,NVENIDTC,0.0
31473,SARPIHNG,0.0
31474,CDLCGEP,0.0
31475,VENDAP,0.0
31476,VQMQTGWQ,0.0
31477,KLDHDDKDG,0.0
31478,QKCHCVE,0.0
31479,KTMANG,0.0
31480,RRMQIHP,0.0
31481,RNREYRIRRR,0.0
31482,AAYRKTY,0.0
31483,ELEKKMC,0.0
31484,RRNQGKLKVR,0.0
31485,GNKCIC,0.0
31486,DDTNHT,0.0
31487,TTGVIKN,0.0
31488,HKIQWVIR,0.0
31489,RKGNPIMYN,0.0
31490,EMSLWTAD,0.0
31491,CDGCQ,0.0
31492,CTMVVSELM,0.0
31493,DVMRKKHW,0.0
31494,NCRDQI,0.0
31495,PLDLVERNKC,0.0
31496,REHRRH,0.0
31497,TRESAN,0.0
31498,FKKQT,0.0
31499,GPPSVG,0.0
31500,IRNRS,0.0
31501,QGNID,0.0
31502,HWAWMEE,0.0
31503,QENNRSGQD,0.0
31504,IPSNWCQIE,0.0
31505,QRDRSFAAL,0.0
31506,GCVRKINYH,0.0
31507,QDDDL,0.0
31508,NLRQT,0.0
31509,YAPKMKDFN,0.0
31510,NEPVITNRV,0.0
31511,RAWKSQW,0.0
31512,DQVCIAYSDS,0.0
31513,NMKMDEKW,0.0
31514,KIKGTCWK,0.0
31515,DCPINHGDF,0.0
31516,QTHYHEHE,0.0
31517,GSQMLNTD,0.0
31518,NMALGIAM,0.0
31519,SQSDWVDT,0.0
31520,DSLHGNGKWA,0.0
31521,QYQCCMIHTD,0.0
31522,CQASMGI,0.0
31523,VQNIKRMG,0.0
31524,AQLPC,0.0
31525,IAGKFGVKM,0.0
31526,RTNPHSNHGG,0.0
31527,KCGCRRN,0.0
31528,TIMDE,0.0
31529,LWEMLNNK,0.0
31530,ILSARGM,0.0
31531,RMKDAKGT,0.0
31532,WRMQEANDS,0.0
31533,LKNIRCM,0.0
31534,VKKEAKDDRG,0.0
31535,FMCQDEK,0.0
31536,RRVTSMKAGY,0.0
31537,WDVDTPM,0.0
31538,DIIRPQTMPR,0.0
31539,IRNDREKAI,0.0
31540,WLVVWESPE,0.0
31541,YEHREED,0.0
31542,DVGRKTSW,0.0
31543,VSRALA,0.0
31544,LRPTEGSI,0.0
31545,KKRWGH,0.0
31546,ETMNNCQN,0.0
31547,MKLRQHQV,0.0
31548,QSKAEVGVE,0.0
31549,HMSNAA,0.0
31550,EFQFA,0.0
31551,LQPSMPKHA,0.0
31552,EWEQKESS,0.0
31553,DMREHEVSR,0.0
31554,CHKLVQDSG,0.0
31555,LPSKLCQE,0.0
31556,WQRLCQLAV,0.0
31557,RSMPP,0.0
31558,AQAVFHMQNH,0.0
31559,GKNGN,0.0
31560,VANIRCNHV,0.0
31561,LETHAFHECL,0.0
31562,NYTYHRGD,0.0
31563,QEMDEKCKVC,0.0
31564,NSMCLGKE,0.0
31565,QKGDVMRQI,0.0
31566,EGEMRD,0.0
31567,LYKQPKVEEI,0.0
31568,ELHSKNGVTP,0.0
31569,VVLIGMR,0.0
31570,YEFAHVNN,0.0
31571,FEDAVP,0.0
31572,PWGEDWANGQ,0.0
31573,EYADDWDH,0.0
31574,LDEMIAWDA,0.0
31575,MVRQC,0.0
31576,AQQNRGLHRY,0.0
31577,NLIWSGRQEE,0.0
31578,GMMMTNVD,0.0
31579,QHELGITDI,0.0
31580,LMKKP,0.0
31582,QMTNFE,0.0
31583,MEGLICMK,0.0
31584,QNIQTIFARI,0.0
31585,FEECRD,0.0
31586,DMGID,0.0
31587,EQWQEQIRIA,0.0
31588,EAYPTA,0.0
31589,TQIGMHE,0.0
31590,WSTNITPD,0.0
31591,KATFRTFAK,0.0
31592,GYNRPN,0.0
31593,LNCGKIG,0.0
31594,GKLWPVGQC,0.0
31595,FSPQNAM,0.0
31596,LDKDRE,0.0
31597,MSVGRNS,0.0
31598,LQTQKART,0.0
31599,SQQSRIS,0.0
31600,SFTRTTNE,0.0
31601,RFRVSFVR,0.0
31602,SQCKPKN,0.0
31603,GLEPS,0.0
31604,AMCGN,0.0
31605,YDDYSIVQI,0.0
31606,AIVKPV,0.0
31607,AMNRRR,0.0
31608,GDEPHAKNRT,0.0
31609,EEMQQ,0.0
31610,FHEVTWAG,0.0
31611,LEDWC,0.0
31612,RIRSWYKNMR,0.0
31613,EIAHDVGATC,0.0
31614,GDWVQADRL,0.0
31615,LPCQPINKC,0.0
31616,ASRAIYKTH,0.0
31617,LISTCATTN,0.0
31618,KCQQHKHC,0.0
31619,CTNHGKV,0.0
31620,YTGSQD,0.0
31621,IICEDSCQAK,0.0
31622,NAGFM,0.0
31623,AVMKYQ,0.0
31624,FVNEMNPQN,0.0
31625,TWDGMMRK,0.0
31626,MSRQLNGYI,0.0
31627,RTDSRS,0.0
31628,MGIMIK,0.0
31629,SYTCGDRHA,0.0
31630,DKYKDHVRKG,0.0
31631,HLGQT,0.0
31632,KETMLLHAM,0.0
31633,CFRVLR,0.0
31634,LVIRNMKSNC,0.0
31635,QDVMFQ,0.0
31636,EAQAC,0.0
31637,FYNKDWMAN,0.0
31638,KMQTMK,0.0
31639,YEDGHN,0.0
31640,KTKPIRQ,0.0
31641,HQDAHCFGT,0.0
31642,ACTCQIN,0.0
31643,RCQMMQNKR,0.0
31644,GEVNKRHIV,0.0
31645,RPSRNRFL,0.0
31646,IDPIWNEEG,0.0
31647,HGDEWFQIF,0.0
31648,CSVQED,0.0
31649,HEWCTNPNPN,0.0
31650,NNMSK,0.0
31651,AGNATNLVY,0.0
31652,EVPHQIFT,0.0
31653,FENPMCVQ,0.0
31654,RHHSMRN,0.0
31655,GTLKCMGDF,0.0
31656,SVTADPM,0.0
31657,EYTFEQD,0.0
31658,RNYAQ,0.0
31659,MEDLYIVE,0.0
31660,MTEHKVRPGR,0.0
31661,CMERPCQL,0.0
31662,CGPGE,0.0
31663,DHGEAWPYPL,0.0
31664,RMEQLCE,0.0
31665,TQETPMMPDT,0.0
31666,TPEEA,0.0
31667,TNGYKSQRSL,0.0
31668,NGEGFNHENC,0.0
31669,IKQDEVL,0.0
31670,HQWAREVQ,0.0
31671,CKRHRL,0.0
31672,TICKFQQKA,0.0
31673,EFKECKGV,0.0
31674,AAKMEPIGY,0.0
31675,KCYSTLQ,0.0
31676,HFDVWQG,0.0
31677,DYADHVERY,0.0
31678,RKRDLCNNMK,0.0
31679,QTDEFTTNMR,0.0
31680,GDSFKG,0.0
31681,VKCDTRMS,0.0
31682,KWTEEVG,0.0
31683,WDLRAG,0.0
31684,RADTTSI,0.0
31685,AKTGEQG,0.0
31686,SMSHGLR,0.0
31687,GVVGRGMF,0.0
31688,RVKQAMDTCM,0.0
31689,DPWDV,0.0
31690,EDQMPARVCK,0.0
31691,ADALIVRQGS,0.0
31692,DCYSHGP,0.0
31693,EDINYM,0.0
31694,SHSYDYALCA,0.0
31695,HQHKVKQPHE,0.0
31696,DMRTVE,0.0
31697,QVNGNTPKFV,0.0
31698,WNADP,0.0
31699,EVKNPAIV,0.0
31700,VETCHTEK,0.0
31701,HSATKN,0.0
31702,TNNMPC,0.0
31703,LWKPESRR,0.0
31704,KSVRDV,0.0
31705,SKLEELCALT,0.0
31706,KLDTTKIM,0.0
31707,QIVNQNIYKT,0.0
31708,LRPQLIVGK,0.0
31709,DCFEHWRE,0.0
31710,RGVSMICGK,0.0
31711,KARNREFSY,0.0
31712,NCGTSAYGP,0.0
31713,RRCTLVH,0.0
31714,MMLCLHCQQ,0.0
31715,LQESCR,0.0
31716,CPMGDSV,0.0
31717,AVDCAIPERK,0.0
31718,FMQQLQSN,0.0
31719,DVKNDCH,0.0
31720,SSEYSKHAV,0.0
31721,GMLCK,0.0
31722,NTTNVRAW,0.0
31723,WQNWSNVQ,0.0
31724,CLEGVQRS,0.0
31725,NQSGQA,0.0
31726,DRRNSEKKLD,0.0
31727,KRCPTED,0.0
31728,DTRGGRA,0.0
31729,VVMSPLDK,0.0
31730,ILDESGQ,0.0
31731,LTCQQ,0.0
31732,TRMNSHYIAK,0.0
31733,NSISRTAQN,0.0
31734,VKKACK,0.0
31735,PLCNSELN,0.0
31736,AGWTLEDRRS,0.0
31737,ELGQIRGE,0.0
31738,GVGKGPRT,0.0
31739,GATQAN,0.0
31740,MINQRF,0.0
31741,KRHCWCRQ,0.0
31742,TQDNCECA,0.0
31743,KGKADGSC,0.0
31744,DQMWHSM,0.0
31745,PDMDT,0.0
31746,CMTNNTFG,0.0
31747,GTCALANQKL,0.0
31748,NNVMWAPVK,0.0
31749,TRQEKVAQMF,0.0
31750,CSTLSYDSN,0.0
31751,EGFIYVKP,0.0
31752,NVCIGR,0.0
31753,INICCLLAN,0.0
31754,HDSDNNGHT,0.0
31755,NGYINPG,0.0
31756,PCSDIDCRA,0.0
31757,NIPCSNP,0.0
31758,RPPQAAYQQ,0.0
31759,EQGHHPPSF,0.0
31760,HQIDRA,0.0
31761,NVEDEKY,0.0
31762,ADDLL,0.0
31763,DLCLV,0.0
31764,HCGCNNG,0.0
31765,HIMKHGWQRK,0.0
31766,EGQILVCSHT,0.0
31767,GVPGHCIS,0.0
31768,QAMKQHG,0.0
31769,DHPMHSILL,0.0
31770,QMTFEVQAQ,0.0
31771,RCCELINRRG,0.0
31772,CDKTKEGYA,0.0
31773,DQTDFNEFD,0.0
31774,DGQMV,0.0
31775,IRLAQIMPTK,0.0
31776,ARAEEDLET,0.0
31777,GKDWAQEK,0.0
31778,QKLLGT,0.0
31779,TNMDQV,0.0
31780,EMFMCDI,0.0
31781,MDTSVQASD,0.0
31782,EIMSKK,0.0
31783,RGSSDQLFKI,0.0
31784,KRSCT,0.0
31785,MRKGPNC,0.0
31786,QANFPD,0.0
31787,AQVVC,0.0
31788,NYCKWKQ,0.0
31789,MFKIRNKR,0.0
31790,KTNGRNHV,0.0
31791,NDVDVWCAL,0.0
31792,VNAFRVK,0.0
31793,QLPHERR,0.0
31794,DPCDFAIPD,0.0
31795,QWPMHVVHR,0.0
31796,WAGDPAA,0.0
31797,AGMLPDD,0.0
31798,MFAYVQIDQ,0.0
31799,DHEDFGHCHI,0.0
31800,RVRLGDIQ,0.0
31801,PFCHSPEQ,0.0
31802,IETDCV,0.0
31803,SPTDAQ,0.0
31804,RNDQPQHKW,0.0
31805,MSTNG,0.0
31806,EEDCHMLE,0.0
31807,DWHHPLDL,0.0
31808,IKAYTYEGA,0.0
31809,ESQFQAKW,0.0
31810,IWKLLRGGRY,0.0
31811,DCNFTCGLEQ,0.0
31812,GIYKDPKAT,0.0
31813,CKKGFC,0.0
31814,GTGRS,0.0
31815,EDFVSHSEQL,0.0
31816,RVFRV,0.0
31817,KQQFNHRTQW,0.0
31818,CRGGCSI,0.0
31819,FECETIHAH,0.0
31820,QTYLHETE,0.0
31821,QPCIGQGDQA,0.0
31822,DPWDMRCYEK,0.0
31823,HSLVHEIEL,0.0
31824,DWPMMWECGE,0.0
31825,SHDLGIQSH,0.0
31826,RTCNNLIFCM,0.0
31827,RALEA,0.0
31828,RMKTLRMLI,0.0
31829,IDSTNC,0.0
31830,KDLGDQ,0.0
31831,ARGRF,0.0
31832,PDRGSPFMA,0.0
31833,LFLDAQTK,0.0
31834,DTSSSDPVYT,0.0
31835,DNKWYILN,0.0
31836,VCKMDDE,0.0
31837,FCIETSHDS,0.0
31838,KWDYACRGED,0.0
31839,QGHSDGIE,0.0
31840,AGGTTRG,0.0
31841,PKQKE,0.0
31842,QTDFGNVL,0.0
31843,PSFCKADG,0.0
31844,IYRCPDEGV,0.0
31845,MLGERK,0.0
31846,LPFDEAPCT,0.0
31847,NYMKQFKK,0.0
31848,CPNNPE,0.0
31849,SQSCCTHSNQ,0.0
31850,GQLRMISK,0.0
31851,YPCEDLEAKL,0.0
31852,HHLASEKCP,0.0
31853,DSNHGQE,0.0
31854,WDSCCGQKF,0.0
31855,GPYCAKPSR,0.0
31856,KSGYGA,0.0
31857,ELTPLFDLN,0.0
31858,MPRINWADP,0.0
31859,AYDELE,0.0
31860,WQAQKREH,0.0
31861,ETDWFPE,0.0
31862,EQGNQ,0.0
31863,HIWCYNDE,0.0
31864,LERDDT,0.0
31865,VDVWGSQM,0.0
31866,DCDLWGK,0.0
31867,VGENEQ,0.0
31868,GHHDGC,0.0
31869,REDHKVTL,0.0
31870,QETVMCQCE,0.0
31871,SMTELEMM,0.0
31872,DITHANCNQV,0.0
31873,SWADNVN,0.0
31874,RDEGQMDP,0.0
31875,SNMEFFENMG,0.0
31876,RRACP,0.0
31877,NLGFE,0.0
31878,YDNEHDHLTE,0.0
31879,QVLCVDTH,0.0
31880,GLQRNW,0.0
31881,QQNYEVMWM,0.0
31882,GCDMNNEPH,0.0
31883,IFQHVADAQ,0.0
31884,WTGSSIPDYE,0.0
31885,FTMQTNIQL,0.0
31886,WTECGCDQ,0.0
31887,KYRNSSQ,0.0
31888,CDCPVNPSM,0.0
31889,FNDMMIMDME,0.0
31890,MCTLSDSDPA,0.0
31891,QAKRVHPETS,0.0
31892,HIPTEQIL,0.0
31893,WARFGYDGQD,0.0
31894,CLAGDNPSEH,0.0
31895,HWDDEWKPN,0.0
31896,RICCTKK,0.0
31897,KGSGGQA,0.0
31898,GDCQFQTCEM,0.0
31899,DCRMLLGHK,0.0
31900,PQEHLNVP,0.0
31901,PLDVSRCTC,0.0
31902,SHCNASGQNE,0.0
31903,RNVCI,0.0
31904,GRCAHIITP,0.0
31905,LIGEEN,0.0
31906,QMKVCPPSN,0.0
31907,KKCRNQYDE,0.0
31908,QTMSQPQ,0.0
31909,MKVAE,0.0
31910,TFVKKHGS,0.0
31911,KKMGGSNDL,0.0
31912,GPNREACR,0.0
31913,EWRQVTHVVA,0.0
31914,FLAGNGAGDY,0.0
31915,ECCQFGEW,0.0
31916,EKQVAKD,0.0
31917,RVEERQAS,0.0
31918,SSKYHMKDE,0.0
31919,GRWMKDD,0.0
31920,LGQDRGN,0.0
31921,QHKKTEF,0.0
31922,WGKQKDYER,0.0
31923,DEQFCVH,0.0
31924,QLEDVI,0.0
31925,KSVGGRETSD,0.0
31926,PKLQPEHVRK,0.0
31927,AMADMLYGPN,0.0
31928,MYNENQ,0.0
31929,AVHDTNNMSK,0.0
31930,DAKRQESRVC,0.0
31931,HQSQCM,0.0
31932,QQNDNLRL,0.0
31933,FNLNKWSQTK,0.0
31934,HATTPN,0.0
31935,CTDDQVQ,0.0
31936,KEGDLGCFKP,0.0
31937,MWDDE,0.0
31938,CSSKDGLW,0.0
31939,DRSNRV,0.0
31940,TVVEHNKS,0.0
31941,HNKNIFDTQK,0.0
31942,QLTLSHEYGA,0.0
31943,SQMKADHRW,0.0
31944,VGDDPCVK,0.0
31945,PHLITNIE,0.0
31946,KQVNEK,0.0
31947,KWCMIDEQ,0.0
31948,QDEINCIR,0.0
31949,GWMDTG,0.0
31950,TVSKCAN,0.0
31951,AKAHWWSSG,0.0
31952,SVDSQQH,0.0
31953,QACNVGNPVK,0.0
31954,SSMVMGMVKR,0.0
31955,TVQTG,0.0
31956,DEGSSCK,0.0
31957,FQELMETQID,0.0
31958,FATCCARLA,0.0
31959,NIKKFEDI,0.0
31960,TEKKGI,0.0
31961,GRLDTAKEAC,0.0
31962,PEARFGLGA,0.0
31963,LKAAL,0.0
31964,VERRDRQ,0.0
31965,DVADMLTAQ,0.0
31966,DDASQ,0.0
31967,QRSKKHH,0.0
31968,DIAQGVCKQI,0.0
31969,NDHTCSN,0.0
31970,SFKGDTILS,0.0
31971,SILDPFEQ,0.0
31972,DIFGLNDDN,0.0
31973,RGLQFLNNVQ,0.0
31974,QEHSWCDF,0.0
31975,DADRNMLEWG,0.0
31976,RTERDTC,0.0
31977,IHSNYLCRK,0.0
31978,KTQSTEIGR,0.0
31979,DMKFVTQ,0.0
31980,KDTHPIPNP,0.0
31981,NRRFDE,0.0
31982,NVCQP,0.0
31983,HNGTRG,0.0
31984,GEDVSLI,0.0
31985,SSHTAAHMAG,0.0
31986,PRAPGSV,0.0
31987,EWDMDI,0.0
31988,DVWPPMNIE,0.0
31989,DIQNGT,0.0
31990,YYQPDWSQE,0.0
31991,NHSPLFKKG,0.0
31992,DGPHFMPH,0.0
31993,APLRTHHRNR,0.0
31994,ETRSRP,0.0
31995,IDTAEVW,0.0
31996,WTHAEE,0.0
31997,CDRDFLE,0.0
31998,SLAPILT,0.0
31999,VAPPNHNPF,0.0
32000,DYICLER,0.0
32001,YRKVATASE,0.0
32002,HSPIDGEM,0.0
32003,GLYGRRNWH,0.0
32004,GDNFLGC,0.0
32005,VQEHP,0.0
32006,WDHRQTCE,0.0
32007,GIPNC,0.0
32008,GIKKTM,0.0
32009,QEICCKQA,0.0
32010,CQVGFG,0.0
32011,KVDEESNLA,0.0
32012,GRPMDLTI,0.0
32013,AIGMQSQE,0.0
32014,WQDYFLQSGE,0.0
32015,QTNVKKDSKN,0.0
32016,EFLRRTLKS,0.0
32017,DQCNCP,0.0
32018,NAQQQGIRS,0.0
32019,NHRSNPDTH,0.0
32020,NVVCKQCK,0.0
32021,LLNMESTL,0.0
32022,SRSNQTRM,0.0
32023,YKDETNVGNF,0.0
32024,KFQNMCIQS,0.0
32025,GTLFEPT,0.0
32026,EMCYINIGA,0.0
32027,SDRSPKR,0.0
32028,DPDEINP,0.0
32029,NDQMNMY,0.0
32030,QIIET,0.0
32031,MTLAAGRLGR,0.0
32032,DEWCKRWVN,0.0
32033,CEDVGTS,0.0
32034,SAFGVLMS,0.0
32035,EKKLYIYVQ,0.0
32036,TTAYKK,0.0
32037,CGSCNT,0.0
32038,GPSHHLPSQ,0.0
32039,GYNEDSHC,0.0
32040,HNGGDDWLIN,0.0
32041,DQDWVRQL,0.0
32042,GKNPQFL,0.0
32043,GSRPGVMAKH,0.0
32044,AFCNHE,0.0
32045,CAPECIQDR,0.0
32046,DFEAQHQIK,0.0
32047,GSPVPWAIGG,0.0
32048,DHSWANL,0.0
32049,MDHCMQSNEC,0.0
32050,GCRRWML,0.0
32051,IAPSR,0.0
32052,SKADGDD,0.0
32053,HKMGMHKID,0.0
32054,EDRHQQDKIE,0.0
32055,LRDEL,0.0
32056,MNELPL,0.0
32057,ITVIVDCRG,0.0
32058,CDQLSLQYVN,0.0
32059,KVMGRHWSA,0.0
32060,RQWSQLGG,0.0
32061,HCQLICDGQ,0.0
32062,WPYGHLDDN,0.0
32063,MNNAAQIWS,0.0
32064,TKNFDLDPD,0.0
32065,KFGIACATNP,0.0
32066,KCCHNSG,0.0
32067,SQFNGAAKHC,0.0
32068,WDYTSGLNV,0.0
32069,QRWRNRNVRQ,0.0
32070,EQRNELSW,0.0
32071,KCLIPM,0.0
32072,RNNTIYN,0.0
32073,EIGMDQMVAP,0.0
32074,AVFEKQ,0.0
32075,TICNDKKI,0.0
32076,LYMRGAAYK,0.0
32077,FMDIENWNN,0.0
32078,DFHMEGSQE,0.0
32079,FVDNDMT,0.0
32080,MCRQCVP,0.0
32081,LQYMGPRH,0.0
32082,IFEVERR,0.0
32083,YNDRAQ,0.0
32084,NDHWSIIA,0.0
32085,ADNYLPWDI,0.0
32086,LLACYPNKVN,0.0
32087,KYYAQTHKR,0.0
32088,IEIAGLSP,0.0
32089,GKIAWHGLR,0.0
32090,KMDDYLLQR,0.0
32091,ENFDI,0.0
32092,KKGKWC,0.0
32093,SVKRNGF,0.0
32094,KFRVTVRHS,0.0
32095,KRCNESPWP,0.0
32096,INRRGRCCEL,0.0
32097,TEGLSCV,0.0
32098,LRAGLKS,0.0
32099,NGNPAKSQGN,0.0
32100,DSIYNWRE,0.0
32101,ELCMQNC,0.0
32102,RHEYDIFE,0.0
32103,DGKKQNQGH,0.0
32104,AGMCV,0.0
32105,NKCQDV,0.0
32106,EDKGDMLSD,0.0
32107,NALSHCHQKL,0.0
32108,ACSHSNG,0.0
32109,NCTKN,0.0
32110,VQFRRL,0.0
32111,GTWFRLQ,0.0
32112,PLCCTQCQ,0.0
32113,MSSPSE,0.0
32114,LNDRT,0.0
32115,FRSKDVTN,0.0
32116,CNIPLEGKPS,0.0
32117,KRNSWIMDE,0.0
32118,LNGEMR,0.0
32119,KIEFDDC,0.0
32120,HKSLR,0.0
32121,FEILISVIDM,0.0
32122,CMGDSSL,0.0
32123,KSIQAGCSD,0.0
32124,RHKGNIL,0.0
32125,DDFRDSSPW,0.0
32126,SFKRNSAE,0.0
32127,TMPDKNQNF,0.0
32128,QNVKS,0.0
32129,MNGKVQ,0.0
32130,AAFSSQH,0.0
32131,ITTLLQTNAK,0.0
32132,TQDGNEC,0.0
32133,SANAKN,0.0
32134,TQWSVLPG,0.0
32135,RQQVVLMK,0.0
32136,PCEDYAQ,0.0
32137,YNGRRC,0.0
32138,GMECGLWN,0.0
32139,RLVRLKRYKV,0.0
32140,WIRWNKMR,0.0
32141,CQRCRY,0.0
32142,HIYYKDKIS,0.0
32143,CSENMPVG,0.0
32144,LACGWSDACM,0.0
32145,IHQHKGN,0.0
32146,ALHPQRV,0.0
32147,LQGASL,0.0
32148,TIEGRGTEV,0.0
32149,GKCLVDD,0.0
32150,EGESSR,0.0
32151,DFTQTCD,0.0
32152,TWSCKATAP,0.0
32153,LQMLISA,0.0
32154,RRALNPYTA,0.0
32155,QVHAEPV,0.0
32156,CMDQISEQEP,0.0
32157,NHKMETVYL,0.0
32158,SRRGV,0.0
32159,PEQSMTHR,0.0
32160,METTG,0.0
32161,RMSTMRMAAW,0.0
32162,ESIYCKA,0.0
32163,MNGNPREVNG,0.0
32164,PVEPRSSV,0.0
32165,LCVEVPMC,0.0
32166,IQQCKNK,0.0
32167,CTCEMNCG,0.0
32168,KNDNE,0.0
32169,MAMIQRSANV,0.0
32170,FGRKPAAMCI,0.0
32171,FSHQEHET,0.0
32172,VIARRF,0.0
32173,ITDESC,0.0
32174,FQAMMRDTE,0.0
32175,NEVIDY,0.0
32176,QKILWKGEKR,0.0
32177,NADSR,0.0
32178,KENWHGKDLR,0.0
32179,PDVITD,0.0
32180,RDREVFK,0.0
32181,MIQNGN,0.0
32182,ALGMP,0.0
32183,DVEMHPAL,0.0
32184,WGLRRRW,0.0
32185,LAGGQRV,0.0
32186,RRSMV,0.0
32187,DSIMP,0.0
32188,EEPNGG,0.0
32189,MQMCAQ,0.0
32190,ASKQKIWVRS,0.0
32191,IADIG,0.0
32192,GCDRTA,0.0
32193,AGLHEESTQR,0.0
32194,ANQSTI,0.0
32195,DSCTNDSEYT,0.0
32196,LRKGMINDTI,0.0
32197,PYAEENKIMR,0.0
32198,EKDVDGHEW,0.0
32199,FNHTCKDCSM,0.0
32200,DQTISL,0.0
32201,MQMLKLF,0.0
32202,LHGECN,0.0
32203,RDRGTQY,0.0
32204,TRMEVKGD,0.0
32205,DFHEG,0.0
32206,ANNKIAD,0.0
32207,TQKDFEWN,0.0
32208,HFKANQSAT,0.0
32209,APNVRHDCN,0.0
32210,HYKNPRRRTH,0.0
32211,RGVMCPS,0.0
32212,GLARLAQ,0.0
32213,HISTEDQVY,0.0
32214,LMALM,0.0
32215,FSLMLEEVQ,0.0
32216,DLSCRGL,0.0
32217,QGCNVMK,0.0
32218,EKKAANI,0.0
32219,PVQKHNCC,0.0
32220,DEMSAM,0.0
32221,FGDPA,0.0
32222,MILNAREWA,0.0
32223,PQTGNDV,0.0
32224,DGDDNFES,0.0
32225,GEKIPQ,0.0
32226,GCYRYRLNSR,0.0
32227,LVEHIEGNA,0.0
32228,GKDDTTFD,0.0
32229,HFNRQKSHT,0.0
32230,GQQTSPG,0.0
32231,KQLQWKG,0.0
32232,LMRRD,0.0
32233,VVNSAA,0.0
32234,CEYLTEPSDR,0.0
32235,CVKSKSQ,0.0
32236,FPFSNADCGE,0.0
32237,GCINM,0.0
32238,AEAMRARED,0.0
32239,QFGFREYH,0.0
32240,GLWGDIM,0.0
32241,FVEIKLRS,0.0
32242,FAGEVCLEL,0.0
32243,EEKIIIVTI,0.0
32244,CMRQG,0.0
32245,AKRTHCWLNK,0.0
32246,ILENYNDKGN,0.0
32247,TTWIGNIAR,0.0
32248,AQRGPYP,0.0
32249,AQRGCRESAC,0.0
32250,NVGAWVDPR,0.0
32251,DIIMM,0.0
32252,PLCMRRKDS,0.0
32253,DFEMNDHQ,0.0
32254,RQSTQDMF,0.0
32255,AVGEI,0.0
32256,IAIQRVKALI,0.0
32257,PNFEGN,0.0
32258,IDTMGDAFL,0.0
32259,QAQCDT,0.0
32260,LWWELQNLLD,0.0
32261,CDKEPKGHGI,0.0
32262,KQLMNTTQPN,0.0
32263,HNKNI,0.0
32264,VRGREDMEL,0.0
32265,DNLTCTTK,0.0
32266,QTKQIGT,0.0
32267,ARIYGGDFV,0.0
32268,MAAAN,0.0
32269,SGAML,0.0
32270,SNQHKLKA,0.0
32271,KKRKLLWTQF,0.0
32272,KSYGIQS,0.0
32273,DNRAY,0.0
32274,PNILFAKMGA,0.0
32275,VYSDKKPTC,0.0
32276,GQMASGNHD,0.0
32277,TPEFE,0.0
32278,CGSVAK,0.0
32279,DTSNLEH,0.0
32280,DSGSR,0.0
32281,GHGTDMMR,0.0
32282,QTDGGF,0.0
32283,EQGIT,0.0
32284,CQRRPPK,0.0
32285,GACWNMLRV,0.0
32286,GNPFGVHKP,0.0
32287,DCNAKQE,0.0
32288,INRDDKPD,0.0
32289,ECKTA,0.0
32290,TGGEM,0.0
32291,ICLRDMQD,0.0
32292,EYRTCT,0.0
32293,GMKRCWS,0.0
32294,NSPVLDM,0.0
32295,ETISE,0.0
32296,PKQLSND,0.0
32297,QQIETFIM,0.0
32298,MLLCGGLG,0.0
32299,KNDSRVSVD,0.0
32300,PVLGARRVEP,0.0
32301,NDHVGQVAT,0.0
32302,IQCGHSYSA,0.0
32303,FSWDPGR,0.0
32304,KQAVIVATE,0.0
32305,DMGIDNRMMR,0.0
32306,EYNTPN,0.0
32307,KAWMCENM,0.0
32308,NAPTLSP,0.0
32309,GTWIQNQL,0.0
32310,KLNGD,0.0
32311,AVCVRNFE,0.0
32312,LDWASDTLER,0.0
32313,EFINAIGCNR,0.0
32314,IQGVAHVEE,0.0
32315,EVMGTKSHKT,0.0
32316,TDGKK,0.0
32317,YQELNQAVG,0.0
32318,VFEQGAYDIG,0.0
32319,MPKALVVNQC,0.0
32320,GNVDGFIAQL,0.0
32321,NCCGRWPK,0.0
32322,VNMAN,0.0
32323,GNAMCR,0.0
32324,HTAEQTIILQ,0.0
32325,NAVSSR,0.0
32326,TEGQDYA,0.0
32327,TGQMSFET,0.0
32328,KYGRL,0.0
32329,GNYMGMMNT,0.0
32330,TCAKLQYQ,0.0
32331,WYCRIDGGN,0.0
32332,KHHSATKHK,0.0
32333,IDMRMQ,0.0
32334,HPFLCGGGIA,0.0
32335,FDQHGSFS,0.0
32336,ANIANGSR,0.0
32337,TPGNTIK,0.0
32338,KYIGKLQS,0.0
32339,ARDMEPRWVM,0.0
32340,QNYYAMECK,0.0
32341,NRVMRAQPEQ,0.0
32342,TQLEVALF,0.0
32343,DKYDIEDAE,0.0
32344,MPCQSEMK,0.0
32345,SWRRTCC,0.0
32346,DTKNCEH,0.0
32347,YTSWLNRRR,0.0
32348,DGDKTMQC,0.0
32349,YAKADD,0.0
32350,MSCAWNEE,0.0
32351,VQGMIN,0.0
32352,MIQGQTT,0.0
32353,DKVEQ,0.0
32354,QDDHYCFDT,0.0
32355,SCEYQ,0.0
32356,PVHGFEMEV,0.0
32357,EKKEWNPV,0.0
32358,PGQKQ,0.0
32359,EMMTAWTEEP,0.0
32360,KHKGVLL,0.0
32361,DPCSHQQCSA,0.0
32362,APWQHHMAP,0.0
32363,AQKCAKP,0.0
32364,HSPRRK,0.0
32365,KVADIHTDK,0.0
32366,SADSIM,0.0
32367,CDDSDPESK,0.0
32368,RKGFEHRWM,0.0
32369,HANEA,0.0
32370,ENWTQ,0.0
32371,CLLNAKMD,0.0
32372,QLIQMAHV,0.0
32373,TCKTNML,0.0
32374,FNTEHYQPC,0.0
32375,NYSGMDE,0.0
32376,AVDCA,0.0
32377,KQDKKGNFD,0.0
32378,VGEELRA,0.0
32379,YQWHNSEITM,0.0
32380,GGKIMI,0.0
32381,AAPRC,0.0
32382,LDNQMDAAMV,0.0
32383,CETMI,0.0
32384,CHQAELRH,0.0
32385,SESKYEYG,0.0
32386,QSAFTRMG,0.0
32387,QCTKG,0.0
32388,AISVLE,0.0
32389,GSDLFPIKQR,0.0
32390,GNINPKITPC,0.0
32391,THLNIQ,0.0
32392,NGCDC,0.0
32393,YMTVNTICR,0.0
32394,IDHDGDGYWQ,0.0
32395,PCMGRGFE,0.0
32396,QHEGWICKQP,0.0
32397,YNIRK,0.0
32398,EGPSGI,0.0
32399,RHYAPTNI,0.0
32400,HPAFDIMD,0.0
32401,HRGGSSHKL,0.0
32402,PSSAQDPSR,0.0
32403,TEHDA,0.0
32404,ETSAE,0.0
32405,PVNCKSQD,0.0
32406,EESMTLEC,0.0
32407,PLMQQG,0.0
32408,EIDHRI,0.0
32409,DVADK,0.0
32410,QMCRMVAGI,0.0
32411,KNGSTGREQ,0.0
32412,DWENHE,0.0
32413,VCSGVAT,0.0
32414,MLLIREID,0.0
32415,WGQLKTPE,0.0
32416,DEWLDFIK,0.0
32417,FDRKGKHP,0.0
32418,NMVSWEEHS,0.0
32419,DPGEPYG,0.0
32420,DRQESKNRDR,0.0
32421,GHDSSKH,0.0
32422,DDTQIVAW,0.0
32423,HYDESIDTS,0.0
32424,DTQVISH,0.0
32425,GNVDG,0.0
32426,AAMRKGIAF,0.0
32427,GPPFEPKE,0.0
32428,QWCTHQMQNI,0.0
32429,TRVMR,0.0
32430,LQDWDNRG,0.0
32431,EEWLQYELH,0.0
32432,HTKKRT,0.0
32433,IVQCIKQ,0.0
32434,YADCRM,0.0
32435,TMIKDTAGGN,0.0
32436,DFIEIDMK,0.0
32437,ARAETNREW,0.0
32438,QVNGN,0.0
32439,EALCH,0.0
32440,LRKSNE,0.0
32441,KKKMC,0.0
32442,VDKQK,0.0
32443,KRHIRMFK,0.0
32444,ETHMDEIFN,0.0
32445,KNNMMPVTKA,0.0
32446,QKTDLAGNII,0.0
32447,SDQIEEDD,0.0
32448,YMPIAQELC,0.0
32449,HARRVG,0.0
32450,EERSSQTNH,0.0
32451,NVSKHN,0.0
32452,LRGEICNLRR,0.0
32453,RCPNGSSTPN,0.0
32454,QKLQEKHNQY,0.0
32455,SKNGIVLTQA,0.0
32456,QTISLGPP,0.0
32457,MDTEWH,0.0
32458,TNWPDME,0.0
32459,LCDQVLNPK,0.0
32460,NQMDFISNEG,0.0
32461,CFDHIVRKR,0.0
32462,EASICSCY,0.0
32463,GKPHHNMM,0.0
32464,RSCTQP,0.0
32465,GIQTGQN,0.0
32466,QLCIPPNQAD,0.0
32467,KMPKEED,0.0
32468,QEIRS,0.0
32469,QLKLG,0.0
32470,SWDPE,0.0
32471,MEPQES,0.0
32472,MGEICCC,0.0
32473,QVAQIVNSV,0.0
32474,IAYQQEH,0.0
32475,KAPSGC,0.0
32476,DESLES,0.0
32477,KCLPECMQ,0.0
32478,DPWEPNQS,0.0
32479,HYVKRELYA,0.0
32480,KVRKLHM,0.0
32481,AQAMPS,0.0
32482,CDGNT,0.0
32483,NKNAQ,0.0
32484,DATAFD,0.0
32485,AAKCV,0.0
32486,HRKNEKE,0.0
32487,VCKIREETR,0.0
32488,TLTDKGIEQ,0.0
32489,AVPYNLLQKC,0.0
32490,DGPDNIS,0.0
32491,WDQRTQD,0.0
32492,YVICGTGQ,0.0
32493,NVINSGT,0.0
32494,YQAETK,0.0
32495,CQDGYLKMEC,0.0
32496,AHVNHNEPF,0.0
32497,EVTVDAQC,0.0
32498,ANKGTRWVVP,0.0
32499,VKWCMQR,0.0
32500,WQDSRINNK,0.0
32501,GGEIPYRE,0.0
32502,NNMAPH,0.0
32503,DKHNFRLH,0.0
32504,TSGFTQND,0.0
32505,QINVEIPSM,0.0
32506,DPDKQACGHD,0.0
32507,EERAQ,0.0
32508,FGTQAHLTPE,0.0
32509,QQQFCKAH,0.0
32510,NYAVDARIWA,0.0
32511,KNQNYRN,0.0
32512,SRQVEC,0.0
32513,RNQNG,0.0
32514,DVDMKDK,0.0
32515,YTKEWEE,0.0
32516,HQIHGSNCEI,0.0
32517,MPVPN,0.0
32518,GYPFGMEYQ,0.0
32519,QGETGR,0.0
32520,FRKVIAEPK,0.0
32521,RKPACHNAN,0.0
32522,DGATYDPHPT,0.0
32523,HQAMCSVA,0.0
32524,KTTPLMCG,0.0
32525,FAQRDGFGK,0.0
32526,RMSCP,0.0
32527,PKETD,0.0
32528,LQLLHKKVKR,0.0
32529,QTEQYIMKL,0.0
32530,ILDECAM,0.0
32531,GIEAV,0.0
32532,AETNR,0.0
32533,EKAASVIVGL,0.0
32534,IPKGTE,0.0
32535,DENCRSRTA,0.0
32536,QNIAC,0.0
32537,HEIGENTR,0.0
32538,SCKHGGD,0.0
32539,DVGNGWAV,0.0
32540,AVQKVE,0.0
32541,ERTQLKMT,0.0
32542,EQTHSKM,0.0
32543,TDGDVPSC,0.0
32544,AAETWA,0.0
32545,CRMRK,0.0
32546,PHDFGEEM,0.0
32547,RGMQMH,0.0
32548,EQMSGL,0.0
32549,LKDRKTGVWT,0.0
32550,IGTRNVS,0.0
32551,GNCFKGGGT,0.0
32552,AAIMVNNWQG,0.0
32553,SGKCRTAW,0.0
32554,GPLMMGEQG,0.0
32555,THLDYVTQC,0.0
32556,FDHEHEL,0.0
32557,HLTLHDAIE,0.0
32558,MTCEQ,0.0
32559,ENTQMNEG,0.0
32560,RAFHKHES,0.0
32561,GWRKAIGE,0.0
32562,EQKYCGPM,0.0
32563,EECFLDG,0.0
32564,GDMKGS,0.0
32565,VDPTDNC,0.0
32566,RQRSW,0.0
32567,REGIAM,0.0
32568,PHVMIGDR,0.0
32569,SEKRV,0.0
32570,GCCMGTRT,0.0
32571,LWEWQASK,0.0
32572,LMDKEYP,0.0
32573,AVSNDFQ,0.0
32574,ASHPNRCVK,0.0
32575,ADALI,0.0
32576,DQTPDDITFK,0.0
32577,MVRCKAPM,0.0
32578,FQDNM,0.0
32579,NHQDC,0.0
32580,VFNTSEN,0.0
32581,GAKMCPWATE,0.0
32582,AVDRHQ,0.0
32583,CGLRK,0.0
32584,IDDPDGNFH,0.0
32585,KEEMVGDI,0.0
32586,DNCIELNYI,0.0
32587,QHVMSEQTD,0.0
32588,YRQMNEG,0.0
32589,HQKER,0.0
32590,SNQALHDNM,0.0
32591,EDALGL,0.0
32592,QLAIT,0.0
32593,TEVCMEGG,0.0
32594,WENKTSLQ,0.0
32595,DTNNIKAE,0.0
32596,RCDNRDCFG,0.0
32597,LLNDP,0.0
32598,CVCSPLDRM,0.0
32599,DGNCFWKTRN,0.0
32600,MQVTEDNSMV,0.0
32601,ECKTATIMDE,0.0
32602,VDLHSDCRP,0.0
32603,HAGPQRV,0.0
32604,GEMCPS,0.0
32605,FILTAQT,0.0
32606,NVPVCTRKGD,0.0
32607,HCVISKG,0.0
32608,ATGPP,0.0
32609,FVSFQIADG,0.0
32610,TRDRDSIAY,0.0
32611,DGIMTFVM,0.0
32612,GDLEKSSHVL,0.0
32613,NVNSPPV,0.0
32614,NNWKTELDLK,0.0
32615,VNDPI,0.0
32616,VMDLE,0.0
32617,NKYDLMTK,0.0
32618,NTQCVLL,0.0
32619,DMECHDDNT,0.0
32620,VYDEMFLENR,0.0
32621,MLGESNM,0.0
32622,QKSPED,0.0
32623,CHARPCER,0.0
32624,CRSMAK,0.0
32625,VGPDFQPR,0.0
32626,NVKSMNSS,0.0
32627,LQWDDYEVE,0.0
32628,VENGW,0.0
32629,AAKMDHKLC,0.0
32630,CLECMDP,0.0
32631,QSPDK,0.0
32632,QCSVEVFE,0.0
32633,RYSTQNR,0.0
32634,IRMCEDQVQA,0.0
32635,QMRPIGF,0.0
32636,RQMQAK,0.0
32637,HTDLHNCT,0.0
32638,AHGECHMENH,0.0
32639,KLDVGER,0.0
32640,DMCRAISPI,0.0
32641,WVGNRQRAQ,0.0
32642,ELNRFAWAQ,0.0
32643,MEWHHSPH,0.0
32644,DERCKVLM,0.0
32645,GGHIRPQDQ,0.0
32646,RMRWNA,0.0
32647,HESPENP,0.0
32648,KGVPKDPT,0.0
32649,GVNEFMTAP,0.0
32650,LMTRNFQ,0.0
32651,GRRTCQNIAC,0.0
32652,QHNELP,0.0
32653,LICRVKRCL,0.0
32654,KHRQSV,0.0
32655,QRTYELERL,0.0
32656,RKMSYFKP,0.0
32657,RLYGKGIVGR,0.0
32658,QQKQIRDFL,0.0
32659,QQVQNSM,0.0
32660,NCPDKP,0.0
32661,DMKTQCT,0.0
32662,PQWVEDM,0.0
32663,MHDNIDPRDC,0.0
32664,QKSEECTFW,0.0
32665,PQDQLSWDDA,0.0
32666,EWDDFPVQ,0.0
32667,QQDKLSRQC,0.0
32668,IRYRV,0.0
32669,EYVDPKH,0.0
32670,KRDPRR,0.0
32671,ECMHLSISVE,0.0
32672,DEGNLGSH,0.0
32673,RDSGCIV,0.0
32674,ESYTEAMHR,0.0
32675,MVRGGAPWGA,0.0
32676,PPKIEA,0.0
32677,ASCIGMLYRN,0.0
32678,QNGRC,0.0
32679,IAPVCVDDP,0.0
32680,KCESATMSI,0.0
32681,NISGLC,0.0
32682,DYMRCK,0.0
32683,HKGTDNQTNI,0.0
32684,QLETVDNAQV,0.0
32685,EMCYKPTD,0.0
32686,RDQSNQFVA,0.0
32687,TWYTERGR,0.0
32688,LKHRPMMI,0.0
32689,DACCARDWD,0.0
32690,APDKQA,0.0
32691,DCEPWAGTG,0.0
32692,GMLCHVDG,0.0
32693,MEIPP,0.0
32694,AHPTKR,0.0
32695,IKQVLGEIVC,0.0
32696,GDARNSNQY,0.0
32697,YWKDRKK,0.0
32698,HIDTRE,0.0
32699,NEHARWHAD,0.0
32700,TQQNQYEVRQ,0.0
32701,AVDCVSE,0.0
32702,NEMMFCYEL,0.0
32703,QNQLWWGLEQ,0.0
32704,RELAWSGM,0.0
32705,NNSRCQHN,0.0
32706,HVGVTNFE,0.0
32707,GRWHPRFNCN,0.0
32708,SCQKDHC,0.0
32709,ECELTL,0.0
32710,IMQKHHQMH,0.0
32711,ICSQLDD,0.0
32712,GLWGSEWSME,0.0
32713,KRNKRQITS,0.0
32714,GLAEHDS,0.0
32715,LQPYAAAMG,0.0
32716,ENHRCIDGR,0.0
32717,HIGLR,0.0
32718,RYKYQKMM,0.0
32719,EAWSDFREIM,0.0
32720,ECKNDLYCA,0.0
32721,KPYTAILASE,0.0
32722,NSNIGVEH,0.0
32723,RTDHCAKIAK,0.0
32724,RNNYAG,0.0
32725,PHEVHNAR,0.0
32726,TVAKQG,0.0
32727,DVQTGICW,0.0
32728,TQCFHQCIC,0.0
32729,PCDCMM,0.0
32730,GKAIQL,0.0
32731,MTCYSGKKNC,0.0
32732,VDSRNMELT,0.0
32733,LNLAEYGDP,0.0
32734,CVKGGM,0.0
32735,DECGDFR,0.0
32736,CNMIHEQQER,0.0
32737,IVITQ,0.0
32738,CEEQLMDQC,0.0
32739,FMTSTNE,0.0
32740,DLSME,0.0
32741,PCCQLQPGQ,0.0
32742,EHPIAK,0.0
32743,HDPLCVKNC,0.0
32744,ACTVGTADRT,0.0
32745,KTEHDNCIDV,0.0
32746,EPKDI,0.0
32747,SDPGCSQ,0.0
32748,WNGKAA,0.0
32749,GKRAVE,0.0
32750,GFDNHTQA,0.0
32751,RMKTQKSWA,0.0
32752,QSFMKGLTA,0.0
32753,RRSPDNM,0.0
32754,QGQADWQVL,0.0
32755,DEPKRTD,0.0
32756,IDWDLLSQA,0.0
32757,VDNEF,0.0
32758,IPKQNPT,0.0
32759,VSDWADPLAV,0.0
32760,KNPSN,0.0
32761,DKVGPIS,0.0
32762,ECVRHRG,0.0
32763,IMAKRN,0.0
32764,CLGGGYRNE,0.0
32765,RLLEMNEI,0.0
32766,RTEDA,0.0
32767,VDWCEQTHDM,0.0
32768,YAEFQNKM,0.0
32769,VRDKNLAFQA,0.0
32770,ACHKKITLY,0.0
32771,HQINCKRN,0.0
32772,WYKAKVASA,0.0
32773,RPCIDKCCG,0.0
32774,GGRCRCGQQ,0.0
32775,IKTRV,0.0
32776,DNPNP,0.0
32777,FEHSFME,0.0
32778,KLANCPLMCV,0.0
32779,AILDPTP,0.0
32780,IVMET,0.0
32781,PTESC,0.0
32782,NDEWHE,0.0
32783,QDKVNDTVQM,0.0
32784,ESWLCTIGVT,0.0
32785,HEQCDDGSW,0.0
32786,GEMWPHDECW,0.0
32787,QEGAD,0.0
32788,YQTNHTLHS,0.0
32789,LTDVEST,0.0
32790,DAKDF,0.0
32791,PITTPNEQP,0.0
32792,GNEAQ,0.0
32793,VKNFKRRSK,0.0
32794,ETPHASATH,0.0
32795,GLEKDN,0.0
32796,WFKCQDTKRT,0.0
32797,QEKRMQCS,0.0
32798,KEEDAC,0.0
32799,QTQMTVTN,0.0
32800,GKRHYQ,0.0
32801,QQTHIVMII,0.0
32802,GGVIARI,0.0
32803,IGCHPGKI,0.0
32804,MTDQAEW,0.0
32805,SEESKQM,0.0
32806,TRTWIGLGRD,0.0
32807,TSPCQRGN,0.0
32808,PDLGCE,0.0
32809,DLEREILNLR,0.0
32810,DGQYNTIAD,0.0
32811,RKCRYNFGW,0.0
32812,QPANYEM,0.0
32813,WSNLQNTRLA,0.0
32814,NAGTPFELF,0.0
32815,GQFAGEDQ,0.0
32816,ACPSNESHKG,0.0
32817,KQEVHVAHNK,0.0
32818,NAPGRAHDE,0.0
32819,VQCKKDQP,0.0
32820,IRYKWNRH,0.0
32821,PSSEMQTKAG,0.0
32822,NNSPV,0.0
32823,DNDFAENNF,0.0
32824,NNAQGNAASC,0.0
32825,DSLDEIMIQ,0.0
32826,WEDRDDHAW,0.0
32827,RALFFYIGRN,0.0
32828,DAMSHG,0.0
32829,LQNICTRGER,0.0
32830,RGKLEKNFAR,0.0
32831,FKMNCEKRYR,0.0
32832,KQLNQHTCM,0.0
32833,HQSNSQ,0.0
32834,NECLIT,0.0
32835,EMCGEPRPIE,0.0
32836,EGAIESA,0.0
32837,QVTKEI,0.0
32838,MECDHPQW,0.0
32839,RMTTPI,0.0
32840,NRWKAITP,0.0
32841,QILEAR,0.0
32842,NNLGLGTG,0.0
32843,VPTFGRESVR,0.0
32844,NVLESKP,0.0
32845,GTKKQIEHH,0.0
32846,ITIGLK,0.0
32847,TTCSLG,0.0
32848,VEETLCR,0.0
32849,SKCESRCLDS,0.0
32850,HCNDDASAS,0.0
32851,LMVRQ,0.0
32852,CRTSETGRDN,0.0
32853,NPVRR,0.0
32854,AEKGD,0.0
32855,LHNEHIGG,0.0
32856,KRALNITPK,0.0
32857,LEKKP,0.0
32858,YETGRGVIDI,0.0
32859,DSLNC,0.0
32860,DHNDC,0.0
32861,DINSTIEGVP,0.0
32862,DGDQQGSE,0.0
32863,KTDVAG,0.0
32864,DCKMCEFQDK,0.0
32865,DPRCIK,0.0
32866,IYDFRTEP,0.0
32867,MMNDCQEHND,0.0
32868,KNGSTMVGRW,0.0
32869,RRKPYAGFMG,0.0
32870,NKECIGLM,0.0
32871,TAMALSI,0.0
32872,KSYFHRSA,0.0
32873,YDPDYT,0.0
32874,DECCW,0.0
32875,HNENDTW,0.0
32876,QYMHNMQQ,0.0
32877,DSSGWHRCM,0.0
32878,GYGNWE,0.0
32879,AQTAP,0.0
32880,QVAEKS,0.0
32881,KRWITNGISQ,0.0
32882,KEMSGGICCP,0.0
32883,HNRWRQYP,0.0
32884,FQCSSKKK,0.0
32885,QDGDSHE,0.0
32886,GPHFPTNR,0.0
32887,DCSENM,0.0
32888,RNMQR,0.0
32889,CDGIMN,0.0
32890,PKVMCRV,0.0
32891,RGHTIPESQA,0.0
32892,LRDWASVPL,0.0
32893,TTNDRNE,0.0
32894,NSIVLRV,0.0
32895,MTELQMDI,0.0
32896,QQTAWK,0.0
32897,CFQMNTQGL,0.0
32898,INERCLFR,0.0
32899,TSCNEQKM,0.0
32900,WMGMKPNGNK,0.0
32901,PWETDDC,0.0
32902,NRRPEHH,0.0
32903,NMIQEGNEL,0.0
32904,GQVMLTT,0.0
32905,NVRAFE,0.0
32906,HFSMHNGDI,0.0
32907,IVAAA,0.0
32908,GGIGFPDQS,0.0
32909,PCRLKR,0.0
32910,FEDLLGH,0.0
32911,DCRWEE,0.0
32912,SSIHTQNHT,0.0
32913,KTHMSKC,0.0
32914,VPCEPI,0.0
32915,DFRQGPN,0.0
32916,AFELA,0.0
32917,ILEDNF,0.0
32918,ILLPSGPGQ,0.0
32919,PPPSQPDQSV,0.0
32920,HWSRRG,0.0
32921,LCKPR,0.0
32922,GKQDE,0.0
32923,NNADN,0.0
32924,TCKNSQTKTT,0.0
32925,TDQTA,0.0
32926,QPHCVSAARQ,0.0
32927,EAWSCRKHY,0.0
32928,LFRIDRQ,0.0
32929,TFRTQHVRD,0.0
32930,SDRCETSLH,0.0
32931,GCTVNTN,0.0
32932,RDFLRQ,0.0
32933,HQVAMWRR,0.0
32934,RGERHQK,0.0
32935,NMMNCIT,0.0
32936,DAHLD,0.0
32937,NNTARLWD,0.0
32938,STCHMRNR,0.0
32939,CSMIQP,0.0
32940,LMKKGHL,0.0
32941,TSREMNETEY,0.0
32942,LQRCMAK,0.0
32943,KHMDCDFK,0.0
32944,DEWYDTQSPR,0.0
32945,YDPDHDP,0.0
32946,KLDMEAY,0.0
32947,HNPGAMMMR,0.0
32948,IQNPCKTNW,0.0
32949,LDAII,0.0
32950,MSDND,0.0
32951,KQLGLTCGD,0.0
32952,PSTIMCIQI,0.0
32953,ITDTNFTL,0.0
32954,SDGQIFLA,0.0
32955,EQAAVSHGID,0.0
32956,DMAVQKVD,0.0
32957,DCPRQ,0.0
32958,DMDSPELC,0.0
32959,QEDFSV,0.0
32960,PNQYE,0.0
32961,REMIRYDC,0.0
32962,APHTFNKQE,0.0
32963,WTKWKAGS,0.0
32964,NFFSNDKNL,0.0
32965,HTKQQ,0.0
32966,ASWVDE,0.0
32967,CEDGIEWCMM,0.0
32968,NRMET,0.0
32969,VQMLRGL,0.0
32970,YNFKTDEEF,0.0
32971,NVQGAWFAE,0.0
32972,KKHVVDNN,0.0
32973,YDEDRTG,0.0
32974,NMKQDT,0.0
32975,WDMDTNVM,0.0
32976,SSGDPAAHGF,0.0
32977,NNCGPKY,0.0
32978,RRRTRLP,0.0
32979,MVEKES,0.0
32980,VIDQWMNT,0.0
32981,VDMADY,0.0
32982,IAVKG,0.0
32983,SQHHKIND,0.0
32984,VKLKCRMMNK,0.0
32985,KVPRC,0.0
32986,QSSLSPI,0.0
32987,WEWGDKKAG,0.0
32988,MGGIC,0.0
32989,LKRINQTHA,0.0
32990,SEGFQYIIG,0.0
32991,SQPCR,0.0
32992,DIMPDHWNGK,0.0
32993,SSTSPAS,0.0
32994,CPTCHGSKE,0.0
32995,PSGDKDCQ,0.0
32996,QEMGWGERC,0.0
32997,CALLEILYQ,0.0
32998,YVFNVIPDG,0.0
32999,NTNKAWHSNA,0.0
33000,MEMQG,0.0
33001,NCCTN,0.0
33002,RPNIL,0.0
33003,QWLYGARRM,0.0
33004,NLSAVSSHG,0.0
33005,RPGHRIDY,0.0
33006,QHEKES,0.0
33007,LMMPPQLN,0.0
33008,CFNKSNQM,0.0
33009,KIREKQVDG,0.0
33010,SCKKTRVD,0.0
33011,ACKMNLD,0.0
33012,QLEACY,0.0
33013,DPEEPDCI,0.0
33014,RNQNGHWSEG,0.0
33015,SSMGKSAF,0.0
33016,CCMRAACN,0.0
33017,DSIALDK,0.0
33018,KRIMSI,0.0
33019,GQTTYFDHDV,0.0
33020,FGNQESPCE,0.0
33021,GTSGS,0.0
33022,LEVGMAI,0.0
33023,FKRIQSAKC,0.0
33024,VYLNDT,0.0
33025,WNNDG,0.0
33026,RGNKIT,0.0
33027,AEAVTSKMWN,0.0
33028,NRNWQP,0.0
33029,FHDILNG,0.0
33030,APSWACSACR,0.0
33031,QPIQD,0.0
33032,DDWLG,0.0
33033,WIEPQ,0.0
33034,STGEI,0.0
33035,IRDENSSFKD,0.0
33036,DSFKKLVKD,0.0
33037,NITHDTKL,0.0
33038,RYNSNNS,0.0
33039,KHARIQ,0.0
33040,GMKQLPS,0.0
33041,MGFESDHA,0.0
33042,CKRIQEEM,0.0
33043,DGDPFFMD,0.0
33044,HGRSA,0.0
33045,QEKAIN,0.0
33046,FSNGPD,0.0
33047,CTDMCQM,0.0
33048,YGDTKGDVFR,0.0
33049,WTPKQR,0.0
33050,GNICPEN,0.0
33051,LHEVEVVERT,0.0
33052,MQCENHSNCS,0.0
33053,RPQLV,0.0
33054,GLEQVYCPRM,0.0
33055,YRRSRCFR,0.0
33056,GVMFAGEDCM,0.0
33057,PRPKQ,0.0
33058,MAMRKCH,0.0
33059,RADTA,0.0
33060,SNIQWQMKNT,0.0
33061,GNTIART,0.0
33062,PECAI,0.0
33063,VVTNEA,0.0
33064,DCDYKGKK,0.0
33065,EAVIEG,0.0
33066,RTWHEDE,0.0
33067,VEQSHME,0.0
33068,QLEAMFD,0.0
33069,DLDWVP,0.0
33070,TFTSLGKTGR,0.0
33071,EMDAKDICYE,0.0
33072,PTCHTEKD,0.0
33073,CSKTR,0.0
33074,GPHGDCANCG,0.0
33075,LQDDYV,0.0
33076,EQRPKECG,0.0
33077,THEVYEWDLI,0.0
33078,LMRNGPITI,0.0
33079,TSGYRQ,0.0
33080,MCSEC,0.0
33081,GSCGCRAMGE,0.0
33082,FLFLEEEC,0.0
33083,QDQGLHNFH,0.0
33084,VTDYHCEIN,0.0
33085,QHSKMTNTM,0.0
33086,FRKFKHYK,0.0
33087,NIIEDH,0.0
33088,IVQTKKQMRH,0.0
33089,DSMLRMGP,0.0
33090,GFVEELC,0.0
33091,ENKSFKM,0.0
33092,DCQEY,0.0
33093,NQSQD,0.0
33094,KAYTEVDEQ,0.0
33095,SLENVLIAQN,0.0
33096,ARERK,0.0
33097,CYKDVARLK,0.0
33098,GCIVHG,0.0
33099,QINQNHNKMN,0.0
33100,DNVAPLG,0.0
33101,DVQWQ,0.0
33102,QHDHQRV,0.0
33103,AEVTIRHHSQ,0.0
33104,QPDHSVDH,0.0
33105,VRAKI,0.0
33106,CEMTE,0.0
33107,ASTDKLP,0.0
33108,RNGGY,0.0
33109,YAFIQIPD,0.0
33110,SAKNP,0.0
33111,FEGAGLGCYT,0.0
33112,FPACQCKN,0.0
33113,KVEVALAEP,0.0
33114,MRFKCQNDMR,0.0
33115,RTRKW,0.0
33116,EMTIFNMQRM,0.0
33117,GIVGKG,0.0
33118,EGKFYGQMN,0.0
33119,SKKERIE,0.0
33120,HMMRRVN,0.0
33121,LIEDM,0.0
33122,RSLGV,0.0
33123,DGAMGA,0.0
33124,LTCAIN,0.0
33125,EVQNIDVPL,0.0
33126,SPIVAVTDE,0.0
33127,SECPKS,0.0
33128,VVINMIAIMP,0.0
33129,RLVYRKCYS,0.0
33130,ERPIMND,0.0
33131,AIISADKPLM,0.0
33132,MLHTARSCE,0.0
33133,QAKYPEQ,0.0
33134,DTTAGDTD,0.0
33135,WGPGRNTLH,0.0
33136,VQHREG,0.0
33137,SMVQDDWETG,0.0
33138,EWDWFYCDVE,0.0
33139,RNEGGCPI,0.0
33140,TDGGRVMN,0.0
33141,KVPRCSRWCR,0.0
33142,MNSGTESH,0.0
33143,DKSCP,0.0
33144,RQQWQK,0.0
33145,ARRERVGNKR,0.0
33146,SADEMVMA,0.0
33147,GEHEGSRNLL,0.0
33148,SVTARETETP,0.0
33149,TGGLGM,0.0
33150,IVGDPH,0.0
33151,PFGQRSR,0.0
33152,GSNHRQM,0.0
33153,APNEQDEVNA,0.0
33154,EITQNTT,0.0
33155,VVHNVCRNDM,0.0
33156,QMRSFLLAMS,0.0
33157,SGDPPM,0.0
33158,MFLRK,0.0
33159,PNDRQ,0.0
33160,EACWPCGPA,0.0
33161,QPRQYRYNNV,0.0
33162,KGGTFRALPL,0.0
33163,QMNINRE,0.0
33164,SRGYLAYGS,0.0
33165,ENAHTKAAFA,0.0
33166,EYDLTRTQVS,0.0
33167,AAMCENTFET,0.0
33168,SINIDEG,0.0
33169,PHMHPDE,0.0
33170,RPIKEP,0.0
33171,LSKRRNRC,0.0
33172,KRPFCIDTS,0.0
33173,NPEPQQQQIR,0.0
33174,CGELQ,0.0
33175,DKHAKNV,0.0
33176,NRLSGFNQ,0.0
33177,EQQCYNP,0.0
33178,QGIID,0.0
33179,EHDYDKAHYL,0.0
33180,HRNDHCRV,0.0
33181,EVLMEIHAD,0.0
33182,MVNREH,0.0
33183,QQWMGQ,0.0
33184,QHWEIDTNQ,0.0
33185,ADIICSIS,0.0
33186,MDKETT,0.0
33187,TEIRLQEI,0.0
33188,VTQICTME,0.0
33189,TSRLIEHVK,0.0
33190,CLGKMT,0.0
33191,AYVCKSEM,0.0
33192,LDNDYNVM,0.0
33193,LMDSVCWTE,0.0
33194,QHDTETII,0.0
33195,EDETGQKCCG,0.0
33196,NCGVAN,0.0
33197,LEEENKIC,0.0
33198,AWNQGMVLN,0.0
33199,PNGNK,0.0
33200,CSHEQ,0.0
33201,FVLRNEV,0.0
33202,NPDTGSQPC,0.0
33203,MKVNCA,0.0
33204,PEDIEGYQAT,0.0
33205,DMSGGMKN,0.0
33206,QRRYVMKDI,0.0
33207,CQCLSID,0.0
33208,RDQTHFLQAA,0.0
33209,RMLSDELR,0.0
33210,RREKGMT,0.0
33211,CSGAEQGIID,0.0
33212,KQIVRTR,0.0
33213,CDWDM,0.0
33214,HQYLENET,0.0
33215,ARKCRR,0.0
33216,LREIIHR,0.0
33217,YNMTNVGNAI,0.0
33218,EPKDIDRHNV,0.0
33219,DDCEYPVC,0.0
33220,DCEEQKH,0.0
33221,EIVQWFIDCE,0.0
33222,LKKKE,0.0
33223,ICDETIG,0.0
33224,RCGQA,0.0
33225,NNVRFQQLM,0.0
33226,TNRLLAERII,0.0
33227,QQAQYKTF,0.0
33228,EVDEWWL,0.0
33229,DCRRHVKQ,0.0
33230,VCYVCVEAQM,0.0
33231,DQCMPAAFE,0.0
33232,QGHGV,0.0
33233,WIQKGHN,0.0
33234,VQVKK,0.0
33235,QKKCDK,0.0
33236,YSDIQFYGME,0.0
33237,MTPAREGW,0.0
33238,GNHDQRNMET,0.0
33239,QPRMIFGKFK,0.0
33240,RKMDKFCC,0.0
33241,QLDLPMD,0.0
33242,HPSLLAQ,0.0
33243,KRFKHLTQHM,0.0
33244,NSDPFQVN,0.0
33245,EQNYHI,0.0
33246,RVYTCNR,0.0
33247,AVGYSSPDY,0.0
33248,IYRFRQ,0.0
33249,INSYVMKVT,0.0
33250,DTVFQRSK,0.0
33251,LEDCDAIP,0.0
33252,LEQKMSML,0.0
33253,QGLVG,0.0
33254,RVIWEPNS,0.0
33255,IGAVQ,0.0
33256,DSKWHDTG,0.0
33257,DVGKQYKYC,0.0
33258,NDGMRAPAL,0.0
33259,KMKGQCGRPD,0.0
33260,KTDMRG,0.0
33261,KYDNRSNIGA,0.0
33262,RKQFIGPSW,0.0
33263,RCRSDDKELI,0.0
33264,SVQDHVQ,0.0
33265,EWRFCILDD,0.0
33266,AQDTVC,0.0
33267,LPRQMC,0.0
33268,IEQRIP,0.0
33269,MNPQDR,0.0
33270,LHRRMNTNR,0.0
33271,KFHHENDI,0.0
33272,LPKNKQKP,0.0
33273,MKVAKKR,0.0
33274,CRSHEKMQD,0.0
33275,FDVLDCQ,0.0
33276,PVNTAFAET,0.0
33277,METQEKHL,0.0
33278,CSNNQS,0.0
33279,FAKGPAVNM,0.0
33280,ERTHECRG,0.0
33281,QRPNHVCVTE,0.0
33282,VNGDDK,0.0
33283,RGIHLKRNYE,0.0
33284,NECKCSS,0.0
33285,AHDFNEE,0.0
33286,KNLCK,0.0
33287,ISRGNLTN,0.0
33288,NTQYIANNS,0.0
33289,DNPCYHA,0.0
33290,KKEWTQNLEV,0.0
33291,DHVSCKR,0.0
33292,YQMCYFEDD,0.0
33293,NIHFGMQ,0.0
33294,QDYNVTVDQ,0.0
33295,PECGKKFS,0.0
33296,MSEDE,0.0
33297,EGQPPDQDEQ,0.0
33298,IDKELQ,0.0
33299,WFEEQAQ,0.0
33300,HCPEHSSA,0.0
33301,PIPCMED,0.0
33302,RFNSDAETDI,0.0
33303,MVKFKSSE,0.0
33304,GGFNKEFVD,0.0
33305,QRIPDSPHT,0.0
33306,PVLSDVVQM,0.0
33307,SLVDD,0.0
33308,RNCADCAMDM,0.0
33309,KMADDI,0.0
33310,PWKDQYDIID,0.0
33311,CICKCTNC,0.0
33312,AAAGQLHHE,0.0
33313,LKIPSFLLGQ,0.0
33314,CGVEYDT,0.0
33315,RINKYC,0.0
33316,QTQNVETKHN,0.0
33317,RYTMVPRDK,0.0
33318,RKCIAKRE,0.0
33319,DQFKYTRNG,0.0
33320,NVGSLQKM,0.0
33321,QLGTQL,0.0
33322,QAMWIMHQ,0.0
33323,YCHSWILQE,0.0
33324,RGYAN,0.0
33325,DPTGKTVPQ,0.0
33326,NGYEM,0.0
33327,PDDTHSWE,0.0
33328,IPERKAVDCA,0.0
33329,SYCDVFEDVE,0.0
33330,ARDVT,0.0
33331,AANMYMESMD,0.0
33332,EIQQSCG,0.0
33333,MDVKPSK,0.0
33334,ANCDYR,0.0
33335,TQLSQSKEFC,0.0
33336,ITFGQR,0.0
33337,CCVRIEATV,0.0
33338,MSEDSED,0.0
33339,LAGQGHWKG,0.0
33340,HHDRECH,0.0
33341,GGDEWL,0.0
33342,REVDQ,0.0
33343,NCWKKNIEI,0.0
33344,LRSKNWE,0.0
33345,ASSRCRDDCP,0.0
33346,KVDWDCG,0.0
33347,REMVQN,0.0
33348,ISKYTQCYR,0.0
33349,PMYCEPN,0.0
33350,EDTWCKPDM,0.0
33351,CPCKEDTV,0.0
33352,GVMSK,0.0
33353,TQQELED,0.0
33354,GQKQQEG,0.0
33355,ERPHKYEQS,0.0
33356,NRMTVL,0.0
33357,DEQAVS,0.0
33358,SIRQLCGQED,0.0
33359,NELCPQK,0.0
33360,TMGCGSPQM,0.0
33361,RMHGKS,0.0
33362,DCYERG,0.0
33363,KARTLYPYK,0.0
33364,AHGIAWCLEN,0.0
33365,DTTFNRWGQ,0.0
33366,NTNIPAIEK,0.0
33367,SKQIAIK,0.0
33368,IIRDVNM,0.0
33369,DDPYHL,0.0
33370,VIRWDNGGQE,0.0
33371,NPREV,0.0
33372,TTKRATCQYN,0.0
33373,GTLCAWNG,0.0
33374,KCFAK,0.0
33375,NERLLG,0.0
33376,ADCEYF,0.0
33377,FMEAPQM,0.0
33378,HSSNKRS,0.0
33379,HNLYAMNNN,0.0
33380,TTNMR,0.0
33381,FGQNQIRD,0.0
33382,DELFLAN,0.0
33383,WNECMTEYN,0.0
33384,GRVNYMWET,0.0
33385,VYWQMRNKST,0.0
33386,WNRPR,0.0
33387,HMVGDPPPDL,0.0
33388,MVQEELIP,0.0
33389,KETQYPVPGQ,0.0
33390,DSFGQHVH,0.0
33391,DHINCMS,0.0
33392,RKPCTRWKR,0.0
33393,ISRVQLD,0.0
33394,HQKRNHD,0.0
33395,QKYMEIK,0.0
33396,NQQMSV,0.0
33397,GRKFISCVRI,0.0
33398,NNDEGNC,0.0
33399,AGYRQ,0.0
33400,QVERIIGNV,0.0
33401,NMDIRNEES,0.0
33402,PQFQEGDD,0.0
33403,ECEMCDVTAS,0.0
33404,CMGVISEL,0.0
33405,KGMTISD,0.0
33406,GRMLGN,0.0
33407,IYQENCQN,0.0
33408,CECVVPG,0.0
33409,MPTFSANNPE,0.0
33410,QDIMMDNLP,0.0
33411,DMRSV,0.0
33412,EHQIHYSLM,0.0
33413,GPQIGEL,0.0
33414,SIKPVEMR,0.0
33415,QCDHEEET,0.0
33416,NKMCAHEN,0.0
33417,NVPME,0.0
33418,RMRMWSTAR,0.0
33419,ADVRHPQCH,0.0
33420,EQNSIGDYHD,0.0
33421,DLTHQIKN,0.0
33422,GDFNNSED,0.0
33423,ACLEFTKR,0.0
33424,IYIHCNQVE,0.0
33425,NMSTGS,0.0
33426,NQIIR,0.0
33427,HLNWQWDQE,0.0
33428,LADPNGRCIP,0.0
33429,CTLQDLP,0.0
33430,WNDKDIFRTA,0.0
33431,EGQLI,0.0
33432,KERNSIYTI,0.0
33433,DREASIDAD,0.0
33434,GWSSDQNVEL,0.0
33435,QAESI,0.0
33436,EKNMCN,0.0
33437,TRRMSDSM,0.0
33438,SSVLKP,0.0
33439,QKGGEQMR,0.0
33440,ACCMK,0.0
33441,QIKGLTWRI,0.0
33442,NMNQMLF,0.0
33443,GLKYSIAFV,0.0
33444,GQPAGTI,0.0
33445,KGLAKDIMS,0.0
33446,KHVVKV,0.0
33447,TFGLCTSE,0.0
33448,KRSCWNYVK,0.0
33449,GAIQQHQWN,0.0
33450,GKEDRYK,0.0
33451,IKTKRK,0.0
33452,EMIMVYKHQ,0.0
33453,MNPKEMSL,0.0
33454,EIEKTE,0.0
33455,AGHGKD,0.0
33456,SDGQVVNEVQ,0.0
33457,HDQSFMG,0.0
33458,LCNASCA,0.0
33459,AYKRTREVF,0.0
33460,EQSDENI,0.0
33461,SNKPQ,0.0
33462,KDGFGCS,0.0
33463,DCDYPS,0.0
33464,DNTVEL,0.0
33465,SEMFHSEQYN,0.0
33466,CEDHLQ,0.0
33467,LVNQRQ,0.0
33468,KIDRHNNS,0.0
33469,DQQMF,0.0
33470,NQRYCKGML,0.0
33471,QTNSVT,0.0
33472,MDTCM,0.0
33473,GTDARNRDW,0.0
33474,RCQST,0.0
33475,NDSYDNE,0.0
33476,FMQPKDPS,0.0
33477,MQDLQHFRQ,0.0
33478,SKWRHKK,0.0
33479,DKRPKWTVPP,0.0
33480,LEDMV,0.0
33481,DMTLA,0.0
33482,HCMMNDQ,0.0
33483,NKIMR,0.0
33484,CAPDEDCHRV,0.0
33485,NKEEMCD,0.0
33486,CLIDNRNL,0.0
33487,TEMSKR,0.0
33488,HWPNMQAGA,0.0
33489,RAKRQ,0.0
33490,PMADS,0.0
33491,EDKWQTHC,0.0
33492,QSICPNQADK,0.0
33493,SKGGAETSPY,0.0
33494,ARGLNVVNV,0.0
33495,GQKKHLGSKQ,0.0
33496,RWIFSKHQA,0.0
33497,VNNDN,0.0
33498,DDQCRYK,0.0
33499,ATGEKNM,0.0
33500,EWGPEH,0.0
33501,RSTKHPHK,0.0
33502,VMAQNEDVLA,0.0
33503,PNVGNVASQ,0.0
33504,HNEHVQ,0.0
33505,GCRQLA,0.0
33506,VDIVNDR,0.0
33507,GRGNSDAKDF,0.0
33508,AVARIL,0.0
33509,REDCVDIYFD,0.0
33510,HATCPQSQE,0.0
33511,SNVICFEPN,0.0
33512,IDSYRKANY,0.0
33513,IKICEAM,0.0
33514,NTMLI,0.0
33515,EMGRDPE,0.0
33516,DDPMPSE,0.0
33517,PCKLMKQH,0.0
33518,TQMDR,0.0
33519,PRVVRVIND,0.0
33520,CIWDPTRDC,0.0
33521,EWCKQHLN,0.0
33522,QAEVNEGKEK,0.0
33523,GDGGRT,0.0
33524,ADPHEQ,0.0
33525,MDAIHMLH,0.0
33526,WQTQKTWDEE,0.0
33527,DHQRWLKRQ,0.0
33528,DIYPKEVSE,0.0
33529,QWEQCNK,0.0
33530,NGNTCWG,0.0
33531,GESRGTHM,0.0
33532,EEVVSQHQ,0.0
33533,KVADV,0.0
33534,VGDQS,0.0
33535,DNNKH,0.0
33536,QGLHQELTQE,0.0
33537,IHGVRR,0.0
33538,DPGSS,0.0
33539,EWYTEVYNVN,0.0
33540,GKTKF,0.0
33541,DEILQTFC,0.0
33542,NEHHCSQQ,0.0
33543,KPHQRNNY,0.0
33544,GWDSN,0.0
33545,QAIHIDCL,0.0
33546,RKGVSTPSG,0.0
33547,HFVNMEEQEN,0.0
33548,PLKGENIQP,0.0
33549,MNNPEQPI,0.0
33550,LDYWQNIGQE,0.0
33551,HQMKSCPR,0.0
33552,SFEGAAQPRE,0.0
33553,QNTDIQL,0.0
33554,PKKEEADKWG,0.0
33555,PRCKPKIMDA,0.0
33556,DMSNALILE,0.0
33557,NAWSKNPS,0.0
33558,YEDQN,0.0
33559,LSQKEEDI,0.0
33560,FEASTIDR,0.0
33561,WDTGQKG,0.0
33562,YNHEPG,0.0
33563,DPPPL,0.0
33564,DLNPTQGD,0.0
33565,APCEGD,0.0
33566,IACMILKIS,0.0
33567,SMAVTCQGD,0.0
33568,AQREWIEPY,0.0
33569,RTHRRMSI,0.0
33570,NMRVND,0.0
33571,EGPFRR,0.0
33572,WSNEESHVMI,0.0
33573,NKVKSIS,0.0
33574,HYTNYSDS,0.0
33575,WGDHKICNS,0.0
33576,ETGTVLK,0.0
33577,NIDLCSN,0.0
33578,IHRREMP,0.0
33579,FQRNMD,0.0
33580,RGISEPNN,0.0
33581,VENQDVSDET,0.0
33582,IQNANIMN,0.0
33583,KMLGQT,0.0
33584,WSSKFMTEG,0.0
33585,RVVCEEPL,0.0
33586,DQRWRG,0.0
33587,SCVGACQ,0.0
33588,NKRLEG,0.0
33589,GLPECVHWN,0.0
33590,VCKKSI,0.0
33591,MFQDLEDKKL,0.0
33592,QIFISPCKP,0.0
33593,ESGWESK,0.0
33594,HMGFGMQQK,0.0
33595,NRYRQI,0.0
33596,HISFENPNW,0.0
33597,KKNFSAS,0.0
33598,KWEDQQDQG,0.0
33599,RMDDPMCCCN,0.0
33600,EKDVWEQCMK,0.0
33601,IETGKFGTQC,0.0
33602,GRLHPKLA,0.0
33603,ANQKLGTCAL,0.0
33604,NTAHLTQH,0.0
33605,TGGIHQER,0.0
33606,ISDQGTEW,0.0
33607,HMMSRQN,0.0
33608,TRRPKLH,0.0
33609,NLLNTVN,0.0
33610,MDEVWKQ,0.0
33611,EGGLK,0.0
33612,PKNIQQRQTG,0.0
33613,IAQNV,0.0
33614,AADPRL,0.0
33615,NCIPCEER,0.0
33616,FLPTNCDT,0.0
33617,NALGVGPMN,0.0
33618,GAGLEYLSF,0.0
33619,PLGVPLMES,0.0
33620,MRDKE,0.0
33621,VSWGAGDK,0.0
33622,DFWKNRTTM,0.0
33623,DEESQ,0.0
33624,RWLERK,0.0
33625,GDSNNTSRYL,0.0
33626,ADDCVE,0.0
33627,GNKRLRKW,0.0
33628,EEFGFWTCW,0.0
33629,ETFAKKQVK,0.0
33630,CNNAFKRR,0.0
33631,GEPQR,0.0
33632,SMDRAHNV,0.0
33633,EPEMHKDHV,0.0
33634,RQKNIV,0.0
33635,HIEDVQN,0.0
33636,MVGRWKNGST,0.0
33637,AKECQWGDM,0.0
33638,CSDMGSAMVR,0.0
33639,CIRMQM,0.0
33640,CHDQV,0.0
33641,VEGCSD,0.0
33642,MEIMA,0.0
33643,EKEPVMIM,0.0
33644,VAKMDDMDDC,0.0
33645,LERFFSGCE,0.0
33646,KQSAKQRGFL,0.0
33647,RACTSVDK,0.0
33648,HFVEVEGKAE,0.0
33649,HKVGGPEI,0.0
33650,DQMWAEWV,0.0
33651,CIVEPE,0.0
33652,RDLQIQ,0.0
33653,ESAGHS,0.0
33654,TNPCNDGQ,0.0
33655,ACPNM,0.0
33656,CETDECEY,0.0
33657,VHALAQCQ,0.0
33658,QMCDQIEYI,0.0
33659,SFEMKRRL,0.0
33660,IDNDCQAQE,0.0
33661,EYYNRAPPE,0.0
33662,GFENKKWGH,0.0
33663,LDRRGMWTCN,0.0
33664,EEAEAESLH,0.0
33665,AGMLIPN,0.0
33666,LRMVKM,0.0
33667,NAFDSGCNQ,0.0
33668,LVSEC,0.0
33669,PHEKTRSC,0.0
33670,PSVRG,0.0
33671,CKRKM,0.0
33672,TPKPSGK,0.0
33673,RRGHQ,0.0
33674,GVGQD,0.0
33675,TVMGR,0.0
33676,DKQTEL,0.0
33677,GRKMLKDFP,0.0
33678,EEKIM,0.0
33679,DTQKWIQR,0.0
33680,HIDEKGTWAR,0.0
33681,MGHGKMQPLK,0.0
33682,GTNYHRARRM,0.0
33683,NQRGPHRH,0.0
33684,KQCSNRAALP,0.0
33685,QTVAQQGVFG,0.0
33686,DGCDA,0.0
33687,WTVDYSECM,0.0
33688,NPAGSEPRCN,0.0
33689,SWDRAMK,0.0
33690,DDGNTVFF,0.0
33691,KQMSREC,0.0
33692,KVMGRG,0.0
33693,NIRLKFGTA,0.0
33694,QHSQDATHK,0.0
33695,MKGGLGPD,0.0
33696,KSQGNNGNPA,0.0
33697,EKCEIIH,0.0
33698,LASEMEM,0.0
33699,EETYT,0.0
33700,TPNIKSGFQR,0.0
33701,PECVGTRR,0.0
33702,RMADRMAEG,0.0
33703,HKNPEGMR,0.0
33704,GIEVGMCE,0.0
33705,VRLCRTP,0.0
33706,QTQVRDMNS,0.0
33707,RTMCEMAQN,0.0
33708,YDPDGAYKV,0.0
33709,WEDQAMK,0.0
33710,GGNKVTLM,0.0
33711,NGHGR,0.0
33712,STHDHTS,0.0
33713,QAIRHS,0.0
33714,DDGVEIMKCN,0.0
33715,FERKKSLVDD,0.0
33716,RLVLQACI,0.0
33717,SQWADKERS,0.0
33718,MMNENTTW,0.0
33719,IEEFLSALYP,0.0
33720,NDCSAS,0.0
33721,TRAQEGMF,0.0
33722,DPGLETPAPY,0.0
33723,DTNQH,0.0
33724,DKRKNQKSRG,0.0
33725,EDRDMEK,0.0
33726,QSKKNML,0.0
33727,AMQHVVQD,0.0
33728,EHMEQGVC,0.0
33729,KHDHQNQ,0.0
33730,NVPGFGGVN,0.0
33731,VLGMEKNF,0.0
33732,SAKRC,0.0
33733,CIDSNK,0.0
33734,KGLDGDCRD,0.0
33735,PEAGHN,0.0
33736,EMTNLHACLE,0.0
33737,QLNSMSDKA,0.0
33738,SKLETDDPWD,0.0
33739,CNKLA,0.0
33740,HDCNEAPP,0.0
33741,STQIVAV,0.0
33742,IDGIF,0.0
33743,VLELQ,0.0
33744,MKLGVE,0.0
33745,FIGKKC,0.0
33746,DAVLM,0.0
33747,YSCTHNEP,0.0
33748,NNGGTN,0.0
33749,REQTIANQD,0.0
33750,SHQHSSAV,0.0
33751,EPDTVPQQV,0.0
33752,GVNVFRGHEE,0.0
33753,NMEQDH,0.0
33754,DVGQGGD,0.0
33755,NADSSH,0.0
33756,TEKHTQGQQY,0.0
33757,KSSRFIVC,0.0
33758,MECSMD,0.0
33759,GKTSHMTI,0.0
33760,DNTEIWLM,0.0
33761,SRGCI,0.0
33762,AYCNPQGSTC,0.0
33763,YACDLRFNDS,0.0
33764,WQECPGKKNC,0.0
33765,NSYGTWRRI,0.0
33766,LVDDL,0.0
33767,ALWYLPVVD,0.0
33768,DYARGTQNSQ,0.0
33769,PHRVGKK,0.0
33770,QNRCY,0.0
33771,NEPQPK,0.0
33772,TRKCPCRP,0.0
33773,SMRKGWDNAC,0.0
33774,QLWKSKCD,0.0
33775,LQKMNHMDI,0.0
33776,WTPRADRGE,0.0
33777,VQMTA,0.0
33778,GTQMGL,0.0
33779,GERCARHKL,0.0
33780,GNEKGHIGGK,0.0
33781,NIKILSRS,0.0
33782,RKTIEI,0.0
33783,TDKELH,0.0
33784,YPCEG,0.0
33785,VKPVA,0.0
33786,YREQR,0.0
33787,APWTYWDEG,0.0
33788,IHMSQKNCLK,0.0
33789,TRKKLGFQ,0.0
33790,KQDGPHS,0.0
33791,ITMNPTNVPK,0.0
33792,ADLTDN,0.0
33793,WYECSWNNE,0.0
33794,MMQKGM,0.0
33795,NEKNVGAMKM,0.0
33796,LPIDESKQK,0.0
33797,VNEDFPIIR,0.0
33798,NEFCTINAD,0.0
33799,VPVPDMISTM,0.0
33800,QGKCG,0.0
33801,PIKQRTF,0.0
33802,CEWNAAN,0.0
33803,QFDFCGQK,0.0
33804,MFQNTSASK,0.0
33805,NLDNQILT,0.0
33806,MPTQFDPA,0.0
33807,QKARKGIHI,0.0
33808,ARGKEIQW,0.0
33809,RRPQIF,0.0
33810,VADVCEAMT,0.0
33811,ETKCQED,0.0
33812,KKTAQSC,0.0
33813,VGNDGHVG,0.0
33814,TDCTGIK,0.0
33815,RGQVHCWTNN,0.0
33816,EEFAMDV,0.0
33817,GLMCD,0.0
33818,GNRGRR,0.0
33819,PERPP,0.0
33820,KVHCNQR,0.0
33821,EMIHRMD,0.0
33822,AYQGGM,0.0
33823,DSGFQFVEML,0.0
33824,QELSHQWVGI,0.0
33825,WAHIDMPG,0.0
33826,TSMCMSLS,0.0
33827,NEKCC,0.0
33828,QRAYIPR,0.0
33829,DVNALGRLRD,0.0
33830,PKKGCGKY,0.0
33831,TKKQEIMAPN,0.0
33832,KRWGIA,0.0
33833,NNQNRMTPP,0.0
33834,DCPVENVKKQ,0.0
33835,DEDLYQ,0.0
33836,NTQYRDWSG,0.0
33837,ALQIIPM,0.0
33838,DEIWPFTL,0.0
33839,ADSNP,0.0
33840,YRPRQ,0.0
33841,TPNRHSRV,0.0
33842,FDMSQNGRF,0.0
33843,KGARNCQKS,0.0
33844,GHKLGDV,0.0
33845,EDVKKGVI,0.0
33846,GQSEM,0.0
33847,WAAPCTSDS,0.0
33848,QYNGGD,0.0
33849,SQGSNKPY,0.0
33850,GSPGGKHQ,0.0
33851,VIAAPIGRE,0.0
33852,MTRRQSG,0.0
33853,VQTCASG,0.0
33854,YEEKL,0.0
33855,NKKRNCFVQL,0.0
33856,QCICDNFTHE,0.0
33857,PRCKTFVQVG,0.0
33858,KMLDKL,0.0
33859,ESNDFNKEK,0.0
33860,VNSKKEIPD,0.0
33861,IWESKRNNL,0.0
33862,EFPCKEYVE,0.0
33863,RGPCRG,0.0
33864,HNRPKVQ,0.0
33865,GLLGKCP,0.0
33866,KRSIQTSM,0.0
33867,EQPEAW,0.0
33868,ESNID,0.0
33869,KNMNVR,0.0
33870,TIDARERWR,0.0
33871,LVCFDHNNT,0.0
33872,AETSTFQCIT,0.0
33873,FQKESM,0.0
33874,ITFVKNN,0.0
33875,NSTKMRMS,0.0
33876,VTAFEVIG,0.0
33877,ESELEVHPWE,0.0
33878,NQIMMS,0.0
33879,MFWDSDVC,0.0
33880,HPATQ,0.0
33881,DMRRCIG,0.0
33882,ESQDWGSIWQ,0.0
33883,TAGKSS,0.0
33884,NCMMGKE,0.0
33885,PVDNGRDSN,0.0
33886,LKVHTTPQA,0.0
33887,DAAFG,0.0
33888,GQAQKV,0.0
33889,LQCLDN,0.0
33890,MWKQRGQNML,0.0
33891,GQTLSGRVNY,0.0
33892,KNWRAQNR,0.0
33893,GITTE,0.0
33894,DCWMIMIQ,0.0
33895,GKTGR,0.0
33896,ASDKE,0.0
33897,EGIWMQTAL,0.0
33898,TNFMQREN,0.0
33899,KPQNVQIT,0.0
33900,KVGKDM,0.0
33901,HGHALYQTQ,0.0
33902,KVCQYGCGLE,0.0
33903,ASEDV,0.0
33904,HHRMAICN,0.0
33905,TTQPNKQLMN,0.0
33906,TESQKQT,0.0
33907,NPWRLGRA,0.0
33908,EYKTHQAH,0.0
33909,TEPKMQ,0.0
33910,MQDDW,0.0
33911,NDQVI,0.0
33912,SHSWVDE,0.0
33913,YGMGEDAGIS,0.0
33914,LNHSNGQMNG,0.0
33915,YGKGGEDMC,0.0
33916,AFWDKDSTW,0.0
33917,IHNLRNAG,0.0
33918,DPRGCEP,0.0
33919,LVNIIRI,0.0
33920,DTDVKWVPIA,0.0
33921,VEPQNGKME,0.0
33922,EHNRG,0.0
33923,KHWKTTRQRD,0.0
33924,NCTKNMR,0.0
33925,LCVDYEQMCN,0.0
33926,DYRAR,0.0
33927,MTLPHEKN,0.0
33928,GAGDMRMML,0.0
33929,WNGKRLD,0.0
33930,NFFCMKR,0.0
33931,PQRAENRP,0.0
33932,PDNLSGSP,0.0
33933,WTAQTSLG,0.0
33934,CEAHA,0.0
33935,NNSAWIK,0.0
33936,VKNCWYSEQ,0.0
33937,NVISKEM,0.0
33938,EDQHIWCQD,0.0
33939,QNQIQQDNRL,0.0
33940,IVVMISRNAR,0.0
33941,LHMQDNGGIG,0.0
33942,NPCRRFPK,0.0
33943,CTEAGI,0.0
33944,LACVRILASA,0.0
33945,LKGMK,0.0
33946,MIDDAVQ,0.0
33947,DEGMGYVLL,0.0
33948,IGHPNSND,0.0
33949,AENYWDWGEE,0.0
33950,FSETVARS,0.0
33951,NMRNSIRHQA,0.0
33952,NKQGIM,0.0
33953,DCAEGLH,0.0
33954,YFEEDT,0.0
33955,HNYEDQPK,0.0
33956,DEDERDNER,0.0
33957,NEQWMQE,0.0
33958,VKNEIQN,0.0
33959,HEDVMAKDP,0.0
33960,EKHQRKSR,0.0
33961,AIILVSAMD,0.0
33962,RKPVAQQ,0.0
33963,AAWCDHSNDI,0.0
33964,GVEHNIDYSY,0.0
33965,FETIITLNP,0.0
33966,YRPELWTSE,0.0
33967,DDVSVTLF,0.0
33968,GKIEIP,0.0
33969,NRCWKWCMA,0.0
33970,MNTMQVAY,0.0
33971,HVQENWE,0.0
33972,QKFTRG,0.0
33973,ENTVKNT,0.0
33974,MSTRDAIMD,0.0
33975,PIGDT,0.0
33976,HMREQ,0.0
33977,ADLHGD,0.0
33978,CYAQFQIQ,0.0
33979,MSDRPSKYGT,0.0
33980,DLGNC,0.0
33981,HRDQIGP,0.0
33982,DIGGMQ,0.0
33983,EQVQTGH,0.0
33984,SQSCA,0.0
33985,QYEVT,0.0
33986,MRKSAVTP,0.0
33987,LKACQVGNEE,0.0
33988,DERDYFIFI,0.0
33989,YNEQNR,0.0
33990,DPETYFPD,0.0
33991,LLWAKGRWR,0.0
33992,KIANDITW,0.0
33993,SVEDV,0.0
33994,SVPSELNL,0.0
33995,EQCRNVIA,0.0
33996,HPCESDKYE,0.0
33997,NCPKC,0.0
33998,DWFCSTTQE,0.0
33999,IPDDSNDP,0.0
34000,CHHAADHQA,0.0
34001,AESPSIIE,0.0
34002,RGEPDCD,0.0
34003,EIDGMW,0.0
34004,AEVNTCDAML,0.0
34005,RTIGAHYSQ,0.0
34006,EGRHQCWNMD,0.0
34007,SQAQY,0.0
34008,LVMAA,0.0
34009,RKCMDN,0.0
34010,ETNQDSMHCK,0.0
34011,CREESKM,0.0
34012,KGCIDA,0.0
34013,GGQAQHDH,0.0
34014,NIQVV,0.0
34015,NNLRWA,0.0
34016,RKGIKQK,0.0
34017,MHTTDTD,0.0
34018,EGDDKLF,0.0
34019,VADIVG,0.0
34020,MTVQRKL,0.0
34021,GHRNQARF,0.0
34022,RGMNG,0.0
34023,EQLQF,0.0
34024,NSLDCDADY,0.0
34025,VYNISDNAIL,0.0
34026,REWCRETALD,0.0
34027,CGGVCCEH,0.0
34028,CTTATP,0.0
34029,EEDQFY,0.0
34030,MGSEVPL,0.0
34031,NVQCWQLTP,0.0
34032,NFQQD,0.0
34033,PGDHMNN,0.0
34034,NNKVLPVCI,0.0
34035,TGQGHVLEN,0.0
34036,FAVNQRTLI,0.0
34037,QFKERA,0.0
34038,RHKMCGT,0.0
34039,LREMAMSLR,0.0
34040,RTISK,0.0
34041,WCDMDVLEP,0.0
34042,SNIAFLHRIK,0.0
34043,HMENDED,0.0
34044,EIASDKGMCI,0.0
34045,ECVVKGKE,0.0
34046,IKLVAIVVP,0.0
34047,VFNDDMCR,0.0
34048,YEEYMYEK,0.0
34049,QKLEC,0.0
34050,SYAKR,0.0
34051,TTPVQENMEY,0.0
34052,SLGGLD,0.0
34053,ILTNNEF,0.0
34054,LHRSQNS,0.0
34055,GEPKCIH,0.0
34056,EVQFTVM,0.0
34057,VQYDVWEP,0.0
34058,MDDPRADTR,0.0
34059,THNMVHRQN,0.0
34060,YEMSDLHI,0.0
34061,LLQHMSQYD,0.0
34062,NNLGRP,0.0
34063,EFDFM,0.0
34064,PEQPDSYMG,0.0
34065,RNMVMEFAA,0.0
34066,ACWAKMCISR,0.0
34067,ESGKMSTW,0.0
34068,YAECGVTNR,0.0
34069,DEMCDEPISK,0.0
34070,SMMDD,0.0
34071,TYHEDE,0.0
34072,IQVTKL,0.0
34073,DYDHS,0.0
34074,EYIHCRNGH,0.0
34075,KTLCFKK,0.0
34076,AGRCTDFKDA,0.0
34077,EQKPN,0.0
34078,WMIQQLTAG,0.0
34079,VLDQNDFHG,0.0
34080,PVCDPFSE,0.0
34081,WECYCITAQ,0.0
34082,DEELHMMHP,0.0
34083,GGDEIMTES,0.0
34084,PWVERNK,0.0
34085,EGYYSHRDN,0.0
34086,AALCL,0.0
34087,DMENRRFG,0.0
34088,PEVSLQTSQP,0.0
34089,PKMKIAATR,0.0
34090,FMDGYNICI,0.0
34091,YRAKEYVDA,0.0
34092,RNTFFMNR,0.0
34093,EPQHEGMVGM,0.0
34094,QGLKQH,0.0
34095,ELINLQV,0.0
34096,TKIRPK,0.0
34097,DEMCACRQHL,0.0
34098,NHQRARCM,0.0
34099,GSQCKWQN,0.0
34100,MNMVQKKW,0.0
34101,IPMHSTTVE,0.0
34102,CVPNEVTFP,0.0
34103,FCCTGSQKKD,0.0
34104,EYDQRG,0.0
34105,NKIFMN,0.0
34106,KINCGGSKFR,0.0
34107,NRMIRYA,0.0
34108,KFFTLQHQR,0.0
34109,PRNVI,0.0
34110,QINNCKLR,0.0
34111,EHWTLQRE,0.0
34112,DKDDFDM,0.0
34113,TRWTPYGAK,0.0
34114,MDDEW,0.0
34115,RWWESIRLQ,0.0
34116,DESYDM,0.0
34117,MWQNRKDMDC,0.0
34118,ECVMLDSFDY,0.0
34119,SATKRQNLCR,0.0
34120,KTHQVDR,0.0
34121,FYQQGQCPV,0.0
34122,EEDVQKLF,0.0
34123,CIVRKNS,0.0
34124,MYNREKT,0.0
34125,WNTKRSEP,0.0
34126,ATSRAL,0.0
34127,IPEAKT,0.0
34128,GHSHTE,0.0
34129,DGHANK,0.0
34130,SNVAHGQN,0.0
34131,DFGTQRENI,0.0
34132,GCKQYENKTN,0.0
34133,IITPAIR,0.0
34134,KNLDDWDR,0.0
34135,GVCNSSEVAL,0.0
34136,RLKVK,0.0
34137,CVNWMGR,0.0
34138,QSLTLD,0.0
34139,TRVNYK,0.0
34140,LDAANT,0.0
34141,NLADMQILF,0.0
34142,YCKQK,0.0
34143,KDECR,0.0
34144,PKGKQHLVRH,0.0
34145,CAMWTKSK,0.0
34146,CNRTS,0.0
34147,GGFELTAAPV,0.0
34148,NAHFQNQLA,0.0
34149,CRKNYVKVST,0.0
34150,SVYEDA,0.0
34151,MQDKER,0.0
34152,KRMVMGDN,0.0
34153,MCMEDD,0.0
34154,SSQDKYIK,0.0
34155,KKGIT,0.0
34156,EIARQI,0.0
34157,TRGFDGPQ,0.0
34158,HPDVSRDE,0.0
34159,APKFQTG,0.0
34160,LEDLDCDPHH,0.0
34161,MLVETP,0.0
34162,EAMDLCPVC,0.0
34163,GGQIKV,0.0
34164,YKQKF,0.0
34165,EMGRRWK,0.0
34166,DNHYA,0.0
34167,FEVTADV,0.0
34168,GEVIIDGCID,0.0
34169,GHSLVMMRGN,0.0
34170,DGYEE,0.0
34171,AQNIMQTV,0.0
34172,EAPQLQCM,0.0
34173,NSGRY,0.0
34174,ADLSS,0.0
34175,QEPQIK,0.0
34176,GSLFADTQCL,0.0
34177,NDEETQ,0.0
34178,GQKDDR,0.0
34179,MDRSVGV,0.0
34180,DVIIFQLS,0.0
34181,DAYDA,0.0
34182,DIDTTYEVSM,0.0
34183,GCLGKSSE,0.0
34184,MMEAWQ,0.0
34185,DCISIYE,0.0
34186,HKQRDQ,0.0
34187,DSDDHRS,0.0
34188,DVGMTIRQVS,0.0
34189,YFHTWFLQE,0.0
34190,ALGHGPTE,0.0
34191,QYNNVNE,0.0
34192,LHFYTEKR,0.0
34193,QINHWTGK,0.0
34194,HRQMTQN,0.0
34195,LNKIP,0.0
34196,PIFDKDDIGD,0.0
34197,WMWEEEPM,0.0
34198,VPEMLS,0.0
34199,GDLIFLRN,0.0
34200,QRTISSK,0.0
34201,DEIIF,0.0
34202,QRQEIHFMD,0.0
34203,MHCSQK,0.0
34204,QQFNHVCE,0.0
34205,NRNQPK,0.0
34206,SQAGLPVCSR,0.0
34207,GYDRTKPKF,0.0
34208,LGMSFMSQ,0.0
34209,DHMDSLDLEP,0.0
34210,VNIPTVD,0.0
34211,KRAEGLCKR,0.0
34212,SNQGRPDA,0.0
34213,QPRMSCMLMA,0.0
34214,GHCQQQYF,0.0
34215,CSSPCIPKVD,0.0
34216,SETRCCPDY,0.0
34217,EDAFLIQRAL,0.0
34218,TSMGSNMI,0.0
34219,CPACCVEVI,0.0
34220,RLTGQ,0.0
34221,LDNGGYMIV,0.0
34222,FCGHKKN,0.0
34223,ATGNADTME,0.0
34224,GVGHHSKE,0.0
34225,DSEDMHQNA,0.0
34226,QALIQDPV,0.0
34227,QMATV,0.0
34228,QTIKMLQ,0.0
34229,GKISIKPEG,0.0
34230,RDFKMKWEL,0.0
34231,HDQWMRET,0.0
34232,DPVEPK,0.0
34233,IPMCNTGCQ,0.0
34234,DCIVR,0.0
34235,WDWDNV,0.0
34236,TEMNTCMPE,0.0
34237,GKWRARV,0.0
34238,HMQMNEH,0.0
34239,GNIIM,0.0
34240,ALGILVPNDT,0.0
34241,IGQPVP,0.0
34242,DFNHQRHES,0.0
34243,WAGGLTYNE,0.0
34244,RQRETVIRI,0.0
34245,PRSDGNENN,0.0
34246,CGANSK,0.0
34247,GDTSSNAD,0.0
34248,RGKGLPAKNN,0.0
34249,WMNNDGV,0.0
34250,EINQM,0.0
34251,KLLSNSLC,0.0
34252,KMPNSK,0.0
34253,FLCMED,0.0
34254,ELEGTGW,0.0
34255,TMCGR,0.0
34256,TENTWDTRQY,0.0
34257,FEAHN,0.0
34258,ATKPTQIHPS,0.0
34259,QHPDGKIPP,0.0
34260,LNIQRV,0.0
34261,PCVKMKLC,0.0
34262,AHLRR,0.0
34263,KSWMGVTRNA,0.0
34264,DSCIERPH,0.0
34265,HWELRNQQ,0.0
34266,KRVKLC,0.0
34267,SLIVRDMPD,0.0
34268,MFNGPGGKT,0.0
34269,STPGVPLTGG,0.0
34270,MEMWSEIICQ,0.0
34271,NEPHN,0.0
34272,VTSLAEHGC,0.0
34273,AWRICAT,0.0
34274,DFGARKKWIR,0.0
34275,EHARIRE,0.0
34276,DWPCDHQSII,0.0
34277,PAVRQML,0.0
34278,RFVNQQ,0.0
34279,WQQCQDKH,0.0
34280,QFSDRPVCG,0.0
34281,CAVDAFTDPA,0.0
34282,EKRRQRPAP,0.0
34283,QNWIEKQVD,0.0
34284,NVTLNADLYE,0.0
34285,SRSVDYQSMD,0.0
34286,DDYHCS,0.0
34287,VIQRRRTD,0.0
34288,HLDHDSGMFV,0.0
34289,DRRYDEPP,0.0
34290,ILNLR,0.0
34291,QDLEHPPCY,0.0
34292,YARGITER,0.0
34293,YNDAN,0.0
34294,LHRHEHFAG,0.0
34295,NNMKYRPDGN,0.0
34296,DNFDFSHQ,0.0
34297,ERASMGSYR,0.0
34298,QAHTVLP,0.0
34299,HDYEVMERN,0.0
34300,ESFKCLDE,0.0
34301,SSKVTLPE,0.0
34302,DKPGVSAM,0.0
34303,PRNND,0.0
34304,PCSMDVHREN,0.0
34305,VNEGCPGTAR,0.0
34306,MICSMIGD,0.0
34307,KEQKRDKFSS,0.0
34308,DDNPADTNQH,0.0
34309,MVTPEGAMF,0.0
34310,EEEWSDQCFT,0.0
34311,DIYALN,0.0
34312,CVQQC,0.0
34313,PRGTEDV,0.0
34314,NAYMKK,0.0
34315,GFILKVRK,0.0
34316,QLSEYCS,0.0
34317,TVNDEECPRY,0.0
34318,QDCNYNGWG,0.0
34319,MERTNI,0.0
34320,NDGYIKI,0.0
34321,GMNIPMI,0.0
34322,WQQGLEP,0.0
34323,EMNEVPL,0.0
34324,IDLIFIGHQ,0.0
34325,TPNKP,0.0
34326,EMGVMYKDA,0.0
34327,SGQWPKNIT,0.0
34328,QGAEREDEPA,0.0
34329,FECAA,0.0
34330,SADLATEAH,0.0
34331,EVPYIDAYDA,0.0
34332,GENCVTSCT,0.0
34333,MVDRTTM,0.0
34334,YDTAALPVK,0.0
34335,PLCMNPDP,0.0
34336,GECELAIN,0.0
34337,KNDVLLTDT,0.0
34338,QYEWEYLYID,0.0
34339,DMWGKGIQ,0.0
34340,LLNKAM,0.0
34341,DDGNRSPS,0.0
34342,FYEVET,0.0
34343,DCQIDIMVN,0.0
34344,QFDVGNY,0.0
34345,KDTIGS,0.0
34346,SKEQIN,0.0
34347,RERTCPPDA,0.0
34348,ACGPPLQL,0.0
34349,HKQGA,0.0
34350,LYKNKGPNQ,0.0
34351,DVSSTK,0.0
34352,LDMQLEGYD,0.0
34353,AEWKIPTDCN,0.0
34354,AVSSMMGE,0.0
34355,ESLFE,0.0
34356,QQQHF,0.0
34357,GSMPWGRVI,0.0
34358,QTEGGCGT,0.0
34359,NSCKHTREN,0.0
34360,FGNGNKM,0.0
34361,MVVRT,0.0
34362,FAGGNI,0.0
34363,CEFEDGDC,0.0
34364,YQCKQPRGNK,0.0
34365,NHAKDPHMQM,0.0
34366,QMNQS,0.0
34367,MLTFHAMAQ,0.0
34368,KNMTPKT,0.0
34369,VTWGHQSN,0.0
34370,RHLVRNREL,0.0
34371,KSSQNSGH,0.0
34372,LMDAAQQNC,0.0
34373,EMYYNHQEM,0.0
34374,MRMQDVDDEL,0.0
34375,ADDRNL,0.0
34376,MVTIGEGL,0.0
34377,IRQKAWTP,0.0
34378,IGWMFMEQ,0.0
34379,VKHKWTNVD,0.0
34380,DGVPM,0.0
34381,NSYQRSNLCL,0.0
34382,CEVSSNDNGI,0.0
34383,QNSFHHMSK,0.0
34384,VPQECRP,0.0
34385,RLATTARIT,0.0
34386,GSEEGM,0.0
34387,GSRAQICE,0.0
34388,DPNIA,0.0
34389,CRDVE,0.0
34390,AIDHHADQFD,0.0
34391,YQKRG,0.0
34392,QDTHKIPQ,0.0
34393,EWGVA,0.0
34394,RESVRVPTFG,0.0
34395,TDDYVQ,0.0
34396,KGNQDQEDS,0.0
34397,DDHAICDH,0.0
34398,TSRGMM,0.0
34399,PEGIG,0.0
34400,VDFNHN,0.0
34401,KNVFLRPQL,0.0
34402,RMTIGQL,0.0
34403,AGVEMHCCRC,0.0
34404,GGDCTNG,0.0
34405,QMINQYN,0.0
34406,SGQSYSPAH,0.0
34407,KRRAAR,0.0
34408,RTEWIQE,0.0
34409,GSTPTEI,0.0
34410,LSDHM,0.0
34411,TDNEKT,0.0
34412,ALMGPHQVVV,0.0
34413,CEMGQER,0.0
34414,EYDVLMWAL,0.0
34415,REIFWNRNGR,0.0
34416,DWTELFRGQ,0.0
34417,IPRGNSHSRL,0.0
34418,ISWEEYKVA,0.0
34419,GYVGQDSNW,0.0
34420,SCSDSK,0.0
34421,EDTERFVI,0.0
34422,APENPM,0.0
34423,ANGCKVST,0.0
34424,SAENA,0.0
34425,STGCKPN,0.0
34426,GAQKRWN,0.0
34427,KAATP,0.0
34428,IGRAQLR,0.0
34429,NGCIAYQ,0.0
34430,REKFPIQI,0.0
34431,MAMIQ,0.0
34432,QLIAPISANS,0.0
34433,DDWEP,0.0
34434,NMTQQQSM,0.0
34435,PTKTQK,0.0
34436,HSKMQLT,0.0
34437,KQGTPS,0.0
34438,EKDMIG,0.0
34439,DALKKVPRSL,0.0
34440,CADPCLAYDM,0.0
34441,NGVQEFLDY,0.0
34442,RLDQDELS,0.0
34443,HRMKG,0.0
34444,HELCEHQH,0.0
34445,RDYNEK,0.0
34446,RDTYGA,0.0
34447,KDDLMGA,0.0
34448,NATEYANEGH,0.0
34449,GEPGEL,0.0
34450,FFNEEDM,0.0
34451,ENTSG,0.0
34452,IMTDFRSQGK,0.0
34453,RVGSFWRYM,0.0
34454,TIHHSEN,0.0
34455,QEYKFGGHG,0.0
34456,NAEAWGEKY,0.0
34457,LWQMPPQD,0.0
34458,MLRKMGIQ,0.0
34459,AMMER,0.0
34460,WTKLKRAP,0.0
34461,VREGL,0.0
34462,ISTVVINT,0.0
34463,IDELETNTE,0.0
34464,NKPMFRLIG,0.0
34465,HALEH,0.0
34466,VLAGGQ,0.0
34467,NCAAFDSNE,0.0
34468,EISLCL,0.0
34469,VCNIPSQ,0.0
34470,KRNGEN,0.0
34471,NEQYGRKMY,0.0
34472,GRHESNL,0.0
34473,NRSPLNIET,0.0
34474,CTVDECM,0.0
34475,EVSGNWWDQ,0.0
34476,AAREAT,0.0
34477,HGRLLPGSK,0.0
34478,EGPDLRLYEP,0.0
34479,GRSEAHMEN,0.0
34480,GPSIPT,0.0
34481,WSWFEGQCG,0.0
34482,YASQK,0.0
34483,TQERMRNADI,0.0
34484,DEKMRVDLLR,0.0
34485,VEPINDHS,0.0
34486,PKLAGDTM,0.0
34487,RMNKQN,0.0
34488,QQPANMDELP,0.0
34489,EMYDE,0.0
34490,MMIGTRC,0.0
34491,FSFRRQGHG,0.0
34492,NRIRFWSGF,0.0
34493,GFRIR,0.0
34494,TACKRM,0.0
34495,PQTGGE,0.0
34496,DETRPPH,0.0
34497,KSRTPRR,0.0
34498,TCRVPCMA,0.0
34499,IANGA,0.0
34500,CALGI,0.0
34501,PCETRQCH,0.0
34502,HHPCWNLVR,0.0
34503,FGRSKTS,0.0
34504,CASYMHGD,0.0
34505,FKTIEEQ,0.0
34506,STPMAPRSG,0.0
34507,TMTNHKVRSR,0.0
34508,EGNCS,0.0
34509,QNYIPQS,0.0
34510,FHTQNDPK,0.0
34511,TCWQADRI,0.0
34512,EGCYLIDDAH,0.0
34513,LEQAKD,0.0
34514,CTNMNPQ,0.0
34515,RDRLNRST,0.0
34516,YTPDEI,0.0
34517,MSGMTRKPN,0.0
34518,NDNKDMK,0.0
34519,TWKQLRTSA,0.0
34520,PPCPCHEQL,0.0
34521,RHLPKLYSG,0.0
34522,GPGQQNSE,0.0
34523,KGTNWKHIY,0.0
34524,ACTYSPQTM,0.0
34525,GACRTASLN,0.0
34526,CDVRDDM,0.0
34527,KLSRRVTITN,0.0
34528,IHDPEMD,0.0
34529,RACNFQWMM,0.0
34530,DKDIVMDK,0.0
34531,QNSKNMNGI,0.0
34532,EWGTMICEQR,0.0
34533,RAKHNC,0.0
34534,QAGNAAWQFE,0.0
34535,DISIIQL,0.0
34536,GDACMHK,0.0
34537,DAIHEQHYP,0.0
34538,NMGDSAT,0.0
34539,DNRAVNR,0.0
34540,EEPVFLRAH,0.0
34541,SPQLKMIQT,0.0
34542,WGAEVSIC,0.0
34543,GPRTQV,0.0
34544,QMGMD,0.0
34545,TQCTKN,0.0
34546,VTWDQNPG,0.0
34547,DQETKH,0.0
34548,QMITKGASQH,0.0
34549,VRQSTHG,0.0
34550,RRTWQKIP,0.0
34551,TFGTIDR,0.0
34552,MIEHE,0.0
34553,NTLNQEQGKL,0.0
34554,TFGQRVKPST,0.0
34555,NICVRLFI,0.0
34556,QSKRRSMH,0.0
34557,DAKMQS,0.0
34558,HETAEY,0.0
34559,YKGWQRYNM,0.0
34560,RCRQVNTNYI,0.0
34561,WNAKSKMKHE,0.0
34562,MDLCRETAH,0.0
34563,QPPIDCL,0.0
34564,RAQHACAFRP,0.0
34565,EYQDHTYQ,0.0
34566,NEKIHMGEQ,0.0
34567,SKQMPAETI,0.0
34568,NGNENTET,0.0
34569,LPPDCNM,0.0
34570,LMVAMIQHN,0.0
34571,TESSEPNP,0.0
34572,SGCSHGT,0.0
34573,LSKTKE,0.0
34574,LTYGMK,0.0
34575,RRKQNGDMVY,0.0
34576,LFDRKMGRF,0.0
34577,TIAMN,0.0
34578,NMTDSDIS,0.0
34579,QTIHQQCW,0.0
34580,WCGLVDMNV,0.0
34581,VDMQYHAHH,0.0
34582,SEETDS,0.0
34583,QRGRE,0.0
34584,VGEQENC,0.0
34585,QLGSC,0.0
34586,TKSTDFKGK,0.0
34587,CDAEFQGMLV,0.0
34588,WDCHEFEQI,0.0
34589,NKFPPVVAD,0.0
34590,VTCSPLADT,0.0
34591,NHKYQENH,0.0
34592,VNTFNTQGD,0.0
34593,QDTRYRHQ,0.0
34594,NHIAA,0.0
34595,RSPIRKDF,0.0
34596,EEWNDQMR,0.0
34597,KFCFGMCRE,0.0
34598,PQQSLG,0.0
34599,TDCRFCEQ,0.0
34600,PEKYAYGDR,0.0
34601,DIFIACE,0.0
34602,VVNRR,0.0
34603,RVDHKEQLQF,0.0
34604,CMRKIGG,0.0
34605,AEPEFCGWS,0.0
34606,WFDETWKGD,0.0
34607,YMPIQRAPI,0.0
34608,GKQGNWNARS,0.0
34609,DDQLM,0.0
34610,PNSLR,0.0
34611,GPLRIM,0.0
34612,WEQEMRTH,0.0
34613,IAKAFENNSE,0.0
34614,QDSGWMVRP,0.0
34615,REGIDS,0.0
34616,YLSGQQ,0.0
34617,DQRITHRC,0.0
34618,MCDTE,0.0
34619,DEYCLCH,0.0
34620,VDSSRICC,0.0
34621,TPVSDA,0.0
34622,TTNMRQTDEF,0.0
34623,ETEAWMVFCS,0.0
34624,YPDEAEGQ,0.0
34625,CTSRNFPT,0.0
34626,QCCYDGVKRS,0.0
34627,MLPDWDQM,0.0
34628,QTTDC,0.0
34629,MIMKQVND,0.0
34630,CGKAET,0.0
34631,HWVDHE,0.0
34632,RENLI,0.0
34633,NWIEIKDS,0.0
34634,EQNPNLST,0.0
34635,KKLTP,0.0
34636,TIQQPEVH,0.0
34637,AGTTSD,0.0
34638,CDQCGKRKT,0.0
34639,HMHQAA,0.0
34640,DNEKQTND,0.0
34641,SALYPIEEFL,0.0
34642,MQVKLKFWR,0.0
34643,GSPQDVRFS,0.0
34644,AQSAT,0.0
34645,IGCRMAE,0.0
34646,KIVGNMECY,0.0
34647,TDNML,0.0
34648,NMCDDVKWM,0.0
34649,CHDICCTLGE,0.0
34650,MSNQDIK,0.0
34651,SFQVKAAQEQ,0.0
34652,LRQEMEMD,0.0
34653,VTKLVGPCI,0.0
34654,DPEWMD,0.0
34655,CYTSASQD,0.0
34656,YNWTRLDEA,0.0
34657,WDNERKRLH,0.0
34658,GDRISC,0.0
34659,GEWINQST,0.0
34660,PISSDTQY,0.0
34661,TRCTSYSIM,0.0
34662,IHADCC,0.0
34663,PQQQCK,0.0
34664,KASKA,0.0
34665,RQADE,0.0
34666,DRKVRN,0.0
34667,IARQNSG,0.0
34668,WYHIEEEYD,0.0
34669,IEVEMACP,0.0
34670,AWMSKQLFS,0.0
34671,SNARR,0.0
34672,RKSGHNLRW,0.0
34673,KQKSGHHR,0.0
34674,IKTDKEC,0.0
34675,VVVSRR,0.0
34676,QSIDYMIDQ,0.0
34677,GICNFPDM,0.0
34678,WAHSFLVSQ,0.0
34679,LGLSMILGS,0.0
34680,AQMNAWQTEC,0.0
34681,HDILELT,0.0
34682,ELGIRSPDG,0.0
34683,QEEYNWSGV,0.0
34684,KEDGICV,0.0
34685,NLRQCN,0.0
34686,MMRTPQTCE,0.0
34687,RSANV,0.0
34688,QINLCSPRQM,0.0
34689,TSQNFRNE,0.0
34690,DTMNTM,0.0
34691,DGLECHC,0.0
34692,PCGSGDL,0.0
34693,VMTRLVPPKN,0.0
34694,SADSVA,0.0
34695,CCVNRHHRTQ,0.0
34696,AIKKMIM,0.0
34697,EDQQCQYWD,0.0
34698,AFREHE,0.0
34699,MQNLSNN,0.0
34700,RERLWYAKN,0.0
34701,GDVGWKISEN,0.0
34702,CDIRMCASAQ,0.0
34703,IWTEDMV,0.0
34704,QLLRVES,0.0
34705,HDIMETM,0.0
34706,KGKGGMYLM,0.0
34707,VNPLC,0.0
34708,MCIDCNT,0.0
34709,RNVMSPITV,0.0
34710,SKQCENKE,0.0
34711,QCVFTCPEM,0.0
34712,VHEILDEN,0.0
34713,EFSQDVACG,0.0
34714,NVQCTMD,0.0
34715,CPVDEPS,0.0
34716,DWGTD,0.0
34717,PQADVT,0.0
34718,GDCCLLQ,0.0
34719,PIDNI,0.0
34720,KREMKQKWR,0.0
34721,ENWTQMDTEL,0.0
34722,TTSIFCVEK,0.0
34723,TWGLMKG,0.0
34724,MEDQRP,0.0
34725,DNPNEY,0.0
34726,TNIQR,0.0
34727,INLECNE,0.0
34728,CHILLED,0.0
34729,QQWRKEYPD,0.0
34730,ESMIVGF,0.0
34731,RWPFKGKG,0.0
34732,GKIQDPC,0.0
34733,IAPEMEP,0.0
34734,TPSQSPEP,0.0
34735,HCDYIKPEQ,0.0
34736,RPNPNCAVRH,0.0
34737,KMCPA,0.0
34738,PHQLETV,0.0
34739,NGARPHAIG,0.0
34740,LIEQQLN,0.0
34741,REECMVG,0.0
34742,FEHGFIDE,0.0
34743,TWNMCDWMK,0.0
34744,STKRKKG,0.0
34745,VVNTENFR,0.0
34746,HDMRIG,0.0
34747,VRKGLM,0.0
34748,VIEESQGYE,0.0
34749,GKVCMG,0.0
34750,LAGKLQSES,0.0
34751,MERLAS,0.0
34752,GNVPPRH,0.0
34753,PLCRVQQ,0.0
34754,IQCQSSKHW,0.0
34755,DFHPDKNRR,0.0
34756,NEEWIEC,0.0
34757,IGDMEAN,0.0
34758,GMRSNK,0.0
34759,INLGFQNKEV,0.0
34760,QLNKWRWR,0.0
34761,RCQNKIFH,0.0
34762,PHVTEDPCGA,0.0
34763,TPPTSGRM,0.0
34764,VLFNRNCV,0.0
34765,RKSTNSPE,0.0
34766,LTNHEPQTT,0.0
34767,WSHPLEEDFT,0.0
34768,RYLKKA,0.0
34769,LEQVRK,0.0
34770,VCCRQCTQT,0.0
34771,DDALYQQMET,0.0
34772,YASEVRQTL,0.0
34773,EGRNNWANDY,0.0
34774,GGANTANTVP,0.0
34775,HPEEN,0.0
34776,ETALD,0.0
34777,RGLGMK,0.0
34778,LGMSCEEMSF,0.0
34779,VLCQN,0.0
34780,DTLPYYESV,0.0
34781,GSGINLL,0.0
34782,HENIC,0.0
34783,DIHKIGVRI,0.0
34784,LRDELCNIPD,0.0
34785,VTLKEKLS,0.0
34786,WGEPTGEI,0.0
34787,AHQSG,0.0
34788,QDDKHAHQS,0.0
34789,PEEKRESK,0.0
34790,CNEFREN,0.0
34791,PEWQETL,0.0
34792,YIGRN,0.0
34793,ALVQG,0.0
34794,CSTDTNSV,0.0
34795,MVHKRQQW,0.0
34796,LSQCCQRTTI,0.0
34797,GFDNLDDT,0.0
34798,KLEDD,0.0
34799,TDMMPLSEEE,0.0
34800,KSVQVQMRS,0.0
34801,KNHEVCK,0.0
34802,DSPHDKQS,0.0
34803,DLAYWSYSG,0.0
34804,GTERNVISDH,0.0
34805,KVGGQLCN,0.0
34806,MEGERNLK,0.0
34807,TTTAP,0.0
34808,VSEDQ,0.0
34809,NALKL,0.0
34810,YRAMDD,0.0
34811,ECEWSIM,0.0
34812,NPSQTRPT,0.0
34813,FLSRAILRM,0.0
34814,MKDRGIGP,0.0
34815,QNKNDNI,0.0
34816,RMGMGYDIV,0.0
34817,TMCTYQEG,0.0
34818,EKCAMAVFD,0.0
34819,GCIDV,0.0
34820,TMAIAFQYDA,0.0
34821,YMNKQ,0.0
34822,LKRAIYNREE,0.0
34823,AIRMI,0.0
34824,RSQCNCE,0.0
34825,QWKREHEKD,0.0
34826,TDGSR,0.0
34827,DKAPSQGA,0.0
34828,DIPRCGKVGP,0.0
34829,AFTWGRQDGY,0.0
34830,EHDGDPH,0.0
34831,QTFPKA,0.0
34832,MGYLAMVLMG,0.0
34833,VCDNAS,0.0
34834,YNPIEYLVR,0.0
34835,DKKMSA,0.0
34836,NGQGLWNS,0.0
34837,SGMRNTMT,0.0
34838,QEKAGQRN,0.0
34839,WCDWENTMV,0.0
34840,QIWRK,0.0
34841,KKAWQK,0.0
34842,GEDRTKH,0.0
34843,CHNRKEMGT,0.0
34844,EECFEDME,0.0
34845,WSIIQCEQ,0.0
34846,IEFAQ,0.0
34847,SQAKTALRL,0.0
34848,NDFENEHYR,0.0
34849,KGVLHRVL,0.0
34850,SRNQEFYREK,0.0
34851,QPEMSQGHTA,0.0
34852,TWRSNSPIN,0.0
34853,SFSNNQ,0.0
34854,AENMS,0.0
34855,CTSQVLQRSS,0.0
34856,VRMSMIE,0.0
34857,AGHDGSET,0.0
34858,LQNRQ,0.0
34859,QMPVPKVA,0.0
34860,PDSSMV,0.0
34861,GPVQNGGQT,0.0
34862,AYQNKG,0.0
34863,CEKNQ,0.0
34864,IPDFNQR,0.0
34865,EYDGQWQEVG,0.0
34866,FMYEMNQ,0.0
34867,QRLVRPTR,0.0
34868,QKLQE,0.0
34869,EWVNCDFES,0.0
34870,QQFCLFEHS,0.0
34871,MAWDHLDA,0.0
34872,RNPHGA,0.0
34873,EKMGGYQMEG,0.0
34874,PLQQLV,0.0
34875,QCGRSIQQ,0.0
34876,NVVAEGPCRI,0.0
34877,DLMIT,0.0
34878,KQSDKMNIT,0.0
34879,HWNCSTDL,0.0
34880,CRPRGSNW,0.0
34881,GDRYCRHG,0.0
34882,DMEVWSKR,0.0
34883,SQAAF,0.0
34884,GARGL,0.0
34885,PEDIPIMCH,0.0
34886,TPDNFNK,0.0
34887,HQMEHRGHAQ,0.0
34888,IFQATRKGD,0.0
34889,INQNHRT,0.0
34890,MMERQDKET,0.0
34891,IMGSVYRRSR,0.0
34892,PVISRESECN,0.0
34893,QNVMLN,0.0
34894,GNSFEQC,0.0
34895,QILICKI,0.0
34896,MFVFCVKDG,0.0
34897,MVTKNG,0.0
34898,IAGVK,0.0
34899,PAEQVR,0.0
34900,NTKSRHN,0.0
34901,DLLRE,0.0
34902,QMSSE,0.0
34903,SDDCFTN,0.0
34904,RTMDE,0.0
34905,MSNRSR,0.0
34906,EHNVPLDM,0.0
34907,KRCCGRFF,0.0
34908,ESCGQDFDVQ,0.0
34909,RLDKAIQV,0.0
34910,LDIEKIQ,0.0
34911,WDGKTYGQL,0.0
34912,AIKCG,0.0
34913,IANPNWRG,0.0
34914,SRPQYMGAT,0.0
34915,FQASG,0.0
34916,QEQTPWPC,0.0
34917,METKELL,0.0
34918,QIKCKFTQ,0.0
34919,VFKRQGHAC,0.0
34920,TMNVVQ,0.0
34921,GKLERDA,0.0
34922,EVTQDQ,0.0
34923,EKDWATEEK,0.0
34924,DSGRQT,0.0
34925,GVASIHLSSA,0.0
34926,GHGFHMAH,0.0
34927,DDSGN,0.0
34928,SWRKLVPN,0.0
34929,NPVYEVFE,0.0
34930,QIDYLHDQDV,0.0
34931,RSKLCNRV,0.0
34932,KGKPSG,0.0
34933,GYDHE,0.0
34934,HVLKNRLD,0.0
34935,IEGRAFK,0.0
34936,VCETG,0.0
34937,AASKVSN,0.0
34938,WAFEPMKE,0.0
34939,TEDRMML,0.0
34940,LQNWNHQS,0.0
34941,LEDDMAGIHK,0.0
34942,DIVYVTGMAD,0.0
34943,EIHHVNGQT,0.0
34944,CLCMMCDGV,0.0
34945,APEALQHRA,0.0
34946,RSRNCQMTVP,0.0
34947,EICSNIEHH,0.0
34948,EKADFTSQS,0.0
34949,QHAGYLGFD,0.0
34950,TSKTQDRF,0.0
34951,KGRAMH,0.0
34952,DNCTHGAPN,0.0
34953,RQDRQNF,0.0
34954,DMKKMFCNKC,0.0
34955,KRFQTGL,0.0
34956,NDNYM,0.0
34957,AGQGGILYD,0.0
34958,IMDQDHC,0.0
34959,RDCDRKKVA,0.0
34960,TAKCDK,0.0
34961,GCKSQS,0.0
34962,HVSRKHLRI,0.0
34963,YQTCPTA,0.0
34964,DASQIG,0.0
34965,FNMGWTID,0.0
34966,NIGCVVKPV,0.0
34967,TGRFAKIF,0.0
34968,NDVIPQNYP,0.0
34969,QWYIGDIDFE,0.0
34970,MGEHYGETC,0.0
34971,ETPEA,0.0
34972,QRRELGYAG,0.0
34973,MMNDC,0.0
34974,NQKSRNG,0.0
34975,DGEPGETT,0.0
34976,GEVDPFET,0.0
34977,QSHISPR,0.0
34978,MTRQNMMF,0.0
34979,YDPQPMNIVC,0.0
34980,DIKKKPWK,0.0
34981,HEYGIDTELQ,0.0
34982,DGEQPP,0.0
34983,WDINQTGC,0.0
34984,QMQEMVYRAI,0.0
34985,KNKQQPH,0.0
34986,DKEEIHTIVQ,0.0
34987,ETVANQDHVF,0.0
34988,QGDEVVFLSG,0.0
34989,IITDMKHCA,0.0
34990,DLTISALFMD,0.0
34991,RSSRKS,0.0
34992,GKQQQCTSGP,0.0
34993,IKCGGT,0.0
34994,HPDARCAAF,0.0
34995,EAEYAEFYDY,0.0
34996,FEPQV,0.0
34997,GYKLDSGTD,0.0
34998,NLDESKT,0.0
34999,DLIDQINVD,0.0
35000,NMFMQRVEL,0.0
35001,GKQQQ,0.0
35002,VDTCANDV,0.0
35003,GQSTSLS,0.0
35004,ETDCEI,0.0
35005,KFSEEEP,0.0
35006,SMQVEKN,0.0
35007,RERICD,0.0
35008,GQLNGM,0.0
35009,NDSNSI,0.0
35010,RAGLD,0.0
35011,AGNSNSV,0.0
35012,GILHRFGAT,0.0
35013,NTINCCV,0.0
35014,DDVLRKRARV,0.0
35015,GYEWSPDWV,0.0
35016,DTEED,0.0
35017,QCKEKRT,0.0
35018,ICRTKC,0.0
35019,ELQLQMGS,0.0
35020,TAAPV,0.0
35021,SVEMGMAFNG,0.0
35022,RLEHSPMSKN,0.0
35023,PRLAGHKQ,0.0
35024,QAMGTLTP,0.0
35025,ANAFV,0.0
35026,MTRKGPPKHH,0.0
35027,RFKPWKL,0.0
35028,AVFYTSEGP,0.0
35029,NVKACV,0.0
35030,HSIEAAVSR,0.0
35031,DNERAPER,0.0
35032,HVQKLRYRGV,0.0
35033,SQNLIEKT,0.0
35034,NPNLVK,0.0
35035,QATGM,0.0
35036,YIHDMTN,0.0
35037,VYVEPQMN,0.0
35038,CDEHQCCPI,0.0
35039,NMILA,0.0
35040,AGDATMINR,0.0
35041,MEKGCQLEM,0.0
35042,GKGSNDIKK,0.0
35043,ENHNMLKL,0.0
35044,GWATGTYD,0.0
35045,NMTDLRISTN,0.0
35046,ELRKLFIL,0.0
35047,GARHIG,0.0
35048,FLESEYSNMF,0.0
35049,YQELNDNYK,0.0
35050,HSRRFK,0.0
35051,VCHGHQKQVG,0.0
35052,NDNRGCC,0.0
35053,EDDHGY,0.0
35054,YNQAVQ,0.0
35055,RRQSAW,0.0
35056,KYPRGWKRD,0.0
35057,GHLGSGI,0.0
35058,AHASYWGIT,0.0
35059,IVNKNA,0.0
35060,YDNND,0.0
35061,VVNNYDK,0.0
35062,GGMVSSN,0.0
35063,AEGLRPRGFI,0.0
35064,TQFQEDNH,0.0
35065,GPQQNKG,0.0
35066,RKFHTR,0.0
35067,MRCDMGN,0.0
35068,CMERKKMNMN,0.0
35069,RCQCTTYLN,0.0
35070,PTKEGNGQ,0.0
35071,NTRFRHRYK,0.0
35072,YIARGIQASL,0.0
35073,HEPVA,0.0
35074,QHACGP,0.0
35075,RHDFCRNIC,0.0
35076,FRPRI,0.0
35077,GLDPNRAYH,0.0
35078,MENQQ,0.0
35079,IGYDFTIAMN,0.0
35080,VDCVPRSR,0.0
35081,TDQHNVM,0.0
35082,NVASCEWIE,0.0
35083,TYCSETGSYQ,0.0
35084,QNDWQRE,0.0
35085,QLTACSCNA,0.0
35086,RGGQIE,0.0
35087,EFGHATEDM,0.0
35088,MKCCK,0.0
35089,MDSMQQQCNK,0.0
35090,MWEADEVK,0.0
35091,NYGEKSFGKD,0.0
35092,LHNNMKVKTR,0.0
35093,YPRIVIKLE,0.0
35094,VHSRDSN,0.0
35095,ANIYEQQC,0.0
35096,IQVNIGSRNN,0.0
35097,TTQRPL,0.0
35098,VREPNYDEKG,0.0
35099,DEDPTMI,0.0
35100,SAINQII,0.0
35101,CRDFTQLIK,0.0
35102,RFDNQHQ,0.0
35103,GMYANTSEG,0.0
35104,AKSDKFKEK,0.0
35105,AVKCM,0.0
35106,WTQQQDLMIR,0.0
35107,MGAAWK,0.0
35108,TDMGFDAQQ,0.0
35109,EDSSKVGR,0.0
35110,NILREM,0.0
35111,QMCINR,0.0
35112,NDNYMFSAID,0.0
35113,APSKA,0.0
35114,TLRHFGGCS,0.0
35115,HGGPQT,0.0
35116,RQETGEQNR,0.0
35117,VDARS,0.0
35118,DDWKERS,0.0
35119,RRERNWR,0.0
35120,WRFKK,0.0
35121,DANPKENSPP,0.0
35122,PEQWLCMQ,0.0
35123,GKFIRYLR,0.0
35124,CTCHRPGET,0.0
35125,GENGHDQ,0.0
35126,NQCCT,0.0
35127,QFMQVVN,0.0
35128,VNIMRIC,0.0
35129,WDNGACMELP,0.0
35130,LENEVP,0.0
35131,DAWNIG,0.0
35132,LGKIQSHQKT,0.0
35133,RELPP,0.0
35134,SSHSRPDP,0.0
35135,GKYDGWDDHR,0.0
35136,CHKEPRQ,0.0
35137,AGLYPMLDA,0.0
35138,GKDDPRD,0.0
35139,SAGVCG,0.0
35140,ANVINECK,0.0
35141,MFKEQQDKE,0.0
35142,ANRLK,0.0
35143,FQGADDIN,0.0
35144,RCSDGA,0.0
35145,FKTKHRG,0.0
35146,RAMETLQLAT,0.0
35147,PKEKS,0.0
35148,AVANEKPIM,0.0
35149,DIWTEWTT,0.0
35150,RQRPLGLLAS,0.0
35151,GDIVLTNG,0.0
35152,QGAISVTA,0.0
35153,PNGHNEPRT,0.0
35154,DDPIGLT,0.0
35155,KTGIDPG,0.0
35156,CKQCAVS,0.0
35157,QSPLKES,0.0
35158,RREALS,0.0
35159,MMNAMCCEI,0.0
35160,HMADCPRGP,0.0
35161,VFEQD,0.0
35162,IHEWIPTEE,0.0
35163,ENMPLIA,0.0
35164,DAAGPQKA,0.0
35165,VDLNM,0.0
35166,RLFTRSSADN,0.0
35167,RRNWSVNP,0.0
35168,KMQERERW,0.0
35169,KQCAA,0.0
35170,CTCPE,0.0
35171,HQMKSGK,0.0
35172,PGRESM,0.0
35173,RPSVVKWR,0.0
35174,HHECHSTGGC,0.0
35175,EHNYRGTLA,0.0
35176,DSCCATVMH,0.0
35177,KTPREFK,0.0
35178,PAPTPQ,0.0
35179,LIRRQD,0.0
35180,AHEVYRIFD,0.0
35181,IKQTEISRTK,0.0
35182,GRRNPCKAY,0.0
35183,ICYDKPNEP,0.0
35184,EPDWKQRQ,0.0
35185,LEFSWVQQDL,0.0
35186,DMEGI,0.0
35187,CEPQKFK,0.0
35188,FMMIDDTQ,0.0
35189,RSMRERVIK,0.0
35190,AYEDVHCGK,0.0
35191,CPRFSKAT,0.0
35192,LEQFGHT,0.0
35193,QRKFVIPIRY,0.0
35194,DPRKNV,0.0
35195,GVDPT,0.0
35196,QSIMPR,0.0
35197,FDNEVTSISI,0.0
35198,DRGEMFVRL,0.0
35199,SDDDKCYQ,0.0
35200,ICKSFVGKQ,0.0
35201,MLQTTSNH,0.0
35202,KGHRPKGD,0.0
35203,MACFQKARYG,0.0
35204,EHVRK,0.0
35205,SRIQQ,0.0
35206,ADEHIGAER,0.0
35207,EHFEGF,0.0
35208,GCYRTDCIN,0.0
35209,QDTKQ,0.0
35210,HPKINRIT,0.0
35211,DNKIC,0.0
35212,GCSMDDRDDA,0.0
35213,MVEPAVD,0.0
35214,QIDNK,0.0
35215,DGNCTNVFME,0.0
35216,RSQLMQY,0.0
35217,WTNQQRPMG,0.0
35218,QEIGP,0.0
35219,MEHNATNEKV,0.0
35220,KQDYDAECRG,0.0
35221,EFTMN,0.0
35222,MNNDYNF,0.0
35223,PNCDSIV,0.0
35224,ACDLPTMD,0.0
35225,WIRFIVRTQ,0.0
35226,YVNRAKVCCI,0.0
35227,SSPHQFNRV,0.0
35228,LGKECRTQ,0.0
35229,NIHTMANCQP,0.0
35230,QESHRCI,0.0
35231,RSRMFMPIQ,0.0
35232,IEQIGSK,0.0
35233,AMFGTR,0.0
35234,HRMRIMR,0.0
35235,CFDTGGK,0.0
35236,IHEEPLI,0.0
35237,FKTGRGQS,0.0
35238,TQNSQDYARG,0.0
35239,SQCIIIE,0.0
35240,TPTQDMV,0.0
35241,GKQDCWRLGT,0.0
35242,TVMEPEIR,0.0
35243,TSDQYMGYT,0.0
35244,YDKDEGADC,0.0
35245,MDVPG,0.0
35246,DHTMRA,0.0
35247,YNCLRR,0.0
35248,SMMLR,0.0
35249,ACSISKRPES,0.0
35250,RWDVMKMK,0.0
35251,GDEQH,0.0
35252,CNAMVDTPAT,0.0
35253,IAAADNALP,0.0
35254,LEAMAI,0.0
35255,SGHLNLIFM,0.0
35256,WDDGYN,0.0
35257,IEGMN,0.0
35258,TSLENWDEA,0.0
35259,ECCEMALFGW,0.0
35260,DQFPPPIWE,0.0
35261,KAGRCAPS,0.0
35262,NGGIG,0.0
35263,DDRLH,0.0
35264,ILSNAMTQ,0.0
35265,CTNKQFQGGQ,0.0
35266,VGHELLWN,0.0
35267,GNFYARTAM,0.0
35268,QNIQT,0.0
35269,HACMQGTG,0.0
35270,RCMEND,0.0
35271,DCEVFH,0.0
35272,SCDNVTRFA,0.0
35273,IPQCR,0.0
35274,WTEAVITVT,0.0
35275,MTNCG,0.0
35276,QVCYHKRT,0.0
35277,SMNAAELG,0.0
35278,TRERLKHCD,0.0
35279,DINCGG,0.0
35280,VYGLKQQAED,0.0
35281,RRGHGRQG,0.0
35282,LNLRFRR,0.0
35283,GCTAQEKF,0.0
35284,VENCVLM,0.0
35285,GHEIGMAV,0.0
35286,RRLWWKNRT,0.0
35287,DCMEYMCDA,0.0
35288,GNPSVLP,0.0
35289,VGKSR,0.0
35290,AIEVQQ,0.0
35291,IMQPECQR,0.0
35292,YRSDMIGE,0.0
35293,DAETMQMHPD,0.0
35294,NYEEMPQLAR,0.0
35295,QTCMQGRF,0.0
35296,CLNME,0.0
35297,DHLWHIES,0.0
35298,NLNCTDC,0.0
35299,AEIMTT,0.0
35300,VRLTRDMQV,0.0
35301,DCVTNRRG,0.0
35302,ADFQSCG,0.0
35303,GTIPCDMN,0.0
35304,GLNDDYKEQ,0.0
35305,GDMMDIQKP,0.0
35306,SAERT,0.0
35307,RMNVCQR,0.0
35308,FAEDW,0.0
35309,RDSKDL,0.0
35310,RGYGETEIS,0.0
35311,LQGMAEMEH,0.0
35312,IGDRDVWR,0.0
35313,CGYEIMT,0.0
35314,RTVLHVRAWA,0.0
35315,IMKNASD,0.0
35316,PKDPFDNNS,0.0
35317,YNRQAICVC,0.0
35318,MREITN,0.0
35319,RVPMCLRR,0.0
35320,DNEHPLMF,0.0
35321,EACPIGMT,0.0
35322,KNGYFDRA,0.0
35323,NGCYGENVHS,0.0
35324,KSVTGR,0.0
35325,EADPKGG,0.0
35326,EGEPGFICS,0.0
35327,AWTCECGCSA,0.0
35328,SGQEP,0.0
35329,MNYVGETE,0.0
35330,DFGCFGRYK,0.0
35331,DHDCFNNHI,0.0
35332,QQQWSRDEVM,0.0
35333,DMAGSQQEL,0.0
35334,QRILQ,0.0
35335,DGVTERFYG,0.0
35336,PNEARAAIVQ,0.0
35337,SHELKPFQ,0.0
35338,ESAFELVKML,0.0
35339,PETNEFGIV,0.0
35340,DEDETKN,0.0
35341,QMEDQPQ,0.0
35342,IRQNVH,0.0
35343,SIRQL,0.0
35344,TQHEEGS,0.0
35345,CWAECRK,0.0
35346,FDCAL,0.0
35347,HPPDCKR,0.0
35348,DAQSVNG,0.0
35349,HTMGNMEI,0.0
35350,PSEVEDDP,0.0
35351,PGCIETGTT,0.0
35352,MILLQNPH,0.0
35353,VILAAN,0.0
35354,GQNVNRLG,0.0
35355,DIEPGTEK,0.0
35356,SMRKRTKPTV,0.0
35357,GKKQEAN,0.0
35358,NSGGQENF,0.0
35359,CRMCC,0.0
35360,KQGKE,0.0
35361,SNSLAFDCN,0.0
35362,FECYVE,0.0
35363,WCDEVNTE,0.0
35364,QSQENWQ,0.0
35365,PQGMNTS,0.0
35366,MDEQVAR,0.0
35367,NGDFTQ,0.0
35368,EWMGTHD,0.0
35369,DIVGP,0.0
35370,CCAHVMTCDQ,0.0
35371,WDDIDHQ,0.0
35372,WQPDMQEAN,0.0
35373,QNEYECHHL,0.0
35374,IMDKL,0.0
35375,REMDWLPQH,0.0
35376,KKCDPCR,0.0
35377,SNCAFN,0.0
35378,NWDLQAI,0.0
35379,LVSYSVRQ,0.0
35380,QHKAVQ,0.0
35381,TKCPEVRKR,0.0
35382,PMDGV,0.0
35383,INQMIP,0.0
35384,HTGMPSMHR,0.0
35385,KRMHIMI,0.0
35386,IPGRD,0.0
35387,ARVMML,0.0
35388,CMSQKG,0.0
35389,QVNEGQCRM,0.0
35390,RLDKLCR,0.0
35391,TITQTEKE,0.0
35392,IDQHKAI,0.0
35393,RYQGADKIM,0.0
35394,QPAGQKLIMS,0.0
35395,RNNCG,0.0
35396,FEGLM,0.0
35397,EEITT,0.0
35398,MPIEGAFSR,0.0
35399,KTAVKGNKTN,0.0
35400,NQRYCIN,0.0
35401,WSGDVACNGG,0.0
35402,DLVVE,0.0
35403,DIDKRSH,0.0
35404,NGFQHGVHT,0.0
35405,DMKIGRI,0.0
35406,QLCPSRS,0.0
35407,WAHGLHEMQ,0.0
35408,NKVLQQWMN,0.0
35409,GIGHVPCLQA,0.0
35410,PNQMCL,0.0
35411,PNQADQLCIP,0.0
35412,LHDID,0.0
35413,HMHHEQECP,0.0
35414,WSTAEVA,0.0
35415,QHPDN,0.0
35416,MRDEHSD,0.0
35417,KCAQV,0.0
35418,NTTILKSYQ,0.0
35419,LLIFPEEN,0.0
35420,FIKMLRCIR,0.0
35421,VVDYDE,0.0
35422,TNGKA,0.0
35423,SGGTNSP,0.0
35424,EDAYGVNDG,0.0
35425,DKNQQI,0.0
35426,TTLISAQKN,0.0
35427,SFGETLDQ,0.0
35428,SFTAKQ,0.0
35429,KCICRRT,0.0
35430,MQCPR,0.0
35431,MCADNS,0.0
35432,PMEQICNHP,0.0
35433,STTWCQEDEH,0.0
35434,TQDNRDT,0.0
35435,TDMMP,0.0
35436,QHQIHDFHQ,0.0
35437,DLLVITI,0.0
35438,SDKEI,0.0
35439,SNMAKCI,0.0
35440,HNGYGWDT,0.0
35441,NIVPQCMCV,0.0
35442,VKDNQVHED,0.0
35443,PEPGDFHNI,0.0
35444,MVCKPMNQ,0.0
35445,HCGQKTQDKD,0.0
35446,KRRCDKESVC,0.0
35447,TTWSKECVG,0.0
35448,RGFENVVV,0.0
35449,QWRLMAE,0.0
35450,IAMQKM,0.0
35451,AENES,0.0
35452,CSKMTCRL,0.0
35453,KQFQHLGKRE,0.0
35454,HDDLQL,0.0
35455,EDILVMM,0.0
35456,ANRWVG,0.0
35457,PIPSNTACV,0.0
35458,RNDEPY,0.0
35459,PSVKIP,0.0
35460,EIKYADPPL,0.0
35461,KRVTIDLGGP,0.0
35462,PLCPPVDQM,0.0
35463,RPCWNGG,0.0
35464,PIEPQQNDW,0.0
35465,AGWTNCILTM,0.0
35466,GYADPA,0.0
35467,RVPDR,0.0
35468,RQSFNSTM,0.0
35469,AQNTM,0.0
35470,PTACYCYKE,0.0
35471,WLRSRCR,0.0
35472,AMGSHFNEH,0.0
35473,GHEIAI,0.0
35474,TRQRD,0.0
35475,RSGGHQEMF,0.0
35476,FEDDEANT,0.0
35477,SEAKT,0.0
35478,DEQPEWVTN,0.0
35479,HNKDTTG,0.0
35480,VETQSLNRS,0.0
35481,QKCCG,0.0
35482,DPHMWE,0.0
35483,PDAGPS,0.0
35484,SMTQN,0.0
35485,VPAKEFEKG,0.0
35486,HNPCDPEIQD,0.0
35487,QSCPDH,0.0
35488,GFTGASNREG,0.0
35489,QERGSNH,0.0
35490,QELTGEPAGY,0.0
35491,MNHRDMNRNV,0.0
35492,SEDKPTPRW,0.0
35493,KHAIDMAE,0.0
35494,CPTKEGCVV,0.0
35495,RKIVTEI,0.0
35496,RAPQHDRDEG,0.0
35497,KCHPK,0.0
35498,KRRNSS,0.0
35499,KKRWYMEAI,0.0
35500,RDGGICVKFD,0.0
35501,LHITAMVIP,0.0
35502,STRSIL,0.0
35503,MNPGFARDDC,0.0
35504,AGKDHVIGQ,0.0
35505,ADVPHCKDC,0.0
35506,DAKKRQIK,0.0
35507,NRMDCSSD,0.0
35508,KHEKTMPRE,0.0
35509,EMCQR,0.0
35510,AYRNITRPAR,0.0
35511,CALHFDPPN,0.0
35512,DQKRGDGLIH,0.0
35513,KDAEPEV,0.0
35514,ERGKWR,0.0
35515,PIQANCD,0.0
35516,PDDVR,0.0
35517,NVDRIK,0.0
35518,TQHGCN,0.0
35519,FATTANEQEF,0.0
35520,LKGEN,0.0
35521,NVHTAECG,0.0
35522,DKECHQWD,0.0
35523,QIVSNI,0.0
35524,QVGPKINSHK,0.0
35525,FNQEK,0.0
35526,ADDDAGH,0.0
35527,KDCRQ,0.0
35528,MSDYQKQH,0.0
35529,DPESEFHWI,0.0
35530,QSTYARDKE,0.0
35531,GQIHRHCA,0.0
35532,FTAAVQQQEM,0.0
35533,AFELM,0.0
35534,TQKVVMI,0.0
35535,RMVDAPPSC,0.0
35536,TQLWGLEEW,0.0
35537,EQVTNF,0.0
35538,QEFRIFAHDE,0.0
35539,MMASL,0.0
35540,TQVSSIDRS,0.0
35541,SGDRRN,0.0
35542,WNDDRIELA,0.0
35543,IAICVVER,0.0
35544,DREPMCP,0.0
35545,RQDKGEFDK,0.0
35546,NDIHQA,0.0
35547,FKAVSNKTG,0.0
35548,CLCDEEPM,0.0
35549,EQCVQSDC,0.0
35550,EGDPYVIM,0.0
35551,LRMFKTDN,0.0
35552,YVGGT,0.0
35553,HSDLE,0.0
35554,ELFEASYGYE,0.0
35555,NWNEPSKV,0.0
35556,IGIDCPM,0.0
35557,CSPEVSMR,0.0
35558,QFPRSTV,0.0
35559,RAENMCTTRY,0.0
35560,FTNEWKVR,0.0
35561,YHHVDDEL,0.0
35562,ANSNVWVSVR,0.0
35563,RMCKPKL,0.0
35564,KLENEGHI,0.0
35565,LHLNEIMT,0.0
35566,PQMQRHAGS,0.0
35567,NQVGKTNTG,0.0
35568,QEWGSRDC,0.0
35569,QIPVADPV,0.0
35570,LSPCGKE,0.0
35571,QQCDTKSET,0.0
35572,ETKNFTN,0.0
35573,IQNPVDT,0.0
35574,PLSENSMG,0.0
35575,CPSRGM,0.0
35576,HFRRAKIQ,0.0
35577,PNVIAIETT,0.0
35578,GIDKSN,0.0
35579,ANPEFDQCEE,0.0
35580,RDLLKGM,0.0
35581,ISSEIGS,0.0
35582,RFGWVTARNG,0.0
35583,CCCKRNMD,0.0
35584,MPQTDVD,0.0
35585,NRNHCVGCY,0.0
35586,PNKVRVSR,0.0
35587,QGHTA,0.0
35588,QSGNSYKC,0.0
35589,KWRANSW,0.0
35590,NSNMVCP,0.0
35591,EVKAD,0.0
35592,PIKLRRNEAG,0.0
35593,FPGYTDGIA,0.0
35594,EQQCGM,0.0
35595,NYTMKEQAP,0.0
35596,VVEIANAQWQ,0.0
35597,QNPKTP,0.0
35598,GINCRGQSHV,0.0
35599,DAERG,0.0
35600,EKPHQG,0.0
35601,VAASCA,0.0
35602,ASQENP,0.0
35603,TAAMRR,0.0
35604,IGTTLKL,0.0
35605,ALNPPMGRQ,0.0
35606,HCANLDPKTR,0.0
35607,DWQDLI,0.0
35608,QQGRRHEYA,0.0
35609,DRQYDPTI,0.0
35610,RHTKVRQ,0.0
35611,SCNGYNYEM,0.0
35612,VFEQG,0.0
35613,ENIIMMMPP,0.0
35614,GLAICIP,0.0
35615,QQFWDKKYT,0.0
35616,TKETQCPGAG,0.0
35617,EFVRDNKPND,0.0
35618,AIIAMLT,0.0
35619,SMEPM,0.0
35620,LNVSN,0.0
35621,GDRKRA,0.0
35622,ERWHWDECHE,0.0
35623,GAQRWAKIE,0.0
35624,RDSMGPND,0.0
35625,RDMVKWQTGK,0.0
35626,IMGKSFIQA,0.0
35627,LRTNKGEAL,0.0
35628,QELPWVN,0.0
35629,HQMSKQ,0.0
35630,NRKEQGPLR,0.0
35631,FSAKCKKH,0.0
35632,MQWQRN,0.0
35633,AHELGI,0.0
35634,VDAME,0.0
35635,DKNKVTI,0.0
35636,RIQNATMVAA,0.0
35637,KAGSPKK,0.0
35638,MEHETEKC,0.0
35639,SHTDD,0.0
35640,IAPKI,0.0
35641,QSYEPACM,0.0
35642,VSRETPPCR,0.0
35643,EIMKQE,0.0
35644,ETPRCPKP,0.0
35645,ESISSTVKED,0.0
35646,QYEDQS,0.0
35647,VDKRMHVE,0.0
35648,DMKDVKSIRA,0.0
35649,PEEIEASG,0.0
35650,CSENVVRCN,0.0
35651,AQLPGYEAE,0.0
35652,GERLSKG,0.0
35653,MKKGCMTM,0.0
35654,DNIQF,0.0
35655,SNRGNLRGFN,0.0
35656,PQTICRWAGK,0.0
35657,RYAKSCSPQ,0.0
35658,MQEVVT,0.0
35659,PSESEWEQ,0.0
35660,EDISKILRD,0.0
35661,IVQNFQR,0.0
35662,IPKNMVFPK,0.0
35663,GVPLYVDQES,0.0
35664,NHCRCKET,0.0
35665,GRCDCMRK,0.0
35666,NMIEE,0.0
35667,VPESDVHE,0.0
35668,ELTQDVR,0.0
35669,DEDYSVQGLL,0.0
35670,STNFADG,0.0
35671,LPVNGNNN,0.0
35672,QWELTSIC,0.0
35673,PECDRYM,0.0
35674,QCRATF,0.0
35675,FNSETS,0.0
35676,MQAKD,0.0
35677,MGMAR,0.0
35678,TDDRVPPFA,0.0
35679,VITRGVIKT,0.0
35680,REGRWAT,0.0
35681,RRIQFGC,0.0
35682,ERTRNYRLA,0.0
35683,QNWQHGMV,0.0
35684,NTKFRRWLCN,0.0
35685,KYQCDAVID,0.0
35686,DMCNCDCPRQ,0.0
35687,LMDWKRQN,0.0
35688,DLGMT,0.0
35689,SDDKDHTV,0.0
35690,RTSKDRQ,0.0
35691,MIQKTP,0.0
35692,GCEHTT,0.0
35693,EHMIHVDHH,0.0
35694,EKKKANWL,0.0
35695,ECHEYFAQM,0.0
35696,GDDMQFPQW,0.0
35697,CGECG,0.0
35698,CSSQFGKSM,0.0
35699,LPDCFQQH,0.0
35700,IDFMES,0.0
35701,HSCCRSQHC,0.0
35702,DYGEKMM,0.0
35703,AIWNLR,0.0
35704,ISDEQ,0.0
35705,GDGKAEQ,0.0
35706,DIETSNVW,0.0
35707,NGQPCD,0.0
35708,ANRVRSHMIS,0.0
35709,SNKVAT,0.0
35710,KTRREIAQNV,0.0
35711,EDKALCAS,0.0
35712,QLTLQHLE,0.0
35713,RTFQAA,0.0
35714,DENCYVEN,0.0
35715,YASCDIGSN,0.0
35716,QKHIDK,0.0
35717,SMVKDINLE,0.0
35718,PATYEAQGS,0.0
35719,WQTKCIVN,0.0
35720,CDSPEPD,0.0
35721,EGYGG,0.0
35722,TEGRTCEC,0.0
35723,ERGELSCN,0.0
35724,AEGESYT,0.0
35725,PHKVKGA,0.0
35726,AIKGKR,0.0
35727,DQDVKQ,0.0
35728,VESSPI,0.0
35729,RCAFRRE,0.0
35730,TGIGADLRVK,0.0
35731,QKDPEPLP,0.0
35732,DCKPREKTTC,0.0
35733,PREQANNI,0.0
35734,QKNGHNYLM,0.0
35735,LMSSKANV,0.0
35736,QYTGSRII,0.0
35737,ECMRQG,0.0
35738,ACMQI,0.0
35739,ASLRCP,0.0
35740,ITSRDVQ,0.0
35741,RDREVA,0.0
35742,TPLKAEESR,0.0
35743,QSKAPQRPN,0.0
35744,MFNEN,0.0
35745,LDLSRWA,0.0
35746,INHINQTIR,0.0
35747,PQNKCEVFA,0.0
35748,CKILNTME,0.0
35749,KRAGVTIFQG,0.0
35750,TQERCKTK,0.0
35751,NAVYEL,0.0
35752,CTATHHIQGR,0.0
35753,RTVHFR,0.0
35754,GDLTNPR,0.0
35755,MGRPG,0.0
35756,MSNRE,0.0
35757,MYHSSVPNAE,0.0
35758,DDTCV,0.0
35759,NARLK,0.0
35760,LEMAY,0.0
35761,CQQIVRVQ,0.0
35762,WDNGA,0.0
35763,CDELRWGETM,0.0
35764,VQQHPHCI,0.0
35765,WWGSGKVD,0.0
35766,QIACL,0.0
35767,FIEKMVN,0.0
35768,MPWPDEN,0.0
35769,QQSDD,0.0
35770,SLSAPVTI,0.0
35771,ANIIA,0.0
35772,AFDYVTNHM,0.0
35773,PHQGGQH,0.0
35774,YARAKFEGDS,0.0
35775,MGIEPV,0.0
35776,QEYQNVG,0.0
35777,THQDDR,0.0
35778,IKITRIPPE,0.0
35779,ERQMDEN,0.0
35780,GVREIPVLNE,0.0
35781,PKSAKPYDM,0.0
35782,NDEKDNVLN,0.0
35783,NCTHRGY,0.0
35784,GEDKCVS,0.0
35785,NRHKGASLC,0.0
35786,KAHRI,0.0
35787,GCGLE,0.0
35788,TAQMVI,0.0
35789,AMAASRQ,0.0
35790,ADVVVK,0.0
35791,THEPPHRN,0.0
35792,ETNSDE,0.0
35793,NKSPKICSRL,0.0
35794,CQNQLVCQK,0.0
35795,CNGSYE,0.0
35796,LNDIM,0.0
35797,DDTMR,0.0
35798,DPCWE,0.0
35799,TTLEN,0.0
35800,EPNQCHMH,0.0
35801,NAYELGHAPN,0.0
35802,MIDKSERGK,0.0
35803,NCYDEL,0.0
35804,ITIVLAN,0.0
35805,GSALCIQ,0.0
35806,RSIGLKESTI,0.0
35807,ICPNADSPI,0.0
35808,KRGFKMMQ,0.0
35809,DEIKPWG,0.0
35810,QCNGSKR,0.0
35811,KKPSVSG,0.0
35812,MGDADNNNT,0.0
35813,MAVWDDQVHD,0.0
35814,ITRSTLMN,0.0
35815,AWCPMEEV,0.0
35816,VMKEN,0.0
35817,EEHSGRMN,0.0
35818,QEWET,0.0
35819,LVVDDG,0.0
35820,NPPNAVRHN,0.0
35821,WGQQDAWQDR,0.0
35822,SCVYVKNR,0.0
35823,VPMAFPEE,0.0
35824,PHNKQ,0.0
35825,KGDPAN,0.0
35826,GGTMD,0.0
35827,QGQKNN,0.0
35828,CVASCQ,0.0
35829,QTSVIDCD,0.0
35830,PSFDPIP,0.0
35831,TVNDE,0.0
35832,GYECT,0.0
35833,WWAMKVMSR,0.0
35834,DEGKGN,0.0
35835,HLCSMAQTTA,0.0
35836,EITPIE,0.0
35837,SIETTVKQS,0.0
35838,VDMML,0.0
35839,PREDHQMEMK,0.0
35840,NVRGS,0.0
35841,KLSRR,0.0
35842,GKSLDVR,0.0
35843,AQTTLTWVDA,0.0
35844,SEHKVSQG,0.0
35845,NEVDCCEQ,0.0
35846,MMNEPLAFM,0.0
35847,ERRKEKV,0.0
35848,PGAKP,0.0
35849,GMWEDDW,0.0
35850,RKVGVH,0.0
35851,MSEELCR,0.0
35852,GTSNEDWQ,0.0
35853,HGRCIRWK,0.0
35854,PMETECD,0.0
35855,AGPLS,0.0
35856,SWVTQRLM,0.0
35857,YWSDPKR,0.0
35858,CPGSPVK,0.0
35859,ELDAYCPR,0.0
35860,RARNVGFRIR,0.0
35861,MGRNVGQ,0.0
35862,TRDAAIIVD,0.0
35863,TNEDC,0.0
35864,FQRTLGQL,0.0
35865,SCELV,0.0
35866,NDLISNER,0.0
35867,DPWEQCMYC,0.0
35868,CHRVIKM,0.0
35869,VVTGR,0.0
35870,KQFVR,0.0
35871,YCIVTVRK,0.0
35872,ILSQKWQNKI,0.0
35873,KMKGQ,0.0
35874,RFKWNWERNP,0.0
35875,ENWNDI,0.0
35876,VLSQVCEV,0.0
35877,NKQHSA,0.0
35878,IRQGLYCK,0.0
35879,GQALGHQ,0.0
35880,LGLMMVMNGM,0.0
35881,TFEVSKD,0.0
35882,RCETRLMQDK,0.0
35883,AELQAFEAPG,0.0
35884,QMDLL,0.0
35885,HCAIAE,0.0
35886,RAKAF,0.0
35887,RGIDRRY,0.0
35888,CDNPMEQ,0.0
35889,QFRLGWNA,0.0
35890,AKAYNADNS,0.0
35891,TATYWQESIG,0.0
35892,VDRMMNR,0.0
35893,VQSDSNG,0.0
35894,FIGANQSCPA,0.0
35895,SLKVGSGC,0.0
35896,VCGYHADFG,0.0
35897,CPEDV,0.0
35898,KRRKI,0.0
35899,AEGENTYNC,0.0
35900,ADCGRER,0.0
35901,HMGWESHI,0.0
35902,QPNHG,0.0
35903,EWDSALDIE,0.0
35904,YDCHLGYDHE,0.0
35905,HGNDVPAI,0.0
35906,HDRKRG,0.0
35907,AWGFNLNG,0.0
35908,MSNHTAQCRV,0.0
35909,QRHPKERSWS,0.0
35910,EQLEYWNV,0.0
35911,TVEALL,0.0
35912,SQCQQ,0.0
35913,QRDISCYTMQ,0.0
35914,VDVNDEDCVY,0.0
35915,DHPAVKCYD,0.0
35916,NPNLKNDH,0.0
35917,DQQMQM,0.0
35918,GNKDTEDRK,0.0
35919,ACDLPIK,0.0
35920,VKDCQ,0.0
35921,VGRGP,0.0
35922,KKDVMCKC,0.0
35923,AKDFDR,0.0
35924,IIPINENG,0.0
35925,HRSRLMWQN,0.0
35926,KSNNQAK,0.0
35927,DLQNRNK,0.0
35928,QQMEMDSI,0.0
35929,GQPHMKADT,0.0
35930,PMQMAKHGNG,0.0
35931,ERKGKMKQP,0.0
35932,RMGDITP,0.0
35933,TQPTELAFNM,0.0
35934,DNWRQGKDQ,0.0
35935,SDAQCYTMF,0.0
35936,EPVCREGLH,0.0
35937,QLNVAG,0.0
35938,AEVDNPGET,0.0
35939,NIHVKK,0.0
35940,KIINQQ,0.0
35941,TVRARARGI,0.0
35942,SQWDYEQKKC,0.0
35943,ANRETGRCC,0.0
35944,VTNKADNRMG,0.0
35945,TSEQRGKD,0.0
35946,FPKNQ,0.0
35947,YVNTGRMIC,0.0
35948,PGQHSKCRTA,0.0
35949,VGLHNEDQD,0.0
35950,FDNPKYGPSM,0.0
35951,YSIPDCTNEE,0.0
35952,HLQPNGDQLN,0.0
35953,NEDWGKS,0.0
35954,VIEMCTTTV,0.0
35955,VSRGQ,0.0
35956,HTVNQQRYR,0.0
35957,ECPRYTVNDE,0.0
35958,GLRSGVQAAM,0.0
35959,NCKEMATRFT,0.0
35960,VCLRTGSG,0.0
35961,LRNCCPYR,0.0
35962,NPANAPALVA,0.0
35963,DAIADK,0.0
35964,TKARRIVLFD,0.0
35965,SKLCREL,0.0
35966,PYDRRA,0.0
35967,RPETDSFMR,0.0
35968,ESQHD,0.0
35969,KYRPGSVEER,0.0
35970,MGNTGNQQ,0.0
35971,WDMDVELD,0.0
35972,ECLAHNFM,0.0
35973,KIGGLGCD,0.0
35974,KGEKRQKILW,0.0
35975,AYDSRVGDS,0.0
35976,QEHNLTKIN,0.0
35977,MELVDFDNY,0.0
35978,MQNLIVLQC,0.0
35979,GHGDKIQ,0.0
35980,DTFSQKQ,0.0
35981,KWQCTRRT,0.0
35982,AEYAMDETPV,0.0
35983,KEKVETV,0.0
35984,LTAMAG,0.0
35985,CSKMK,0.0
35986,VPVWQVKRDR,0.0
35987,DDFQHDWI,0.0
35988,CGEAGTGQLY,0.0
35989,ESYSDTDLE,0.0
35990,QRNQEN,0.0
35991,PVRPKGH,0.0
35992,MDDDW,0.0
35993,FTSCANSQD,0.0
35994,KPAEK,0.0
35995,DLSGVRIV,0.0
35996,MGPNV,0.0
35997,EAGLILG,0.0
35998,CFGKDR,0.0
35999,QGYGSQ,0.0
36000,KPYSLTEEN,0.0
36001,YRQSGIVSQD,0.0
36002,IRIQPDDTS,0.0
36003,WYEHNEPG,0.0
36004,SNNYNMTEAK,0.0
36005,LRHKNFKALM,0.0
36006,SKLGEM,0.0
36007,RRFKQD,0.0
36008,GCEIEK,0.0
36009,EGYSLDTGAT,0.0
36010,LYIMGSEE,0.0
36011,EDCNGILTYS,0.0
36012,GPQQEE,0.0
36013,VDGITSD,0.0
36014,SQEGRPQ,0.0
36015,NMLCANM,0.0
36016,GNLKWDNE,0.0
36017,QIEDGCFNIK,0.0
36018,EEIQWED,0.0
36019,APTEM,0.0
36020,PKAHMGLE,0.0
36021,RGTFVGMAE,0.0
36022,MYCCSYEDES,0.0
36023,TNANQMDW,0.0
36024,LTRGNMKPG,0.0
36025,LTSVTRPKP,0.0
36026,HQTDRQ,0.0
36027,QGLKGGV,0.0
36028,KSNIAKGLE,0.0
36029,PIQQRM,0.0
36030,ASYHAQEFV,0.0
36031,AMRCKDD,0.0
36032,IQQSEYEM,0.0
36033,EKFYSRKI,0.0
36034,MVKRAY,0.0
36035,FRMLNASIEQ,0.0
36036,DHGSTCNTA,0.0
36037,MEEKMNVGVA,0.0
36038,QVMPMP,0.0
36039,YDEKGVREPN,0.0
36040,RINHHGK,0.0
36041,MVQDNFFNK,0.0
36042,LNQSM,0.0
36043,DLGNEL,0.0
36044,NNYVMSMQ,0.0
36045,GTQVNRSVFC,0.0
36046,IFNNFDDGNQ,0.0
36047,PFGQNS,0.0
36048,DAKKNNYFD,0.0
36049,WSHSVSHD,0.0
36050,DCNDFKMS,0.0
36051,EELMCYG,0.0
36052,HYKNAKCNST,0.0
36053,KPRLR,0.0
36054,ITFTRGDE,0.0
36055,RHRLALVP,0.0
36056,FDNKKES,0.0
36057,TLEGNICPCE,0.0
36058,RNVQIV,0.0
36059,SQEQMMQLYT,0.0
36060,LVNVVFQMDN,0.0
36061,QLMANELEWS,0.0
36062,YQFDESFSGN,0.0
36063,VPKKPLG,0.0
36064,NCSLCLQ,0.0
36065,DQLLMS,0.0
36066,GEADC,0.0
36067,IARRDAFEK,0.0
36068,KEERE,0.0
36069,HGYMGRK,0.0
36070,KDHANATTYE,0.0
36071,DQWSHNE,0.0
36072,WGQQRITN,0.0
36073,ALKDQSI,0.0
36074,NGANIP,0.0
36075,GQEYM,0.0
36076,EMYAI,0.0
36077,INIDFPCAS,0.0
36078,AMHEKKK,0.0
36079,IKELNTK,0.0
36080,EGKEIK,0.0
36081,VNIDAKPWD,0.0
36082,AMAKESFSH,0.0
36083,DHWQIGVAM,0.0
36084,SGCQPCPQ,0.0
36085,EIAEQEK,0.0
36086,NAPSCTRPI,0.0
36087,GCSSIGRVW,0.0
36088,QYELKKTAN,0.0
36089,SFLSCANQV,0.0
36090,VSNCKC,0.0
36091,VDMNKEE,0.0
36092,TKSGQAT,0.0
36093,EAKGMRV,0.0
36094,DGMENTF,0.0
36095,WEVTQGENAG,0.0
36096,NTQELNS,0.0
36097,RAGPQIKM,0.0
36098,EPHSDNHS,0.0
36099,CDGCQTNFNC,0.0
36100,MEDDMV,0.0
36101,SASCGR,0.0
36102,WVRRQQRK,0.0
36103,GETIMAL,0.0
36104,KATCQNG,0.0
36105,LVGSDNIQVV,0.0
36106,NEEIVP,0.0
36107,SMCICPSK,0.0
36108,DEMQHVC,0.0
36109,EMMEGI,0.0
36110,YNDHYEDE,0.0
36111,QYLQGD,0.0
36112,QKPEQYSN,0.0
36113,NMIEEFMREP,0.0
36114,VFELSERN,0.0
36115,VPSCMVDCG,0.0
36116,QMDEREPQWA,0.0
36117,EKILGKEDV,0.0
36118,CENRDMGYNS,0.0
36119,IMNFRRDT,0.0
36120,GNIHTPP,0.0
36121,DNNKWD,0.0
36122,HDMDIG,0.0
36123,KKYHPRA,0.0
36124,IACNNAPMI,0.0
36125,VNEWNTIG,0.0
36126,GECQC,0.0
36127,QPPKTCQKK,0.0
36128,ICKNN,0.0
36129,WKCYTRTLQ,0.0
36130,SQGPLFKMD,0.0
36131,DCQEYPIDNI,0.0
36132,GYNELESVSD,0.0
36133,QHQCLNKMM,0.0
36134,IDCPKKGP,0.0
36135,QHLDSNFRC,0.0
36136,YFDTNHE,0.0
36137,DNANLRWS,0.0
36138,NHQTFE,0.0
36139,GGENEGDM,0.0
36140,QNYSGLDHE,0.0
36141,ESVRKDHM,0.0
36142,DSGTGGWFTS,0.0
36143,PCTWQDREV,0.0
36144,APTDGNPW,0.0
36145,IDRTEHV,0.0
36146,NPRVPC,0.0
36147,ADIKWCNHK,0.0
36148,NNDFNED,0.0
36149,DNPGN,0.0
36150,RVQSRRE,0.0
36151,KGEAYQS,0.0
36152,DMGTIQSCQ,0.0
36153,SIDQCSDFK,0.0
36154,CSQPRSNK,0.0
36155,KQDAIC,0.0
36156,AEREG,0.0
36157,HKNDSMQV,0.0
36158,AKQGTDPH,0.0
36159,QCNVMDDE,0.0
36160,FTMSEWGD,0.0
36161,GLNYSLGNL,0.0
36162,HCVLKER,0.0
36163,STDGLDN,0.0
36164,KDKAMIQ,0.0
36165,ALDEHA,0.0
36166,QNELIRR,0.0
36167,ITPCK,0.0
36168,TAAIPLGTEC,0.0
36169,DIDQWI,0.0
36170,VGEDSVKGL,0.0
36171,AWIEAE,0.0
36172,GPGAQKTKA,0.0
36173,NDKIGYLP,0.0
36174,CMGTLGSQ,0.0
36175,ANQSAI,0.0
36176,GMKMA,0.0
36177,GNCMNEI,0.0
36178,IAVSETESGF,0.0
36179,NECGNPREFP,0.0
36180,SKNSIKE,0.0
36181,SSIAEQIGGQ,0.0
36182,TGLSCCVK,0.0
36183,SIKVCMKYA,0.0
36184,LDWEYEAEQL,0.0
36185,NANPLL,0.0
36186,VRDVN,0.0
36187,WLQKTPEQ,0.0
36188,DWYVVCERR,0.0
36189,EDIPH,0.0
36190,KASISQGDL,0.0
36191,LSDWCSDYE,0.0
36192,CITVQQDM,0.0
36193,CSINKPSD,0.0
36194,TTHHSSTSE,0.0
36195,MPYRGLMG,0.0
36196,SKYGTMSDRP,0.0
36197,YVQGK,0.0
36198,SIKTNKRQF,0.0
36199,HDNMKQRTLV,0.0
36200,CHCQRETPS,0.0
36201,EQDSIVT,0.0
36202,NDFEVLE,0.0
36203,EADPN,0.0
36204,AGRVE,0.0
36205,CWEPNR,0.0
36206,GMRGRK,0.0
36207,KPHGRSKIMR,0.0
36208,DAPRKI,0.0
36209,CNYKK,0.0
36210,LSGTSCPN,0.0
36211,VPEGMEL,0.0
36212,APYIGIIRQ,0.0
36213,DADDPNVAC,0.0
36214,PKAPRFMQ,0.0
36215,AEKCSATLP,0.0
36216,GNKKI,0.0
36217,GGAVKWCM,0.0
36218,PKETDMSAST,0.0
36219,QHAKMT,0.0
36220,AYDIG,0.0
36221,GRNCASDS,0.0
36222,LTCDANLGL,0.0
36223,RGADL,0.0
36224,NYSMKVRK,0.0
36225,RCTQPP,0.0
36226,PRVSPG,0.0
36227,KHHTKNLDGE,0.0
36228,LHVYRAALEK,0.0
36229,RQEIGGITM,0.0
36230,QTARSK,0.0
36231,VRGAE,0.0
36232,GMVLVKGV,0.0
36233,AGVEM,0.0
36234,PRQIRDT,0.0
36235,HESTQDCGL,0.0
36236,QPCCDSSG,0.0
36237,APLRT,0.0
36238,LCDNHGHR,0.0
36239,VETEKKR,0.0
36240,MCLPENED,0.0
36241,RAVFPMCKQA,0.0
36242,HDQAQIEMD,0.0
36243,MKSYTVNCS,0.0
36244,GPMPDST,0.0
36245,STPEM,0.0
36246,IIETAKMQN,0.0
36247,WKSDRERV,0.0
36248,HLTIHRACL,0.0
36249,NEDVKDIGFC,0.0
36250,AGAKMKILY,0.0
36251,YQVCGKSAR,0.0
36252,IKFIMRSA,0.0
36253,VVRPLLWR,0.0
36254,QRSKLTY,0.0
36255,CERKFK,0.0
36256,ILAAHEAFA,0.0
36257,ELGGVEC,0.0
36258,EELSKCMLQL,0.0
36259,VPWRQTLAE,0.0
36260,MGRYGHQG,0.0
36261,CRKWVCTGTA,0.0
36262,LRNLQPRQGY,0.0
36263,EMARDIEQM,0.0
36264,QSSCNKGP,0.0
36265,RQDTGP,0.0
36266,CGSDEAM,0.0
36267,FCRRN,0.0
36268,DYHRLEAHL,0.0
36269,DFDAT,0.0
36270,DYLEVDWITI,0.0
36271,LTEDCKPYA,0.0
36272,WDNACSMRKG,0.0
36273,AASLP,0.0
36274,LRRDRCREW,0.0
36275,IDEYIQYQN,0.0
36276,NNEQWC,0.0
36277,IQSQGHSSS,0.0
36278,AQSCYSETRA,0.0
36279,GFGGP,0.0
36280,DMDCWPP,0.0
36281,MHDGCEM,0.0
36282,VLGFGIELQ,0.0
36283,QTKQYRLP,0.0
36284,ARHKL,0.0
36285,VVDSA,0.0
36286,DLEWNIFFEG,0.0
36287,TEDYQCCMRA,0.0
36288,LDDVQWT,0.0
36289,EGKAEHFVEV,0.0
36290,LDMCE,0.0
36291,KLAKPICKEH,0.0
36292,MAMVWSIQE,0.0
36293,SETKDEAVQT,0.0
36294,PDIVIQEF,0.0
36295,QNMEGY,0.0
36296,AEETVYNAV,0.0
36297,CAWRPAP,0.0
36298,PECRRKTQHH,0.0
36299,QDKDCI,0.0
36300,SEEFNV,0.0
36301,WWGQSSRKP,0.0
36302,FHHRESCKH,0.0
36303,EQQVHIP,0.0
36304,TGDMQK,0.0
36305,RARRMGTNYH,0.0
36306,AEIYDSCNH,0.0
36307,VTKQN,0.0
36308,HDNEEW,0.0
36309,ANVHARWIF,0.0
36310,KCVACVIQK,0.0
36311,NKMQPQMR,0.0
36312,WAIAFRKND,0.0
36313,KPPWAQKGR,0.0
36314,NTMVKTRL,0.0
36315,VGGSD,0.0
36316,HNEICIDRM,0.0
36317,LFPKEGAP,0.0
36318,MMENDSYP,0.0
36319,RMQVDDVK,0.0
36320,SDRLARV,0.0
36321,HTGETNM,0.0
36322,DHPMQLKNV,0.0
36323,KNQHAMQYK,0.0
36324,YESSRSLMN,0.0
36325,IDIAG,0.0
36326,LKGQM,0.0
36327,KKEMWTYRC,0.0
36328,KCHCKHKI,0.0
36329,NFTRAG,0.0
36330,EQWHQQ,0.0
36331,LKRTIQ,0.0
36332,KMEAK,0.0
36333,QTACQCAKIV,0.0
36334,CDCVMS,0.0
36335,CDVTE,0.0
36336,VPRSLDALKK,0.0
36337,RQRGFSLIFK,0.0
36338,DDCHFYNGY,0.0
36339,TMDDMR,0.0
36340,KYNLGRRIQ,0.0
36341,ILRDTQKS,0.0
36342,NEDYT,0.0
36343,ARVQKVDMK,0.0
36344,AIHKHKLKP,0.0
36345,NSPEDS,0.0
36346,NNNWKCSS,0.0
36347,DIDMTSK,0.0
36348,ELQDWD,0.0
36349,EAPEHF,0.0
36350,CKIQEMRF,0.0
36351,MHQQIHTD,0.0
36352,DKEPDSLIC,0.0
36353,AVFIPNGD,0.0
36354,SDRPQIMI,0.0
36355,PTRLKPP,0.0
36356,SKKDRGI,0.0
36357,PRCKEHCC,0.0
36358,RNHRCTEFK,0.0
36359,HGIGA,0.0
36360,QVQPTK,0.0
36361,RPHHPIPCR,0.0
36362,IGRSCGG,0.0
36363,YAFEDTSV,0.0
36364,TNCRC,0.0
36365,NCCEPWLGE,0.0
36366,LTQFVED,0.0
36367,KLINL,0.0
36368,RVKQA,0.0
36369,YSDHTE,0.0
36370,LGNAIM,0.0
36371,NQLCPSEKID,0.0
36372,LALVQLES,0.0
36373,QQWGGMQ,0.0
36374,NDQVNFVQFR,0.0
36375,QVSWRGECR,0.0
36376,PAEKSSNM,0.0
36377,DSPLLWNK,0.0
36378,TVMKA,0.0
36379,HYMKEDNWAA,0.0
36380,KPVMG,0.0
36381,KAMKKILH,0.0
36382,FDPRGMD,0.0
36383,GEEVKDKD,0.0
36384,WQADAV,0.0
36385,DFQAYEQDN,0.0
36386,LALAQTKHS,0.0
36387,LTRSLN,0.0
36388,GEGTCC,0.0
36389,MLNGCENANE,0.0
36390,SHHMKPR,0.0
36391,AWTIRMIRL,0.0
36392,TTSMRCLC,0.0
36393,AEDQHA,0.0
36394,NELSGLH,0.0
36395,RRALE,0.0
36396,PDAYEA,0.0
36397,DPVRM,0.0
36398,ELDPA,0.0
36399,NKVAC,0.0
36400,KQNYSEVRC,0.0
36401,MNFEG,0.0
36402,INRRG,0.0
36403,SKQDCCQT,0.0
36404,HRCQDG,0.0
36405,NQSIMK,0.0
36406,MKVAESQSVI,0.0
36407,HIMDNG,0.0
36408,EGTQCQHMK,0.0
36409,FGGNVQ,0.0
36410,VFDCID,0.0
36411,FGDNC,0.0
36412,LFNHRQCE,0.0
36413,KSIWTNR,0.0
36414,NQEYAIRFK,0.0
36415,TEASTGPL,0.0
36416,ENGFPK,0.0
36417,SEDQAWDII,0.0
36418,GCSEWSE,0.0
36419,KYLCKESST,0.0
36420,HIQESVC,0.0
36421,QGIALLHNPI,0.0
36422,DIIKRLC,0.0
36423,NCASNRFIA,0.0
36424,AVERE,0.0
36425,QIEDG,0.0
36426,LSCDE,0.0
36427,PDQKGQIS,0.0
36428,QEIFNWLD,0.0
36429,ERCSEIQ,0.0
36430,MKQTI,0.0
36431,GKGTRHCPA,0.0
36432,MYGTEQN,0.0
36433,IAKVCTE,0.0
36434,TVPRCVNKV,0.0
36435,CESNDMLSF,0.0
36436,VGAKWCNCD,0.0
36437,WLNLKEGQ,0.0
36438,EIHGWA,0.0
36439,KQDCFEHQDN,0.0
36440,VKKVNQDKQK,0.0
36441,SKRPK,0.0
36442,KDMIEDSAW,0.0
36443,MTREHCDGNT,0.0
36444,LNMGIN,0.0
36445,SLLIGCG,0.0
36446,LDPLG,0.0
36447,NDEMDV,0.0
36448,WNPDEL,0.0
36449,EMPFDHAGP,0.0
36450,HNPNVKCQA,0.0
36451,ISGRNTLKIE,0.0
36452,RKIKRNS,0.0
36453,RVEFYGES,0.0
36454,IDGIT,0.0
36455,RDGEG,0.0
36456,KRTAKI,0.0
36457,RPDLN,0.0
36458,NRDAMCWQV,0.0
36459,IHNVRHQKT,0.0
36460,IQEEFG,0.0
36461,LASCFTIQQ,0.0
36462,NFGFHPSQ,0.0
36463,AMDTIQVDA,0.0
36464,EQAVFNYLEG,0.0
36465,VTCRKG,0.0
36466,SMYRKSQY,0.0
36467,QWQMPPSIE,0.0
36468,AGGEGM,0.0
36469,GSTKHTDE,0.0
36470,IVDPSDKT,0.0
36471,GWPSHHEQ,0.0
36472,NYTVDA,0.0
36473,TQHAGP,0.0
36474,MSILHENEG,0.0
36475,QHQYCQTCTM,0.0
36476,RKCTNTC,0.0
36477,RARTNRYVG,0.0
36478,QKPMSRT,0.0
36479,GGPELSQDN,0.0
36480,EWRNRGN,0.0
36481,VWWCCGGTK,0.0
36482,FETRHQHH,0.0
36483,GLEWQRS,0.0
36484,GCVKITV,0.0
36485,DCNVVQIRM,0.0
36486,GVEKD,0.0
36487,AFSDST,0.0
36488,TMNQDS,0.0
36489,VPARKIS,0.0
36490,PEDVIVC,0.0
36491,YHDHHD,0.0
36492,GTDLI,0.0
36493,NLTKN,0.0
36494,CTQQTIC,0.0
36495,LLIGEDA,0.0
36496,RIGKIKWDM,0.0
36497,EIQDD,0.0
36498,AERSDV,0.0
36499,KKAIQWNE,0.0
36500,KTCKN,0.0
36501,FFDQEDDMN,0.0
36502,SLESVHENIR,0.0
36503,QAGWVCGLD,0.0
36504,QICRFQGNL,0.0
36505,GNSGNPAF,0.0
36506,NKESAPKHVR,0.0
36507,KQKPNES,0.0
36508,KSWYKK,0.0
36509,FMEATS,0.0
36510,NFRDDHPG,0.0
36511,QQKHEVL,0.0
36512,QERSFICRS,0.0
36513,AQDREHIP,0.0
36514,LADKS,0.0
36515,QHVDGIHLN,0.0
36516,ESYLQN,0.0
36517,IRLAI,0.0
36518,NIEQGQNSH,0.0
36519,TSGSPL,0.0
36520,IRNHHNNKGD,0.0
36521,PQIRM,0.0
36522,GMDSIECFG,0.0
36523,GDTVDTGMY,0.0
36524,CTEIIPC,0.0
36525,DWPTWGRRP,0.0
36526,NNQKCRCME,0.0
36527,HKNKWLCPT,0.0
36528,MAVRK,0.0
36529,FMGNVMPIKR,0.0
36530,TRPQHVGKAT,0.0
36531,DVTCTLVSEC,0.0
36532,QEVNHSWT,0.0
36533,FRWYQGKVQK,0.0
36534,QVTQTE,0.0
36535,GEVCWYELH,0.0
36536,HVTECCIRSA,0.0
36537,MGMFDPIV,0.0
36538,TCMLQ,0.0
36539,TQWRNK,0.0
36540,DHVYEKQDR,0.0
36541,ERSRVPVHM,0.0
36542,GNIFIAPSEA,0.0
36543,MPDIK,0.0
36544,HHVPKAMARR,0.0
36545,RNQDQEQGKW,0.0
36546,EFLVPE,0.0
36547,RRFPSGKC,0.0
36548,TNGNQ,0.0
36549,GMEPSCMSGC,0.0
36550,INSQTEPA,0.0
36551,QCRWISCR,0.0
36552,SEGDEGQWQ,0.0
36553,SMENVQIYG,0.0
36554,WNTSRTGMAA,0.0
36555,NIPAPCMCID,0.0
36556,LMSDGVLAC,0.0
36557,GGFRHR,0.0
36558,DICRE,0.0
36559,EDWMLSGLM,0.0
36560,EVRLGRTPT,0.0
36561,ALYKVK,0.0
36562,ESVEGAI,0.0
36563,NHYDAQTVV,0.0
36564,AAYAINNMG,0.0
36565,HQASK,0.0
36566,NDEEFN,0.0
36567,FQRFQLK,0.0
36568,IIPANECQP,0.0
36569,HIENIACPNM,0.0
36570,DTCAQC,0.0
36571,EPLHNFKE,0.0
36572,QIIRTPG,0.0
36573,IVMVPDMIQA,0.0
36574,FGCNAA,0.0
36575,EFAWTENR,0.0
36576,TPPHNHDE,0.0
36577,YCKVRNK,0.0
36578,RQALCTCP,0.0
36579,GECHTIC,0.0
36580,YEGWIEVFQ,0.0
36581,EVQRT,0.0
36582,RNHNRVVCE,0.0
36583,TRNQDYPMD,0.0
36584,GPLSKLE,0.0
36585,HMDLTGG,0.0
36586,IAAFMCNE,0.0
36587,AQGDCV,0.0
36588,HASACENRVH,0.0
36589,QDEESWQ,0.0
36590,ASTATVP,0.0
36591,DEKTMTGTI,0.0
36592,QVKYTADINP,0.0
36593,RNDQME,0.0
36594,MTEAKSNNYN,0.0
36595,WDSRMIDH,0.0
36596,AWSRLAPHS,0.0
36597,CDACL,0.0
36598,GNYQKNFGNM,0.0
36599,TEKINCLM,0.0
36600,PDEYE,0.0
36601,RLSKGQ,0.0
36602,RCIMLHGM,0.0
36603,KGMCQ,0.0
36604,DCDCH,0.0
36605,WCEIDRNV,0.0
36606,MSLIDDEQ,0.0
36607,KVNMRTPM,0.0
36608,NSDNLHVRGE,0.0
36609,LEQLMVHE,0.0
36610,YWNKEAED,0.0
36611,DVHMQLEYCG,0.0
36612,TDKGRPNLQ,0.0
36613,KCEPM,0.0
36614,LEKQM,0.0
36615,EGFMG,0.0
36616,MGEMFVNNH,0.0
36617,FSNINASCC,0.0
36618,NAHHVSMNT,0.0
36619,CWTREPPG,0.0
36620,CVWEEAKSKN,0.0
36621,KHRQK,0.0
36622,MGSRMP,0.0
36623,YKGENGM,0.0
36624,PHFCKNKA,0.0
36625,TTIQCEQ,0.0
36626,DINCEQPG,0.0
36627,GDRTR,0.0
36628,QKIVEMCN,0.0
36629,ETIGLNEYN,0.0
36630,DNDVQHCYY,0.0
36631,QTCEKYGT,0.0
36632,RNEGRDHKT,0.0
36633,HDMCEC,0.0
36634,HSRRFVRDW,0.0
36635,YVQNDSDL,0.0
36636,HRDFDA,0.0
36637,DAFYVPDCA,0.0
36638,WDDHN,0.0
36639,GENAGWEVTQ,0.0
36640,LTRKQ,0.0
36641,GAGWTEVG,0.0
36642,RGAHCEHAAM,0.0
36643,MADEWC,0.0
36644,SIHHGDGSV,0.0
36645,AIDYMMLAD,0.0
36646,HEMDL,0.0
36647,DEVIWA,0.0
36648,SCGKP,0.0
36649,NNLQKPCLA,0.0
36650,QRDIVIKI,0.0
36651,QSEMTI,0.0
36652,TDGEYRIE,0.0
36653,METES,0.0
36654,GCSAAS,0.0
36655,HIDEK,0.0
36656,GLKVNGRK,0.0
36657,NKVWCDTL,0.0
36658,AASLPHRPNQ,0.0
36659,EWQCWEMAH,0.0
36660,IPTRGHCDDE,0.0
36661,DYREVIPPT,0.0
36662,HMREQAEVGI,0.0
36663,VYADVVGFT,0.0
36664,ELQFVKEGMT,0.0
36665,LDPVC,0.0
36666,GLEMA,0.0
36667,WRRPTGNG,0.0
36668,HGREVYEAD,0.0
36669,MGEGGGNITV,0.0
36670,DDSVF,0.0
36671,RQDPR,0.0
36672,FIHDEVSIIG,0.0
36673,GALEL,0.0
36674,EDVPVHMF,0.0
36675,ASNLMGEGS,0.0
36676,EMQSRNE,0.0
36677,DYKRTS,0.0
36678,GEYFYFDDTV,0.0
36679,NRFRSAAP,0.0
36680,HAERGDM,0.0
36681,LNDPETKKED,0.0
36682,TVSEIMQ,0.0
36683,SQYKRKF,0.0
36684,KGQSQCQ,0.0
36685,SQHCRGDGAR,0.0
36686,PVIDRQCEFG,0.0
36687,WSNTLIKR,0.0
36688,EWCMMCEDGI,0.0
36689,TEQDT,0.0
36690,MWKRGNN,0.0
36691,ARNAWGWDR,0.0
36692,YSAWGPRLK,0.0
36693,NEACINKIK,0.0
36694,RGWGTMANC,0.0
36695,MDLVNQCH,0.0
36696,IMGLEG,0.0
36697,KYAIFKSYKK,0.0
36698,MKIMCPR,0.0
36699,IELQDWG,0.0
36700,KWFPKVER,0.0
36701,FMDDKSLCGG,0.0
36702,SNLATG,0.0
36703,HHHWPKRKGP,0.0
36704,PEPVSIKEG,0.0
36705,SLKTK,0.0
36706,GAASVCA,0.0
36707,VDDNYQEHQI,0.0
36708,RHVIKRTMS,0.0
36709,NPQSPALN,0.0
36710,YPSPPQKCPQ,0.0
36711,RSWVQEDANC,0.0
36712,MNVWNIVPA,0.0
36713,PEPRLGGP,0.0
36714,RINCE,0.0
36715,NNAIY,0.0
36716,GGRKDALGA,0.0
36717,DTEMH,0.0
36718,TQKSQKK,0.0
36719,HDIRPSKK,0.0
36720,DIRKFA,0.0
36721,CEPDHDKM,0.0
36722,HEERTGK,0.0
36723,EDYSRE,0.0
36724,REFVIEE,0.0
36725,KEPNKCVDKV,0.0
36726,SQSQGYRR,0.0
36727,IQSNQK,0.0
36728,TKEKT,0.0
36729,TEKCYCNMC,0.0
36730,DSGVAI,0.0
36731,VREKCV,0.0
36732,DPMVCKMI,0.0
36733,ILRQGEP,0.0
36734,DKGAGWHYE,0.0
36735,FKTKKI,0.0
36736,TYNEFPLEE,0.0
36737,GTKRDKC,0.0
36738,QGQIERH,0.0
36739,MLDNKQRWM,0.0
36740,EMFLE,0.0
36741,KDEGCIL,0.0
36742,DPVLLMS,0.0
36743,DEMSDGMK,0.0
36744,ATQSDP,0.0
36745,INQDM,0.0
36746,QMKAS,0.0
36747,RRAMTLHN,0.0
36748,TFNSDS,0.0
36749,ISNIE,0.0
36750,EMAEW,0.0
36751,TDNMI,0.0
36752,KRLYTTQ,0.0
36753,DMVLEMT,0.0
36754,RLTMFWPTR,0.0
36755,TKQAL,0.0
36756,DHVQVAAWI,0.0
36757,AQMCSGCSSL,0.0
36758,RSVIL,0.0
36759,LQNNMNR,0.0
36760,LRNNCVQP,0.0
36761,PSNIQIVI,0.0
36762,SSFKDIRDEN,0.0
36763,PSGSIWMRAE,0.0
36764,EPDDDMEPQH,0.0
36765,QNRGKH,0.0
36766,HNIMDSQQ,0.0
36767,SDSTRKKN,0.0
36768,GWHSKSIACQ,0.0
36769,YHITADGTK,0.0
36770,TTNEQ,0.0
36771,MDGGTM,0.0
36772,APHSTPPLGD,0.0
36773,PGGSCSMYKR,0.0
36774,FDKDC,0.0
36775,NSCQICPIE,0.0
36776,EKLLKPN,0.0
36777,MKDCTR,0.0
36778,LPNARVL,0.0
36779,MAGNMPS,0.0
36780,ASGNVSIS,0.0
36781,NGNFIGKVEP,0.0
36782,CAQAWET,0.0
36783,HFEHGKTKH,0.0
36784,GDEPH,0.0
36785,EAHRAPQEFC,0.0
36786,GPLEI,0.0
36787,SVFNWQKKSP,0.0
36788,ESDVVD,0.0
36789,MQCCRRW,0.0
36790,AQQIHT,0.0
36791,GGFIEG,0.0
36792,HGCDDQA,0.0
36793,IEAEDTWI,0.0
36794,GCEWVGN,0.0
36795,EHMGMGVAD,0.0
36796,PDPTDAIPV,0.0
36797,SMNDVQQL,0.0
36798,AMRYMG,0.0
36799,RVQDPQGIE,0.0
36800,NPNCSR,0.0
36801,VKNACFKS,0.0
36802,QQRAIFHVL,0.0
36803,AANKNQ,0.0
36804,KEKYVKVC,0.0
36805,NLMPPCVK,0.0
36806,CQGKSIMPPN,0.0
36807,KCLIQ,0.0
36808,QCGKIPVSS,0.0
36809,MEVIFMGNT,0.0
36810,IIQFQRQE,0.0
36811,NTRIVQS,0.0
36812,SEATQ,0.0
36813,HCDMGH,0.0
36814,IDEDKPC,0.0
36815,GSNPC,0.0
36816,TGCAQG,0.0
36817,FDPSE,0.0
36818,DFVSKPHG,0.0
36819,YGGAQT,0.0
36820,KQSIHKDQMK,0.0
36821,GGNMS,0.0
36822,SDHLKVLK,0.0
36823,KNAPKI,0.0
36824,ELGICQDDF,0.0
36825,ERQGESY,0.0
36826,RHNDGRHF,0.0
36827,RRTHCPQR,0.0
36828,AYSFCGHR,0.0
36829,GCKRKIAHHA,0.0
36830,THDRCVCA,0.0
36831,PGEVLD,0.0
36832,PSYNKQKH,0.0
36833,KLERIS,0.0
36834,AAVGQNDQKR,0.0
36835,MTQRNG,0.0
36836,PSCAKSAPDD,0.0
36837,RFRPKGDYI,0.0
36838,PEEMIK,0.0
36839,PCSERHTS,0.0
36840,QSRDR,0.0
36841,THVAGIDQTM,0.0
36842,RHKGMRCY,0.0
36843,AQSATRRCDV,0.0
36844,GEYPDSGE,0.0
36845,EGPSIGGNLM,0.0
36846,TQSAG,0.0
36847,THSRR,0.0
36848,WNNGLK,0.0
36849,LYWAIHTKRR,0.0
36850,NEEPRT,0.0
36851,DTNKPWRVKV,0.0
36852,YVGHPVQ,0.0
36853,SRCSK,0.0
36854,DTRPD,0.0
36855,EWHDDIK,0.0
36856,KVGTPDR,0.0
36857,PGEFPDPADM,0.0
36858,ICENSA,0.0
36859,QHHTKSN,0.0
36860,VEVLQI,0.0
36861,VEQGTFFQ,0.0
36862,CHCTPSGD,0.0
36863,PNAEMNCLIC,0.0
36864,WGLPQCR,0.0
36865,RIVDSKG,0.0
36866,MIRVDDM,0.0
36867,MRFRP,0.0
36868,PKVNC,0.0
36869,FGKNTHDTA,0.0
36870,MNTEDWN,0.0
36871,EDYGVDQCNW,0.0
36872,FDRRN,0.0
36873,CQEKDQ,0.0
36874,CMNPDLVTED,0.0
36875,KPTLISLEAD,0.0
36876,PCCEGK,0.0
36877,QRFSMWR,0.0
36878,MSSARDCQ,0.0
36879,VQDFEICE,0.0
36880,VSRDHDVDDK,0.0
36881,PTQTAQMC,0.0
36882,DSVDWGH,0.0
36883,GRIGC,0.0
36884,KSVRN,0.0
36885,TFIQMAVVRG,0.0
36886,IRKQLNMAWR,0.0
36887,MDIESQCHH,0.0
36888,AKCAV,0.0
36889,GEARCNHEI,0.0
36890,EDGDRVW,0.0
36891,AENMMKIIIA,0.0
36892,NQVSQVRE,0.0
36893,GQLHPFRPI,0.0
36894,AVKDFPPKE,0.0
36895,HPHTRGTTS,0.0
36896,DTLEEWE,0.0
36897,KSKWDYRT,0.0
36898,EHEEVQDPY,0.0
36899,GLMDTTHA,0.0
36900,NPIQDT,0.0
36901,THEEFNNEL,0.0
36902,VEGGLFNS,0.0
36903,HLGNLFAMA,0.0
36904,FNVKYDGDC,0.0
36905,PDWRGDQVK,0.0
36906,LRRNYE,0.0
36907,MNGQFRSRNQ,0.0
36908,RGQTRMQL,0.0
36909,SKMNSQ,0.0
36910,MNCRESLAAA,0.0
36911,AWARTGVKA,0.0
36912,GETHAM,0.0
36913,LEMVPD,0.0
36914,QMGMDRSDKC,0.0
36915,PHYHENWGD,0.0
36916,RQAMGPVCAL,0.0
36917,KHGSRQAN,0.0
36918,RQERKP,0.0
36919,NDVCVM,0.0
36920,DSLIA,0.0
36921,LTPTKAQLPC,0.0
36922,MAVRKAHDCA,0.0
36923,TCEIRNC,0.0
36924,GCHASPRM,0.0
36925,NDSNMSGP,0.0
36926,EYDCHQITSQ,0.0
36927,NSPTD,0.0
36928,VRGEAGRQW,0.0
36929,AVSLSSYQN,0.0
36930,SSIGVSII,0.0
36931,ATPPKE,0.0
36932,CSTPCGKH,0.0
36933,APGENK,0.0
36934,GITSRGTN,0.0
36935,SKPGCMTCA,0.0
36936,HRDIGHNMDC,0.0
36937,RRLSSPN,0.0
36938,KTNVCQS,0.0
36939,ATGQICHGK,0.0
36940,CEHIEKNQ,0.0
36941,HLTVDAKAD,0.0
36942,SQSGER,0.0
36943,CTRGM,0.0
36944,RLMDKIRC,0.0
36945,EMLSK,0.0
36946,DVFGGNP,0.0
36947,YQMVTPVMKE,0.0
36948,IGNPYDGVQI,0.0
36949,KSQTMVRH,0.0
36950,KSYRDACTD,0.0
36951,INPGWNMD,0.0
36952,QACTT,0.0
36953,ENIPRVVMHA,0.0
36954,PDLICEMVC,0.0
36955,LQCDWEH,0.0
36956,FTDATP,0.0
36957,NARDSGTE,0.0
36958,NRKITEK,0.0
36959,KEKDALC,0.0
36960,IGFDNA,0.0
36961,MDRHTRDPQ,0.0
36962,YNGILKGMCQ,0.0
36963,NTTAQCYKGE,0.0
36964,RYRQAH,0.0
36965,RGCRGRM,0.0
36966,IADMQHHAVG,0.0
36967,ELGFLGWLNQ,0.0
36968,SGPQVIRKSG,0.0
36969,NALSKPTVT,0.0
36970,KEAAMADQ,0.0
36971,EEEWS,0.0
36972,FNDFEVL,0.0
36973,HENMQTII,0.0
36974,HKRKGYALM,0.0
36975,LNETILCT,0.0
36976,NSVRTP,0.0
36977,GSSNIKAWN,0.0
36978,IGLGRSS,0.0
36979,TSIMNSVR,0.0
36980,QVAKPPSFM,0.0
36981,CSLCPTGC,0.0
36982,CFQCNHSNL,0.0
36983,QEHNIDMR,0.0
36984,GVGKKIRR,0.0
36985,DGTWGKAGV,0.0
36986,VKPCIDD,0.0
36987,KWKFRQKI,0.0
36988,RNEDTIRW,0.0
36989,FFELKRQ,0.0
36990,ITEIG,0.0
36991,KICTDMTSA,0.0
36992,DMGVRKWK,0.0
36993,TFNIKN,0.0
36994,NDNHRCPALM,0.0
36995,KVTLIA,0.0
36996,QQAEDVYGLK,0.0
36997,CTEPHHQGI,0.0
36998,PNLADKDTAK,0.0
36999,YAECCQ,0.0
37000,CNRVGAFE,0.0
37001,FCHHGFCDQD,0.0
37002,TTMNHQSA,0.0
37003,KWWRKCLNV,0.0
37004,ECLRDQKTA,0.0
37005,FCQEDTAPM,0.0
37006,YIVDLMGE,0.0
37007,NCCSEQI,0.0
37008,RSSNMIRS,0.0
37009,VTQIKREH,0.0
37010,DRLYKK,0.0
37011,TFGFEEGGT,0.0
37012,IQDSNH,0.0
37013,LSGMVFDVD,0.0
37014,MFKQKMM,0.0
37015,VVSFAMDDSR,0.0
37016,HAIWKLR,0.0
37017,NEETMIR,0.0
37018,EDMYGEDYN,0.0
37019,LLCGCGK,0.0
37020,FVQDEV,0.0
37021,ETPHPQY,0.0
37022,IQGME,0.0
37023,NRNGR,0.0
37024,LAVPCFADD,0.0
37025,GDCMLQLTN,0.0
37026,QKVCS,0.0
37027,IEHGNRMM,0.0
37028,RPRRPKSVH,0.0
37029,EDQIL,0.0
37030,CQDWDMK,0.0
37031,KTCED,0.0
37032,RCKKD,0.0
37033,NVKPP,0.0
37034,IAQNVKTRRE,0.0
37035,NDSGPPR,0.0
37036,GEGSLS,0.0
37037,TTKMIERD,0.0
37038,YNIQDD,0.0
37039,NNDYC,0.0
37040,LNRVLE,0.0
37041,ADCGAFK,0.0
37042,NRDQKIS,0.0
37043,YENKGHP,0.0
37044,KRDEGKPNTN,0.0
37045,RVDCLRAGSQ,0.0
37046,ECPWQGIC,0.0
37047,ATSSN,0.0
37048,MEDGR,0.0
37049,ATHMQTK,0.0
37050,GFGQVTVMQ,0.0
37051,CQILNRRP,0.0
37052,NQKFLTNGDE,0.0
37053,LMDKKPSLQ,0.0
37054,HCERVHKKW,0.0
37055,YELQCH,0.0
37056,PCKKIRCCW,0.0
37057,ECSSGVDFTD,0.0
37058,DKIDQPEN,0.0
37059,SMLERCVGMQ,0.0
37060,LKMDTKNPE,0.0
37061,CVPTDLVGEK,0.0
37062,VDPLNDIHL,0.0
37063,MGARRM,0.0
37064,NVNYDPS,0.0
37065,GLCSRAAMT,0.0
37066,KHKTYRCVA,0.0
37067,GNCAVT,0.0
37068,KMVKTTT,0.0
37069,FMRKQ,0.0
37070,PQRNVDNN,0.0
37071,AILDFE,0.0
37072,DQPHKNG,0.0
37073,RHHSQAEVTI,0.0
37074,RKLVSC,0.0
37075,QQEVFS,0.0
37076,DQYSGRGL,0.0
37077,DDNHNY,0.0
37078,KMGVCA,0.0
37079,DRELA,0.0
37080,VLYVEQPISD,0.0
37081,PNCCN,0.0
37082,CIGMMWDAQ,0.0
37083,FKNYQHKQ,0.0
37084,KDKGGQAEI,0.0
37085,AERNQMFNM,0.0
37086,GQDESVGE,0.0
37087,VAFNTIRIRT,0.0
37088,RNMVGRDD,0.0
37089,NCIMHPKNQ,0.0
37090,MHSRNR,0.0
37091,RGLKGYPGP,0.0
37092,NQHGKN,0.0
37093,CPITKSPG,0.0
37094,QQDKSMT,0.0
37095,PAWKEPKN,0.0
37096,WVIHDRNR,0.0
37097,PMIECQQCE,0.0
37098,MEMQGSEYRN,0.0
37099,FEPYDLTSME,0.0
37100,CDPPRLISRL,0.0
37101,PFSSVGSQ,0.0
37102,NDCPFPNM,0.0
37103,SRTSCICIMA,0.0
37104,QDIRWKDE,0.0
37105,AHEFVKKLK,0.0
37106,RNDDIN,0.0
37107,DTWQLQ,0.0
37108,RRMCNTS,0.0
37109,AGGDKS,0.0
37110,DLVIMCFTGA,0.0
37111,DAAFGRTMDE,0.0
37112,ASEDVGNHRM,0.0
37113,LMSVAG,0.0
37114,WTNFVPSAEC,0.0
37115,YHRDSD,0.0
37116,DVIEK,0.0
37117,ANTKHNG,0.0
37118,NQHQNIKH,0.0
37119,MCSHENTQVT,0.0
37120,GWDKPQNIDA,0.0
37121,NYERRF,0.0
37122,GERRRC,0.0
37123,PRDFAQQALS,0.0
37124,NQMDF,0.0
37125,VVKFINR,0.0
37126,FECSLNMT,0.0
37127,KAGWRFDDQ,0.0
37128,GKRAD,0.0
37129,MWRMRR,0.0
37130,CSGAE,0.0
37131,GMRARLR,0.0
37132,NQCKS,0.0
37133,VMDKVIQ,0.0
37134,MSQSKNAW,0.0
37135,LQKQSLT,0.0
37136,WHNDQEMD,0.0
37137,FEDSA,0.0
37138,INDPTVMQY,0.0
37139,SRLKPD,0.0
37140,HRKYRISHKQ,0.0
37141,KNLDLMN,0.0
37142,GIRYMISLGD,0.0
37143,VWKWREMQN,0.0
37144,PCLQA,0.0
37145,KEFERCSMR,0.0
37146,CNPQTKVC,0.0
37147,DKQEVWVWRE,0.0
37148,SATMKRIFI,0.0
37149,ALIQQLPVV,0.0
37150,SIDVPK,0.0
37151,IQLGEFVA,0.0
37152,TTELAKTS,0.0
37153,YHNGREK,0.0
37154,MSNREMKLLI,0.0
37155,HSNYDAE,0.0
37156,QGLVDDE,0.0
37157,KNWRKHR,0.0
37158,SAAEK,0.0
37159,DAGCEF,0.0
37160,SGESDICYC,0.0
37161,EVATVRLIDI,0.0
37162,MGMLD,0.0
37163,SYDWRLRDQ,0.0
37164,ADTHFE,0.0
37165,DVQVYRN,0.0
37166,RTPLEADDA,0.0
37167,CCDTAIHCL,0.0
37168,WRNRNSI,0.0
37169,KMDRLKY,0.0
37170,PYGRMLLQ,0.0
37171,SRMVYRVNA,0.0
37172,ADQVETY,0.0
37173,ANYVPSINN,0.0
37174,GIQMIMDY,0.0
37175,CSLEMTLG,0.0
37176,NVSYND,0.0
37177,AGNDVNY,0.0
37178,WAYMKKNRAV,0.0
37179,GLVQTKD,0.0
37180,QPCMDC,0.0
37181,HNTDVI,0.0
37182,DPLSQPLHAC,0.0
37183,EVLKKHR,0.0
37184,TSGGYKVR,0.0
37185,NIVDMSISKT,0.0
37186,PKRIELGTQ,0.0
37187,RTGVRQVM,0.0
37188,LYDDDFVNA,0.0
37189,MSEPEPNCK,0.0
37190,ALLELTT,0.0
37191,CASCMHQIPT,0.0
37192,HAGMYRLVQ,0.0
37193,VGMEI,0.0
37194,MCQGMNKVHR,0.0
37195,LDIEL,0.0
37196,ECASRLGN,0.0
37197,MAQTMTE,0.0
37198,GEELELM,0.0
37199,TADTSPND,0.0
37200,LTPITNRA,0.0
37201,DVNITSGL,0.0
37202,SFETGLQIV,0.0
37203,CQNVEACGFG,0.0
37204,NICMEKAEVG,0.0
37205,QDPTTVQC,0.0
37206,SFIDDCMKS,0.0
37207,RGKKDHNTMD,0.0
37208,HEEEDAYW,0.0
37209,GDLTRHII,0.0
37210,TDHSNKE,0.0
37211,QRDPYEKYD,0.0
37212,ENISRCMLA,0.0
37213,QQTILV,0.0
37214,WMSQSENSDL,0.0
37215,RMRTYQCGNC,0.0
37216,FRHRNYACR,0.0
37217,LMSKQAE,0.0
37218,EQNEDLNP,0.0
37219,EWGESTFHA,0.0
37220,DRDQA,0.0
37221,EHSPEMVYKE,0.0
37222,CGKGAGTRP,0.0
37223,QTSEPLARS,0.0
37224,AKQMHS,0.0
37225,KGPDSCQMGQ,0.0
37226,GEMDQ,0.0
37227,GSKLDN,0.0
37228,EPTMHAR,0.0
37229,GTQAIGTEHR,0.0
37230,VDDRPR,0.0
37231,AKGFQ,0.0
37232,PVLAVCEL,0.0
37233,TALDNM,0.0
37234,EVSHAKKPN,0.0
37235,PPAAQS,0.0
37236,AQFHIVNTM,0.0
37237,YKNDRDRTV,0.0
37238,IICDQEIYH,0.0
37239,EVNLHQT,0.0
37240,PMEPIDCGL,0.0
37241,LEYAIQS,0.0
37242,QEWGRRKEV,0.0
37243,CAQGTQVLDL,0.0
37244,NRLLQVKC,0.0
37245,EIRMR,0.0
37246,IKAMWCTKK,0.0
37247,GRGETVE,0.0
37248,MWNDVEQ,0.0
37249,AITYGDVEL,0.0
37250,RTDTSMQS,0.0
37251,SEVAL,0.0
37252,RPMAEP,0.0
37253,SFVITQAG,0.0
37254,IIVGECPS,0.0
37255,QMIYSDKNK,0.0
37256,KQHQQ,0.0
37257,DFGTND,0.0
37258,DDGAFVDQP,0.0
37259,ADNSLHVVE,0.0
37260,ADVRSNSVN,0.0
37261,QAFKYECES,0.0
37262,EHTFFCLQN,0.0
37263,VWEKCDDKNC,0.0
37264,AYVMAKDVQ,0.0
37265,ANNEAV,0.0
37266,NPENVIL,0.0
37267,VRQIQMSD,0.0
37268,HDRMEPI,0.0
37269,CCDVNDAGC,0.0
37270,NHLDVCQ,0.0
37271,TQIDGDVD,0.0
37272,KEAENN,0.0
37273,PDPFQLRE,0.0
37274,FEGGTGHKKE,0.0
37275,IEWLPER,0.0
37276,MAYVRK,0.0
37277,CRKCEDHKG,0.0
37278,NPVSWIDCQS,0.0
37279,QRIDSTMLE,0.0
37280,YMSICEIGN,0.0
37281,LRRAAQLRH,0.0
37282,RCHTREC,0.0
37283,VAQNLN,0.0
37284,YKMRCQ,0.0
37285,IQVDPYG,0.0
37286,DCQHQIK,0.0
37287,TSGEQTW,0.0
37288,RTDQA,0.0
37289,WSEHNA,0.0
37290,KGIPAEPP,0.0
37291,AKLDRSKTH,0.0
37292,QRLCCKLRMS,0.0
37293,PSISAPEM,0.0
37294,GLRWRKRN,0.0
37295,KQADNDFHEG,0.0
37296,NQHTICKQIQ,0.0
37297,NEWGREN,0.0
37298,EYYWHIVVQ,0.0
37299,SRDRYERE,0.0
37300,DYQENNS,0.0
37301,VNDEELWI,0.0
37302,VRARP,0.0
37303,PKSMCQD,0.0
37304,GFQKPPA,0.0
37305,MGELL,0.0
37306,KDHPCKDVQ,0.0
37307,TNVNCT,0.0
37308,FQTVRTQIG,0.0
37309,IYHQGQPER,0.0
37310,NCTMEHEEDS,0.0
37311,QPDGKD,0.0
37312,EQCCPSPE,0.0
37313,VNTEDYEWCL,0.0
37314,NMKESEGT,0.0
37315,KANEWTVVR,0.0
37316,VITGN,0.0
37317,VHQYNID,0.0
37318,ITWAEFSESD,0.0
37319,FSYCQHND,0.0
37320,CYDGFQLVPE,0.0
37321,NIMFRHSQ,0.0
37322,RMLYR,0.0
37323,SLQPEPR,0.0
37324,HVTQFIKTAR,0.0
37325,MKGGMLAI,0.0
37326,INGRRC,0.0
37327,EERYCVGGQL,0.0
37328,ADHGWQ,0.0
37329,MPICMDS,0.0
37330,GKTSLNQLF,0.0
37331,IGKNAHFDA,0.0
37332,KSEQISC,0.0
37333,HGSDTI,0.0
37334,MFKNQRN,0.0
37335,YQLCLTYCE,0.0
37336,ASTLTGM,0.0
37337,DMQQGF,0.0
37338,RFRSR,0.0
37339,IATDG,0.0
37340,SVIEMI,0.0
37341,GQHCNMSG,0.0
37342,TALCPVNDY,0.0
37343,LVNDA,0.0
37344,EELEPYNW,0.0
37345,YMAAAAKQD,0.0
37346,GQQSDY,0.0
37347,NQMMQC,0.0
37348,YKRDCK,0.0
37349,MCTRLE,0.0
37350,ENCEKDFT,0.0
37351,IRMKGFS,0.0
37352,SKAKCNC,0.0
37353,LRQAMRML,0.0
37354,KVMIAG,0.0
37355,AIPMMEKNDE,0.0
37356,SACGG,0.0
37357,VACKTIA,0.0
37358,LKLKV,0.0
37359,RMEDMQGD,0.0
37360,LQRQMPSPK,0.0
37361,LQRNQ,0.0
37362,TCFGHLNECS,0.0
37363,RNGMVMG,0.0
37364,VRIHPTQRG,0.0
37365,PPEPYDNPVG,0.0
37366,CEHDR,0.0
37367,ARAEIWIV,0.0
37368,GEIENAFPCY,0.0
37369,QMMEKD,0.0
37370,LKKDQPG,0.0
37371,IWIRQKKWT,0.0
37372,PSVFQAED,0.0
37373,EIICLENY,0.0
37374,CLINKDTK,0.0
37375,HENNPYEDRH,0.0
37376,FMPCLNLRR,0.0
37377,MDEQA,0.0
37378,QITSQ,0.0
37379,AHTELP,0.0
37380,RMRKWAPTQ,0.0
37381,EQPHPS,0.0
37382,DLSEV,0.0
37383,DDFRVDG,0.0
37384,YADSADEVE,0.0
37385,KGDEQAYEVW,0.0
37386,SAIDC,0.0
37387,DIELNPK,0.0
37388,VELHRRTHM,0.0
37389,FDHAKQRKW,0.0
37390,GHCNEC,0.0
37391,TVCMAQ,0.0
37392,CICFNED,0.0
37393,TLVRMAC,0.0
37394,AARMQMDRNP,0.0
37395,VIQGLWKR,0.0
37396,HDGPRK,0.0
37397,KCALGVDM,0.0
37398,GMCTTNFKM,0.0
37399,NVEVHCD,0.0
37400,DILNMHGPG,0.0
37401,HARWREGNM,0.0
37402,EEWGGQH,0.0
37403,VDSEYTG,0.0
37404,KRDIVSCD,0.0
37405,HHNGTWSVAS,0.0
37406,PSVVVRIGM,0.0
37407,HYVDEQ,0.0
37408,ELTNC,0.0
37409,FGDIQFAIP,0.0
37410,LNECS,0.0
37411,KMSWNRWPA,0.0
37412,QHDSGPEH,0.0
37413,NYDMMDH,0.0
37414,NRVASHIDQV,0.0
37415,NKSEDCD,0.0
37416,EWFENRTFNG,0.0
37417,SMTSKSQV,0.0
37418,FRCLGPKK,0.0
37419,AYKRFMSVY,0.0
37420,FAEGIPM,0.0
37421,AQVNDD,0.0
37422,EQRYQ,0.0
37423,CGTIRCKSW,0.0
37424,AQMLVAPLN,0.0
37425,WEVQPITPG,0.0
37426,GRSAL,0.0
37427,QDSQRLSH,0.0
37428,WVRQDQKHH,0.0
37429,HNGKGQW,0.0
37430,LDVEVENMH,0.0
37431,NQTPWRGN,0.0
37432,HEAGTIFQ,0.0
37433,HRKIFACQ,0.0
37434,VKRSHMSNF,0.0
37435,RKVQGW,0.0
37436,EDWQWSFTCA,0.0
37437,MNFKHDEV,0.0
37438,NAQGK,0.0
37439,IENLQYRYA,0.0
37440,SLCARVANTR,0.0
37441,TQMLN,0.0
37442,LENNRCLAAV,0.0
37443,MHSEYPSQTQ,0.0
37444,ANRQNRRYH,0.0
37445,FLPDEHQ,0.0
37446,GMMGLKPS,0.0
37447,CLKTVQ,0.0
37448,LWSDMAVEQ,0.0
37449,CAIKETHGCD,0.0
37450,VQCRDFQC,0.0
37451,LNPVFQMCR,0.0
37452,TEAETSEKRV,0.0
37453,RATKCMG,0.0
37454,WLREQNM,0.0
37455,SNSSDFEE,0.0
37456,VTMAN,0.0
37457,LDDLAIRT,0.0
37458,MSETWDN,0.0
37459,WVNAHKENE,0.0
37460,VDSYGDLTIN,0.0
37461,SFFRRAKRLT,0.0
37462,AHHVCRMCK,0.0
37463,IGTCERDNHQ,0.0
37464,SGRKQKGCG,0.0
37465,ECATHAIVW,0.0
37466,KGSER,0.0
37467,QSGSNIR,0.0
37468,DFSEDAT,0.0
37469,IPRNDER,0.0
37470,AEGFDIYDC,0.0
37471,PERMIELD,0.0
37472,DCMETN,0.0
37473,RNGAMGNGQ,0.0
37474,ISNGFQ,0.0
37475,TNFEPEA,0.0
37476,IRHEQWGKK,0.0
37477,CSSELIQYR,0.0
37478,NLQDQDKAVE,0.0
37479,HYTQEHLSY,0.0
37480,MPRAHDKC,0.0
37481,PFMDHNPTR,0.0
37482,RDGNRFMHW,0.0
37483,RVISKTC,0.0
37484,SWEEIGKLL,0.0
37485,ETERR,0.0
37486,QDSKR,0.0
37487,LCNGCEDKVN,0.0
37488,DFGRENK,0.0
37489,AAFEYSSWH,0.0
37490,TEQVI,0.0
37491,TQTFCNQC,0.0
37492,CGRPDKMKGQ,0.0
37493,NHALKM,0.0
37494,LDDITHRCHE,0.0
37495,NFSYKLDRGQ,0.0
37496,AEDYIEKAI,0.0
37497,MNYDKWQRQ,0.0
37498,GHAEIDSFPV,0.0
37499,MLLARL,0.0
37500,PKAGNPDG,0.0
37501,VWADKKRIH,0.0
37502,KADVLTEEKQ,0.0
37503,GCDFNRSD,0.0
37504,RNHKVHGC,0.0
37505,DMLKGDL,0.0
37506,TAENEGFDG,0.0
37507,SLCTSPN,0.0
37508,FNNAELML,0.0
37509,ETHGMMYQD,0.0
37510,NRTCIRNK,0.0
37511,NIKGNMKAAC,0.0
37512,MMNGV,0.0
37513,GMRDRM,0.0
37514,MDCKPSK,0.0
37515,MACQHIVR,0.0
37516,DRMPEKK,0.0
37517,LHDGEGDGMW,0.0
37518,HTTCQEQ,0.0
37519,KVFNRMG,0.0
37520,LDKRRCL,0.0
37521,GIKMT,0.0
37522,PFDERPV,0.0
37523,ACLDHA,0.0
37524,NRQYCHQSE,0.0
37525,EWENSNVV,0.0
37526,CETDVRAMK,0.0
37527,ETPFVGLI,0.0
37528,FNLENP,0.0
37529,KTKPAPACGM,0.0
37530,LLVQD,0.0
37531,EQHQCSR,0.0
37532,HRAQM,0.0
37533,IQCSNN,0.0
37534,TEQPKQY,0.0
37535,EQYYFHCE,0.0
37536,RIDAMCCQIK,0.0
37537,IDILEDW,0.0
37538,MFSKALN,0.0
37539,GFIEQ,0.0
37540,DITFHRSG,0.0
37541,RDWLPDGIG,0.0
37542,PPDQEWY,0.0
37543,NSNPKPPHS,0.0
37544,RAWMIRQLQ,0.0
37545,DFPNQHNR,0.0
37546,EMPSDRNDE,0.0
37547,TTGHKQA,0.0
37548,AWWSNTVRR,0.0
37549,VCCNTEN,0.0
37550,CEKEQITE,0.0
37551,RGGMDIPR,0.0
37552,EYTEVPFD,0.0
37553,NKNITHG,0.0
37554,AVKKQP,0.0
37555,QTGSYGFIRN,0.0
37556,VPQAGGYG,0.0
37557,LCCERMVKE,0.0
37558,QASTRI,0.0
37559,TKDNCMGH,0.0
37560,CRQMNKAEIV,0.0
37561,NWTFDAG,0.0
37562,CAKDCC,0.0
37563,FMGCEKVQ,0.0
37564,VGLDK,0.0
37565,PVDGGM,0.0
37566,TDHGWVFRE,0.0
37567,SPMRT,0.0
37568,RNDCCGNP,0.0
37569,MIKRDYFRK,0.0
37570,EFGCG,0.0
37571,KKNWCARVK,0.0
37572,DLPIQNFE,0.0
37573,NSCIKDSL,0.0
37574,MGQHIN,0.0
37575,NTNKHCAM,0.0
37576,KIRYNGP,0.0
37577,QLEKKEVM,0.0
37578,SRNNNDWGH,0.0
37579,KGEKR,0.0
37580,HHDTAEEIG,0.0
37581,VSDAI,0.0
37582,WESEV,0.0
37583,YPHRKA,0.0
37584,HHHDGLG,0.0
37585,ERVMLIKV,0.0
37586,PGEGSVVA,0.0
37587,KDYVCTKSN,0.0
37588,FVKPAEADS,0.0
37589,ACGTLL,0.0
37590,RGGDLRFC,0.0
37591,PESTHTGDC,0.0
37592,LNGKLYDG,0.0
37593,APLVSCTDA,0.0
37594,ETWSKIAEEM,0.0
37595,LEVWDIII,0.0
37596,EGDEAGI,0.0
37597,SAPPNSNE,0.0
37598,EEVGDIK,0.0
37599,EWEASVID,0.0
37600,ECDKP,0.0
37601,RMAMYNRD,0.0
37602,YPDPVGT,0.0
37603,NWIEMLERE,0.0
37604,MNTRGTKL,0.0
37605,QDNQGEK,0.0
37606,VNEVQ,0.0
37607,IDVCLNGHGR,0.0
37608,KHTMAHHR,0.0
37609,MPKQR,0.0
37610,FMETTIHPD,0.0
37611,HSRAN,0.0
37612,YNESDC,0.0
37613,SGRRMCL,0.0
37614,GTQDWEVTAS,0.0
37615,RRFNTMSQD,0.0
37616,TQCDK,0.0
37617,FSDDRQACK,0.0
37618,CVRTDSTF,0.0
37619,CNNWSMST,0.0
37620,ETDFPSSS,0.0
37621,RRTKMHELG,0.0
37622,KVKYKINCLR,0.0
37623,WEDGVLV,0.0
37624,NQPSDMNCVL,0.0
37625,DKEYCCSKMK,0.0
37626,PHRKQRP,0.0
37627,DEEDC,0.0
37628,LPTTPRD,0.0
37629,CDVDVTH,0.0
37630,ENETGRQH,0.0
37631,SGLNRIEV,0.0
37632,AWHMVTNID,0.0
37633,RQALHFQCS,0.0
37634,ENKAWYMTEM,0.0
37635,EQGWGN,0.0
37636,VPVGRG,0.0
37637,GIEWQ,0.0
37638,MDEYPCVV,0.0
37639,TIAQDNV,0.0
37640,EEKQSPGSFD,0.0
37641,MWGDQ,0.0
37642,MVNMLTSNP,0.0
37643,DINYRNSD,0.0
37644,RNFGWNNE,0.0
37645,DWCNQCTA,0.0
37646,GNDGDN,0.0
37647,TTSRLCR,0.0
37648,EEMRDGPNIP,0.0
37649,RSRNCAFSQ,0.0
37650,RQCNSDYG,0.0
37651,EYVYKNSIK,0.0
37652,QQKWVVCD,0.0
37653,DQRIHRQADE,0.0
37654,KKGAQLRDSH,0.0
37655,QQNMISV,0.0
37656,KVPMR,0.0
37657,DEDALFNDTY,0.0
37658,IESGGS,0.0
37659,RCGRTVANEA,0.0
37660,VTSKG,0.0
37661,SCSFVPSNF,0.0
37662,NVAKLENDI,0.0
37663,RLRRLFSQ,0.0
37664,NVGNR,0.0
37665,WSSTEVANH,0.0
37666,FADNG,0.0
37667,AWEGMEVHHD,0.0
37668,AYCESEHIK,0.0
37669,RAHDEEQL,0.0
37670,FMPRQLVRQ,0.0
37671,QCQVRAPPLD,0.0
37672,NDSHEMI,0.0
37673,QKPPDIGAS,0.0
37674,IGVPSQCD,0.0
37675,NALEAQSW,0.0
37676,YEHERIQE,0.0
37677,SVVYRFKDRE,0.0
37678,GLKMTEAGEL,0.0
37679,ALQKMC,0.0
37680,AMHAQDYV,0.0
37681,EPPKEMPL,0.0
37682,NQEWGPLM,0.0
37683,GRDTEQACGM,0.0
37684,SAVSEDKYC,0.0
37685,MSRTDVNTN,0.0
37686,HFRAQVRTSE,0.0
37687,PAEDFEGLV,0.0
37688,GDNGEE,0.0
37689,KMEIMFIDN,0.0
37690,HWEAISERT,0.0
37691,NILDIPMDN,0.0
37692,HRSVMKGAYP,0.0
37693,MDCANSKLG,0.0
37694,LQNGWRS,0.0
37695,LGKRQE,0.0
37696,NMMHLLQPT,0.0
37697,KDWKTSSK,0.0
37698,SNTRKVS,0.0
37699,KVEQAYSAM,0.0
37700,RICKGWMAAR,0.0
37701,HEPCFDSN,0.0
37702,YAEPPA,0.0
37703,YEQML,0.0
37704,QGSSGPKRM,0.0
37705,DHDMFLGAQC,0.0
37706,EWETNSGC,0.0
37707,QAGCQFDQW,0.0
37708,KNLDGQVN,0.0
37709,VFVEEQMT,0.0
37710,AGSNLHRSYE,0.0
37711,KKEHHATMMK,0.0
37712,PNGNE,0.0
37713,YDWDEHQMA,0.0
37714,INTRLKK,0.0
37715,MCSHNNE,0.0
37716,AQSEARADW,0.0
37717,DIDHEM,0.0
37718,ANYGKI,0.0
37719,DDCFNT,0.0
37720,QDTNKGFC,0.0
37721,SNGAA,0.0
37722,GPSQNQLAE,0.0
37723,DEYCEW,0.0
37724,HPVRIKQGE,0.0
37725,HHVDET,0.0
37726,DMMHGGR,0.0
37727,KIFAAMTQN,0.0
37728,WDVDMDGL,0.0
37729,CQGKLKG,0.0
37730,MAHPCMNQNA,0.0
37731,NYGQSMLST,0.0
37732,EGPDAD,0.0
37733,LRSMKR,0.0
37734,ACDMM,0.0
37735,DKERM,0.0
37736,FKPREHNV,0.0
37737,QQLNEPIR,0.0
37738,SDLTPGC,0.0
37739,MVGTYKANQ,0.0
37740,HHKVTQSHT,0.0
37741,HSRQDMLDK,0.0
37742,QLIFNQSKCK,0.0
37743,ADSSSAQT,0.0
37744,MRHQAQ,0.0
37745,KEDQWMLSY,0.0
37746,SSGAHERCV,0.0
37747,TVKDATKP,0.0
37748,CDLVMHEDV,0.0
37749,DAERLEEPG,0.0
37750,GAQVVMTEDS,0.0
37751,KYKLIQ,0.0
37752,QNWEYMGNT,0.0
37753,EVRLVIEFC,0.0
37754,PHWDEN,0.0
37755,EALSE,0.0
37756,DNNHRP,0.0
37757,VTEPD,0.0
37758,CLVNQDGFC,0.0
37759,CMELPWDNGA,0.0
37760,NYARYG,0.0
37761,EPNQYLMDK,0.0
37762,DILATGD,0.0
37763,TFFCEGE,0.0
37764,SRPKHPPP,0.0
37765,CQAQTMM,0.0
37766,TEAET,0.0
37767,DQQKQ,0.0
37768,VIKMMNDQ,0.0
37769,RASDAVSRA,0.0
37770,GFTRVNT,0.0
37771,MDQESRR,0.0
37772,LDQGKAEG,0.0
37773,PQDQA,0.0
37774,CSNTSHTYS,0.0
37775,DCNEW,0.0
37776,TNQKGEKS,0.0
37777,GSHKDRIWA,0.0
37778,DKDNERINRL,0.0
37779,YQQPV,0.0
37780,RTEDATDGKK,0.0
37781,GATPR,0.0
37782,KKRSRHCH,0.0
37783,LAEGRE,0.0
37784,NQPKEPIYAE,0.0
37785,KQARDA,0.0
37786,RVEQPLM,0.0
37787,TMYKTRMQLK,0.0
37788,SPSKDPQ,0.0
37789,QKQNAKQIWN,0.0
37790,NEMHQAIRD,0.0
37791,EDMHGME,0.0
37792,GHSNVA,0.0
37793,IEEGVNHDRC,0.0
37794,IRNTG,0.0
37795,QTEDS,0.0
37796,SNADDECQ,0.0
37797,VITPKLQ,0.0
37798,DWNLDND,0.0
37799,TEDKNYTMNP,0.0
37800,GEMCGKV,0.0
37801,GGLTV,0.0
37802,PNECHC,0.0
37803,NTCLSDCF,0.0
37804,HSEVEIVP,0.0
37805,HDQNG,0.0
37806,GTYLMQSR,0.0
37807,CKKMVE,0.0
37808,DTGFL,0.0
37809,RIKPAK,0.0
37810,QISINLD,0.0
37811,MISGNQQGD,0.0
37812,SEFHDDC,0.0
37813,SITIKCK,0.0
37814,LYDHEACWEA,0.0
37815,INESL,0.0
37816,FITEFQLN,0.0
37817,VHTWDFNAM,0.0
37818,QMRIFKMG,0.0
37819,WLWCFDEGG,0.0
37820,NYGGMLNMP,0.0
37821,RGKEWK,0.0
37822,GRHLWQFQIN,0.0
37823,YKQLNQ,0.0
37824,VKATP,0.0
37825,HCNNRQAW,0.0
37826,YSRGNMNRK,0.0
37827,ITMPKGRQP,0.0
37828,HQPQDK,0.0
37829,DPKCQCE,0.0
37830,SMKPIQNHC,0.0
37831,DIRMR,0.0
37832,QMRLTQ,0.0
37833,AMGMVG,0.0
37834,CQTSCTR,0.0
37835,VQPKSKKL,0.0
37836,TGVEKPIFIR,0.0
37837,THNLDTQVQ,0.0
37838,RQSMIVM,0.0
37839,GIYAGVTAEM,0.0
37840,NTNYTHE,0.0
37841,KKNRYIQGM,0.0
37842,QRSMKIM,0.0
37843,EKMDAIRV,0.0
37844,KVPGCMN,0.0
37845,WNKQGR,0.0
37846,YDLQP,0.0
37847,DIECTDSTW,0.0
37848,GRSHPKNK,0.0
37849,GNIKLEEH,0.0
37850,HNHIHNVA,0.0
37851,MFLKNGR,0.0
37852,PQINAQ,0.0
37853,EDDLIQMI,0.0
37854,MTRMG,0.0
37855,YLCTGTNKR,0.0
37856,ANNLPLEIS,0.0
37857,EFAYN,0.0
37858,NACNCRQREQ,0.0
37859,ITNNC,0.0
37860,DDFQD,0.0
37861,GEGRIG,0.0
37862,CHCSTEM,0.0
37863,DQEFPPCYER,0.0
37864,GLRPI,0.0
37865,GKDDHSAGE,0.0
37866,HYDSND,0.0
37867,QIVLMVSKM,0.0
37868,ESCGHMPT,0.0
37869,KEYVEMVQ,0.0
37870,DGSVRWIK,0.0
37871,VLSESQK,0.0
37872,LGEGRYQH,0.0
37873,NNEWMQIV,0.0
37874,ACDRWWGDCN,0.0
37875,DFEQTLED,0.0
37876,VEDSCQE,0.0
37877,HDMVFAWEP,0.0
37878,PQKSV,0.0
37879,MRKSKSE,0.0
37880,QWSDGEAH,0.0
37881,SEFGGGD,0.0
37882,CPKMRMKC,0.0
37883,MVRPRPSIH,0.0
37884,NLIVTSN,0.0
37885,PKCTCG,0.0
37886,DVEKWEC,0.0
37887,WVTEERDAQ,0.0
37888,KVVNSQD,0.0
37889,DVAEVA,0.0
37890,VVPSSCQS,0.0
37891,FDTLRMDVY,0.0
37892,MQTATEKPR,0.0
37893,EFDNMNTH,0.0
37894,MHEPLRKA,0.0
37895,ICQMEDHS,0.0
37896,SSGRI,0.0
37897,EQHTAKGPI,0.0
37898,WFGSVNAIQ,0.0
37899,DLINWNLAI,0.0
37900,PAKNIEWK,0.0
37901,GIARLMMQKF,0.0
37902,MHLFKHDND,0.0
37903,ARGEWRCRT,0.0
37904,VTGEEED,0.0
37905,AIPKS,0.0
37906,DHGKMIEGMM,0.0
37907,QIECNCGETR,0.0
37908,DMRKGHS,0.0
37909,QQIKLEQ,0.0
37910,RRSMPQ,0.0
37911,PNIELCM,0.0
37912,FDRAFMRDD,0.0
37913,VQWMLGQDG,0.0
37914,KNAPITLM,0.0
37915,CKDWNDENEH,0.0
37916,LERHHRGM,0.0
37917,RYVLSIANGA,0.0
37918,FSECMQEL,0.0
37919,EALHQ,0.0
37920,NGSLYLVAWA,0.0
37921,PNLDAL,0.0
37922,QACQNRENI,0.0
37923,NRVMMIN,0.0
37924,PTGDHSLHVE,0.0
37925,CQQQVTPM,0.0
37926,AKDRQYGNAR,0.0
37927,QMWKTGN,0.0
37928,TRPAR,0.0
37929,TDFTQDW,0.0
37930,EQNNFKPT,0.0
37931,SQQTENN,0.0
37932,QDERKIDI,0.0
37933,RARNV,0.0
37934,SMEDP,0.0
37935,EIMRCD,0.0
37936,ETFNANQCI,0.0
37937,LKGQMERIFA,0.0
37938,MKCRQHH,0.0
37939,NKPCCKMIC,0.0
37940,SSCSIPT,0.0
37941,DANPKG,0.0
37942,GHCWGWPQ,0.0
37943,FPRVIQMATV,0.0
37944,RCKICM,0.0
37945,QNDKT,0.0
37946,IRVQIPRSLQ,0.0
37947,GDCLQDYRF,0.0
37948,KACGTQM,0.0
37949,SPTNPA,0.0
37950,YTQDNP,0.0
37951,NAYQQACTV,0.0
37952,VNFNYLSTT,0.0
37953,YENEHKHKKQ,0.0
37954,ADRLHNCECI,0.0
37955,GAMKEFLEEG,0.0
37956,MVTVKHKMD,0.0
37957,YPAMVSAMG,0.0
37958,RQNPSLLGAC,0.0
37959,HSVFDGKA,0.0
37960,VDVEQSDD,0.0
37961,ELLCN,0.0
37962,YDCKQK,0.0
37963,AHESVTWMT,0.0
37964,SIELKRGMKN,0.0
37965,IQEIPT,0.0
37966,PNDLI,0.0
37967,RQMEKA,0.0
37968,VEVYQKC,0.0
37969,RHSRKEGW,0.0
37970,LGNTNS,0.0
37971,NHAVEYDN,0.0
37972,ACGWDFKQN,0.0
37973,NKLNG,0.0
37974,ASNDNY,0.0
37975,YDKSQNGKG,0.0
37976,KEEVGGPRN,0.0
37977,DNCSASMSA,0.0
37978,AWDEHDTM,0.0
37979,AVTFQGDSL,0.0
37980,AEMQNTLNT,0.0
37981,RPELPKQPAT,0.0
37982,RHMMGNDDIC,0.0
37983,VIRKT,0.0
37984,SKCNWEPA,0.0
37985,HDQINLSE,0.0
37986,RSGQMGCC,0.0
37987,GGLTVEHKVI,0.0
37988,QGEMNVTQ,0.0
37989,DKRTMN,0.0
37990,ETYGHE,0.0
37991,LDPLGEFCGA,0.0
37992,HCEEPI,0.0
37993,REERR,0.0
37994,LEGVPDRD,0.0
37995,EKRFP,0.0
37996,PAGNR,0.0
37997,FIHLTPDE,0.0
37998,TRWEQHRHN,0.0
37999,VNIHAEVNVN,0.0
38000,DYGNEYGCRC,0.0
38001,DSDEGIFDMI,0.0
38002,GHERWKD,0.0
38003,PKQFRMDE,0.0
38004,SACLKNSCP,0.0
38005,ADGWPQ,0.0
38006,AEYDE,0.0
38007,KGEIGWKQP,0.0
38008,EQCPSMGIM,0.0
38009,IYQQQYREN,0.0
38010,NIWYHCKCR,0.0
38011,NFMHIDFE,0.0
38012,EKGQNL,0.0
38013,NRNLPN,0.0
38014,QSRYCR,0.0
38015,GPCKRAHN,0.0
38016,ESPEC,0.0
38017,RHNAQLQF,0.0
38018,SEVMT,0.0
38019,GRTKKGHG,0.0
38020,QGAYDPDGRS,0.0
38021,KRCTKCSI,0.0
38022,ETNHLDVIWE,0.0
38023,EPNIP,0.0
38024,WSESCWQEP,0.0
38025,ARSPKSHN,0.0
38026,IDVNM,0.0
38027,ANCQPNIHTM,0.0
38028,GRIQCSTISG,0.0
38029,PREQRADRN,0.0
38030,VSVSHYWEQ,0.0
38031,DVKLNLR,0.0
38032,KTISNDIC,0.0
38033,WGGVCKHA,0.0
38034,SIGQGTM,0.0
38035,NFDLIEED,0.0
38036,DFCNSYAGL,0.0
38037,FISRGRHTGD,0.0
38038,ERCVVYIVQ,0.0
38039,EMDPAQ,0.0
38040,CEKNVACP,0.0
38041,GAQQA,0.0
38042,TERNM,0.0
38043,PRNNDAVRIM,0.0
38044,CGKSGM,0.0
38045,QVNSYNMYQ,0.0
38046,EYASGQFAMN,0.0
38047,HEMNWAR,0.0
38048,HPADHIPL,0.0
38049,MSDCSMN,0.0
38050,KMTMSDNP,0.0
38051,FSQRLEGR,0.0
38052,QQIYTGKQH,0.0
38053,ATKCNMPQ,0.0
38054,ESFMEGR,0.0
38055,LCQCN,0.0
38056,PQVSRNPATA,0.0
38057,VGQCTV,0.0
38058,GTAEF,0.0
38059,RVAEHSK,0.0
38060,YVAQRDARA,0.0
38061,RVGEKEMT,0.0
38062,EWPQLDVKCD,0.0
38063,NHRAFETNH,0.0
38064,DKRENGNP,0.0
38065,KRPDEPSNR,0.0
38066,MGNWRDKMG,0.0
38067,GAGSKR,0.0
38068,DHGPQMVPCE,0.0
38069,PMREDEPQ,0.0
38070,NDQSTF,0.0
38071,TQGNACGELQ,0.0
38072,DYSTRKNR,0.0
38073,MEMDNNSV,0.0
38074,DDFMCLGMA,0.0
38075,GEGQQK,0.0
38076,HQMATECNP,0.0
38077,DTQCLGSLFA,0.0
38078,QYKYQEVTR,0.0
38079,AVTVN,0.0
38080,KFLYMWKR,0.0
38081,AAYEASWWEN,0.0
38082,NRTKTCI,0.0
38083,GNAGFI,0.0
38084,EDRSFQ,0.0
38085,SCRMITPRL,0.0
38086,DGGVMQFVP,0.0
38087,QFALNNMT,0.0
38088,LRMLPI,0.0
38089,YEQPV,0.0
38090,NCPCCNVDWN,0.0
38091,PLLAWPDQG,0.0
38092,KNESGFINQ,0.0
38093,TMARNARPM,0.0
38094,TCSTGSKKNM,0.0
38095,LMKKEQ,0.0
38096,FVKKAQVR,0.0
38097,GYPLERD,0.0
38098,MAGLIQA,0.0
38099,TLHSSDTV,0.0
38100,QTIRMCAEF,0.0
38101,RVAVKTAHM,0.0
38102,VRQGS,0.0
38103,DEKPTSNG,0.0
38104,GDFKHESC,0.0
38105,QGCAIFARRY,0.0
38106,GHAPN,0.0
38107,VRRVTN,0.0
38108,PKITFRR,0.0
38109,ERRGRIM,0.0
38110,GPKRLCI,0.0
38111,DNTGNVQFIA,0.0
38112,QYFGPRK,0.0
38113,KNSKPNFSA,0.0
38114,CNGKGA,0.0
38115,ACGFGCQNVE,0.0
38116,LKDPM,0.0
38117,IDPSVQ,0.0
38118,YENDTKEEMQ,0.0
38119,KGKPGFSRT,0.0
38120,RKECGMT,0.0
38121,ENKKQCKYCP,0.0
38122,HLRAIKEHC,0.0
38123,EAIGWVGGVV,0.0
38124,EVEWQKMAI,0.0
38125,FVDINRDTN,0.0
38126,NHNLNLMT,0.0
38127,VRITKSL,0.0
38128,RCQARY,0.0
38129,LDHGVGTDQ,0.0
38130,QEEANQW,0.0
38131,ACGSPDWAVN,0.0
38132,ELSGCE,0.0
38133,TLGRAQWKE,0.0
38134,HDNVWDWQ,0.0
38135,VVLQNAQI,0.0
38136,GVEGK,0.0
38137,HSQATSA,0.0
38138,NKCNVFLK,0.0
38139,GFSWHDWRE,0.0
38140,NPQGGL,0.0
38141,VLEQSCCR,0.0
38142,SNALAS,0.0
38143,KQQCTQ,0.0
38144,NMNNWPLVR,0.0
38145,FTVTSIDR,0.0
38146,DSDSAWQNP,0.0
38147,DLITWMVEA,0.0
38148,SCLRNDD,0.0
38149,NANNRDAM,0.0
38150,SFDETK,0.0
38151,ADWDILGQQ,0.0
38152,GIQCDDT,0.0
38153,QWACCIQGK,0.0
38154,PIEMKANG,0.0
38155,PVPSGRKE,0.0
38156,NNWVEQWND,0.0
38157,TIEWTVGD,0.0
38158,MSKDDAA,0.0
38159,DLMPFAQQDQ,0.0
38160,DNAIL,0.0
38161,ESDVGDDQHI,0.0
38162,EGKQMTNWH,0.0
38163,YLCCQMGQE,0.0
38164,QGIFPMIL,0.0
38165,WGDSRDLVT,0.0
38166,LEGQLQPR,0.0
38167,AHEYN,0.0
38168,NQVTVMWEM,0.0
38169,HANECALIE,0.0
38170,DLKTEDGEH,0.0
38171,KWWQHKNS,0.0
38172,EYERA,0.0
38173,HHRNR,0.0
38174,KGSHWRIAQ,0.0
38175,NSKADAWTM,0.0
38176,EFQMLETNC,0.0
38177,FGACK,0.0
38178,NRRRARMI,0.0
38179,EERIE,0.0
38180,KANIPPM,0.0
38181,GANFC,0.0
38182,SVVKRA,0.0
38183,RQCLRYNVSN,0.0
38184,EGKVRIICE,0.0
38185,NEAIDL,0.0
38186,PNTQR,0.0
38187,ASPNSHPKRT,0.0
38188,RLKRMLDP,0.0
38189,AFVCIIARVN,0.0
38190,GVGSHND,0.0
38191,DKVMMPM,0.0
38192,CDIGK,0.0
38193,CNVQYD,0.0
38194,PLDDA,0.0
38195,KNNVLSMC,0.0
38196,MGGRFDG,0.0
38197,DCVNIQNQ,0.0
38198,SNSKCSATYS,0.0
38199,HHDVNCTA,0.0
38200,HGENLANVA,0.0
38201,LANPSHNL,0.0
38202,HREPRV,0.0
38203,AFGRP,0.0
38204,TKITGQRHN,0.0
38205,WSTSRCHTG,0.0
38206,NPQLAP,0.0
38207,PIMQQHCN,0.0
38208,PPLLDMC,0.0
38209,QLIDANPHQ,0.0
38210,FKRCK,0.0
38211,EHEYIKGGSA,0.0
38212,WRRTKKW,0.0
38213,WNPDVYDQY,0.0
38214,SNRGN,0.0
38215,TRIYVLLR,0.0
38216,STERRYGFRG,0.0
38217,APLQP,0.0
38218,SILGSVRNAP,0.0
38219,RPERNSCRN,0.0
38220,QPAQPHLK,0.0
38221,EHCHEW,0.0
38222,GRAGLMSGAH,0.0
38223,EITVE,0.0
38224,CVRNK,0.0
38225,ASRSS,0.0
38226,WVDFDTDWT,0.0
38227,GDVVCSTN,0.0
38228,DIGRR,0.0
38229,PKNIQ,0.0
38230,EQKWDQKR,0.0
38231,HDWFQQG,0.0
38232,DLFEYSKKK,0.0
38233,QRWTDCKH,0.0
38234,YLKKCT,0.0
38235,NRGGRTVTPD,0.0
38236,HGAANSK,0.0
38237,VRKFDDQ,0.0
38238,RTMIIRMEI,0.0
38239,DEEDCQFEVF,0.0
38240,QGSTCAYCNP,0.0
38241,GNRRHC,0.0
38242,NKAEL,0.0
38243,TDTPG,0.0
38244,GVEWDGTCS,0.0
38245,NYSCTVE,0.0
38246,CTKMKILK,0.0
38247,VEEDDTWV,0.0
38248,AIDQVGD,0.0
38249,ARITSMSI,0.0
38250,NGASA,0.0
38251,SKVPEKIEA,0.0
38252,KRGEE,0.0
38253,EHTHTRHPK,0.0
38254,EDEIWLQQ,0.0
38255,RGNENQFGKQ,0.0
38256,CDNPGL,0.0
38257,DNTWHYEHE,0.0
38258,SDHPTKCEH,0.0
38259,DQVNM,0.0
38260,GCWDKMK,0.0
38261,ITDGQLCN,0.0
38262,YKLGIR,0.0
38263,NKHCGLI,0.0
38264,VFEAGG,0.0
38265,NCLLKASQNE,0.0
38266,SITNMAE,0.0
38267,IMRGAQ,0.0
38268,CNGMPVEGEN,0.0
38269,SKCDRILACM,0.0
38270,LRNEK,0.0
38271,TEHVCVSAPM,0.0
38272,QVSIQIVAEA,0.0
38273,CFDDG,0.0
38274,TMVMKL,0.0
38275,WNGQD,0.0
38276,EGCRTCRCI,0.0
38277,GYQIRKKLI,0.0
38278,VFPNSRHRN,0.0
38279,PGKEMAIFA,0.0
38280,YQGMGGCS,0.0
38281,RSDKAIVQRS,0.0
38282,VRTVQNDMKA,0.0
38283,DIQADI,0.0
38284,FVEVN,0.0
38285,FAEAV,0.0
38286,HWESHDSS,0.0
38287,GGLKERAD,0.0
38288,TSCLDNGKF,0.0
38289,KTDTKAWM,0.0
38290,WKGKKKHM,0.0
38291,ENTCE,0.0
38292,YTKMKRIVTN,0.0
38293,RGPPTM,0.0
38294,TNRQS,0.0
38295,IQYSTSKS,0.0
38296,GVNLELDD,0.0
38297,YNQDD,0.0
38298,KSQCR,0.0
38299,NTWCFSDCDN,0.0
38300,ESLFEIHNQE,0.0
38301,LTDDLDHFII,0.0
38302,VRNMK,0.0
38303,TDNMLRSIKH,0.0
38304,HSEKCRV,0.0
38305,AHNEQK,0.0
38306,QRGCHSLK,0.0
38307,NCADWLKWG,0.0
38308,VCGKI,0.0
38309,NCSTTYTS,0.0
38310,FRPQMLR,0.0
38311,ESVMMDCVHQ,0.0
38312,QISNQPNMVG,0.0
38313,HKPQETSEQ,0.0
38314,CHDGKISR,0.0
38315,RNFCHQR,0.0
38316,AAWNSE,0.0
38317,APNTRAY,0.0
38318,KRRREHQE,0.0
38319,WWEQERYDMD,0.0
38320,DDSSL,0.0
38321,QAQGPRCIAI,0.0
38322,TVTQFKNR,0.0
38323,EEWFTLN,0.0
38324,HNMFREEG,0.0
38325,DVNCQ,0.0
38326,AQPWVTMQY,0.0
38327,ETNDI,0.0
38328,FGQKPRRV,0.0
38329,AHIARDGRAE,0.0
38330,CYWACGMSE,0.0
38331,EQVIAVQK,0.0
38332,QGELGS,0.0
38333,LIAQNSG,0.0
38334,ACQIHD,0.0
38335,CRMTEG,0.0
38336,VVAPYGCISR,0.0
38337,YGTGLKE,0.0
38338,TAVQQV,0.0
38339,IAKKDYFRSG,0.0
38340,TKAYDQGNID,0.0
38341,GNNKVVSTYM,0.0
38342,CEQYEHM,0.0
38343,TIMDEECKTA,0.0
38344,TGIRLSKQMK,0.0
38345,EQSTHQPAI,0.0
38346,GWRIDEI,0.0
38347,GNRYGND,0.0
38348,KDFVHQDKT,0.0
38349,ELTNTR,0.0
38350,QAQGP,0.0
38351,PEVLWDEL,0.0
38352,TFNYDGQCRR,0.0
38353,DLDWHCDAD,0.0
38354,NVPLHLEIE,0.0
38355,ANMTVDDT,0.0
38356,TSRNQI,0.0
38357,MTGQDTE,0.0
38358,RLIIVVNT,0.0
38359,NRVLDKTG,0.0
38360,EQIPKPI,0.0
38361,VYCQYACSR,0.0
38362,DQKYQPAPVN,0.0
38363,PSDFCKDNP,0.0
38364,KESNNVE,0.0
38365,GVMMLN,0.0
38366,SRTNKN,0.0
38367,NRASV,0.0
38368,QQEFAI,0.0
38369,ATIDPKC,0.0
38370,MIYHKRVE,0.0
38371,NEMRLKWR,0.0
38372,VPESDNRRH,0.0
38373,CRYTWQKQQ,0.0
38374,QASHLVTCG,0.0
38375,PCRKCT,0.0
38376,PHEEFCTDPQ,0.0
38377,EKQRLLLPI,0.0
38378,IQPTRR,0.0
38379,TWKMRVPRN,0.0
38380,PWRLGDNSKK,0.0
38381,IKQNITQDIL,0.0
38382,KVKMYP,0.0
38383,LLFWLRKLD,0.0
38384,QLNRSKE,0.0
38385,DIQQHAP,0.0
38386,QICNQDVPK,0.0
38387,IFDAPNHLC,0.0
38388,KADIID,0.0
38389,IACEMKWE,0.0
38390,EQSCRVCRW,0.0
38391,GAKKYQ,0.0
38392,VQRCSCPSV,0.0
38393,VCENE,0.0
38394,ESCFHGREIE,0.0
38395,KDKCKHT,0.0
38396,AERMEITH,0.0
38397,CVFEDEKG,0.0
38398,DNFALS,0.0
38399,DSGVTGPPQ,0.0
38400,QVKCKTRRYY,0.0
38401,RLTQHLGFI,0.0
38402,TGEFSSM,0.0
38403,HILQARNKF,0.0
38404,GLEAEQDNMH,0.0
38405,YNARV,0.0
38406,DMING,0.0
38407,ISNEGNQMDF,0.0
38408,MESDEPIIH,0.0
38409,VDANWEI,0.0
38410,DAALCFNCTR,0.0
38411,TGMAD,0.0
38412,VQESTF,0.0
38413,WQWRSQRT,0.0
38414,KESVCKRRCD,0.0
38415,NERLFFWGR,0.0
38416,AMSEN,0.0
38417,ISLMKIC,0.0
38418,LSRGAGLYCR,0.0
38419,LEYQGLHGM,0.0
38420,HQYLFMMED,0.0
38421,PLNEKWEMEY,0.0
38422,NTQLESWMKK,0.0
38423,YQGRVFSPP,0.0
38424,PAQNCRVL,0.0
38425,DSITGWQR,0.0
38426,TEGPFNRP,0.0
38427,EGLCGEV,0.0
38428,ALDCDYNLQ,0.0
38429,STKCR,0.0
38430,NWVAQISFR,0.0
38431,RRQLNLN,0.0
38432,CNCNE,0.0
38433,NMLESITLGH,0.0
38434,FQLKMK,0.0
38435,NGLMMENPV,0.0
38436,NIVRIVPI,0.0
38437,CNVQR,0.0
38438,WQFQCWKQA,0.0
38439,FGINGQ,0.0
38440,YTTDIRDALQ,0.0
38441,RGICCCKKL,0.0
38442,WQINPCCK,0.0
38443,MNQHMRPR,0.0
38444,QPWVMSKTI,0.0
38445,PEMCTQRP,0.0
38446,QRGIMDN,0.0
38447,NGRANEDLGI,0.0
38448,IRGLEEQTCY,0.0
38449,ISMLGE,0.0
38450,EEETGGNREL,0.0
38451,ENLERS,0.0
38452,TNGDK,0.0
38453,MRHAADN,0.0
38454,MVPGDQSK,0.0
38455,DSCNAVCAG,0.0
38456,AMRRFRYAY,0.0
38457,WQLEKHSEDS,0.0
38458,PKNLWPREKV,0.0
38459,KQHEGGQ,0.0
38460,MNPHTEN,0.0
38461,RRFEWTSNRQ,0.0
38462,HDEMFMIEDF,0.0
38463,NFNYKLQ,0.0
38464,WMDVCNVR,0.0
38465,NAVVLA,0.0
38466,ENTSGVYMFQ,0.0
38467,FLGNVE,0.0
38468,TCCECS,0.0
38469,NGQCKIKD,0.0
38470,SKGDSKT,0.0
38471,IGNTNNFN,0.0
38472,SVGGA,0.0
38473,ENALA,0.0
38474,ANHKAI,0.0
38475,PRLDD,0.0
38476,GCQLNIPIH,0.0
38477,ASDKECRRYH,0.0
38478,DANCD,0.0
38479,RAALQPWN,0.0
38480,CKCNDRCG,0.0
38481,WRHHHGTG,0.0
38482,EGSEQI,0.0
38483,SETEPMHFS,0.0
38484,GPRDIKQRWG,0.0
38485,KTALC,0.0
38486,NSVMAR,0.0
38487,IEMQRAPN,0.0
38488,CREQRQM,0.0
38489,KGEGMES,0.0
38490,MQPAQNHQPV,0.0
38491,ACEPKKTRCA,0.0
38492,LKKTLQASM,0.0
38493,ARGEGA,0.0
38494,GEEEAVDQR,0.0
38495,IIMQSRCD,0.0
38496,DHDEGN,0.0
38497,CDTAFTAEP,0.0
38498,DVNGVQ,0.0
38499,EKQIA,0.0
38500,SKVHIKT,0.0
38501,GIADRIA,0.0
38502,HSLNGD,0.0
38503,VGNMHTK,0.0
38504,TDMTHSRT,0.0
38505,MCTRK,0.0
38506,MEARIKPLK,0.0
38507,ILEDFQH,0.0
38508,GYAKA,0.0
38509,PDQAY,0.0
38510,YNDNI,0.0
38511,AINERILPAK,0.0
38512,KQTNN,0.0
38513,EYGDMSN,0.0
38514,AHWYKREGC,0.0
38515,LKLARITE,0.0
38516,NVNCGR,0.0
38517,EECDVWI,0.0
38518,EFQLSEDWHA,0.0
38519,PCERQQLGYT,0.0
38520,AQGFD,0.0
38521,QSPAG,0.0
38522,MVVKANDQMP,0.0
38523,NVRCKTHPD,0.0
38524,LRKYFTCNC,0.0
38525,CELWGEIQPL,0.0
38526,IYKNK,0.0
38527,QARTVRCKKD,0.0
38528,FVDQPEFAI,0.0
38529,EQDLP,0.0
38530,AECRGKQDYD,0.0
38531,SELNEGS,0.0
38532,CYEGAGSNSA,0.0
38533,LEQIVLFGCQ,0.0
38534,GTKMDP,0.0
38535,QVLGV,0.0
38536,TWQHGAEQ,0.0
38537,QRGVQCFVA,0.0
38538,VCGRSNRHVS,0.0
38539,MNTPTIQE,0.0
38540,TRKKNMN,0.0
38541,PDDVRIRPEF,0.0
38542,SAIDCESAQF,0.0
38543,EEKRIHWGRK,0.0
38544,LTCGEMNK,0.0
38545,VDNIDIP,0.0
38546,YKLMGRHLG,0.0
38547,QDIADAKATA,0.0
38548,QKVMR,0.0
38549,RVGLDQTAM,0.0
38550,EWGTLVQM,0.0
38551,AYSDSDQVCI,0.0
38552,PCNWDGRQ,0.0
38553,EMCNHGH,0.0
38554,RTDPLSEMI,0.0
38555,YGLQQT,0.0
38556,NKAADK,0.0
38557,APLNCIKNIV,0.0
38558,RQCTMQK,0.0
38559,PKRPPQWN,0.0
38560,NWRINR,0.0
38561,TKPNKASAF,0.0
38562,FESKESPM,0.0
38563,GKKPNY,0.0
38564,GSDLS,0.0
38565,AKSEM,0.0
38566,HNLEVEIRI,0.0
38567,AEQIW,0.0
38568,FMREPNMIEE,0.0
38569,SSEHNQLI,0.0
38570,TQDKD,0.0
38571,MQAQMAKCI,0.0
38572,SWPKPHTRE,0.0
38573,RGNIE,0.0
38574,MGDHELSI,0.0
38575,SGMAAVLN,0.0
38576,GCLKLPKDPS,0.0
38577,TSSVGQN,0.0
38578,QYYRTRVI,0.0
38579,SMQDI,0.0
38580,LVGSD,0.0
38581,DCSCNQ,0.0
38582,HASRWSGMI,0.0
38583,VRKANDAVTE,0.0
38584,GKDCETNM,0.0
38585,QSEQP,0.0
38586,NCSVCEAEQ,0.0
38587,KACYRKAYS,0.0
38588,TNDYD,0.0
38589,AISITD,0.0
38590,KSCHFIRVR,0.0
38591,EPTKGD,0.0
38592,YQMEGEKMGG,0.0
38593,PESAAA,0.0
38594,WMPKGDR,0.0
38595,ERTGQQES,0.0
38596,TTGGGR,0.0
38597,ETNETPN,0.0
38598,EKPNEIYYS,0.0
38599,IQETWAR,0.0
38600,EKTSQPPEQ,0.0
38601,RSTDTVHAM,0.0
38602,NEDMW,0.0
38603,RRMQTH,0.0
38604,ERHED,0.0
38605,DVQDRA,0.0
38606,QFWRHDSND,0.0
38607,DEVLCIV,0.0
38608,WWFDIDCDG,0.0
38609,CTCPELSNPA,0.0
38610,EGGIVICQ,0.0
38611,HEEQNLCQ,0.0
38612,TWDEVVIVS,0.0
38613,IRIRT,0.0
38614,KLNNNVCWD,0.0
38615,GQNRKVS,0.0
38616,WESMQPL,0.0
38617,MPRTSPI,0.0
38618,CCMGQ,0.0
38619,NERGWSGQ,0.0
38620,VELKR,0.0
38621,VFDHIMDLP,0.0
38622,LMAKAK,0.0
38623,LRCEGAPWRT,0.0
38624,ACQQSCPG,0.0
38625,PWMGEDPHI,0.0
38626,APDITK,0.0
38627,GDDDWNRG,0.0
38628,DRIPVKPR,0.0
38629,VEEVFPD,0.0
38630,EEINHARAS,0.0
38631,APRIDVDR,0.0
38632,AADDL,0.0
38633,SVTRPIQ,0.0
38634,DFERERGTIA,0.0
38635,DFQYQCDTW,0.0
38636,NHECEKLR,0.0
38637,CQGQAQFM,0.0
38638,ERIDI,0.0
38639,RIHPTR,0.0
38640,SFQESE,0.0
38641,MGTMA,0.0
38642,NMCPD,0.0
38643,TPTGSP,0.0
38644,RQKHP,0.0
38645,GVCDPRIL,0.0
38646,CVKITQE,0.0
38647,ALHRDCPTIN,0.0
38648,ARLFDHDPR,0.0
38649,LPCKNES,0.0
38650,CRINALASTL,0.0
38651,VMTSCGK,0.0
38652,YDATVEEVG,0.0
38653,MVMLEEV,0.0
38654,KCNPPRF,0.0
38655,RSRMHPLAA,0.0
38656,IRSLQL,0.0
38657,VMLNEAWKNG,0.0
38658,RCVTERDC,0.0
38659,RKRYQSDAH,0.0
38660,MGTDHYFMDE,0.0
38661,FLAKQTNKW,0.0
38662,FDGHN,0.0
38663,KERKE,0.0
38664,MCKYVGGD,0.0
38665,HRSYEAGSNL,0.0
38666,RGNRCWK,0.0
38667,GDSPKVKS,0.0
38668,LNDEEWLG,0.0
38669,KRHERRFV,0.0
38670,AVQRE,0.0
38671,HACTTGSTH,0.0
38672,EPSVFIE,0.0
38673,NAQVYHIQI,0.0
38674,KAEID,0.0
38675,DVINQI,0.0
38676,HDVLMWD,0.0
38677,TASFNVEILD,0.0
38678,WMVCMQRR,0.0
38679,PRKRIKQFS,0.0
38680,FTCRKKVF,0.0
38681,CMRQQECGV,0.0
38682,KANYI,0.0
38683,EYRCSERIV,0.0
38684,KTQQNDQ,0.0
38685,KCRGIMQP,0.0
38686,RIGKYGMA,0.0
38687,FWQGHHVRN,0.0
38688,CNSDDVD,0.0
38689,LVKGK,0.0
38690,DRVDTHQQA,0.0
38691,CWVKDAMHE,0.0
38692,GRPDS,0.0
38693,HYNLNE,0.0
38694,KEKQFNKNE,0.0
38695,DRKPQR,0.0
38696,MRGEHRPSAE,0.0
38697,PHDLGE,0.0
38698,CEVEDSHQC,0.0
38699,DISNQS,0.0
38700,MRDQASPHI,0.0
38701,VTNQESNPD,0.0
38702,AGSNL,0.0
38703,PQLDSPNH,0.0
38704,RFRANPQ,0.0
38705,VRGGI,0.0
38706,QPFRQDRYQ,0.0
38707,MNHYEADMHD,0.0
38708,RRPDQNWGFR,0.0
38709,VIASK,0.0
38710,AQIKRWAGKY,0.0
38711,PFLEGQN,0.0
38712,HGSMTKSQ,0.0
38713,RFGQDSKR,0.0
38714,GCDIDT,0.0
38715,ELENVTG,0.0
38716,MPKGHRVR,0.0
38717,AILDAGIEWQ,0.0
38718,DFKVALQVM,0.0
38719,KKSNCQKSLD,0.0
38720,EEEKI,0.0
38721,AQQDQDLMPF,0.0
38722,LVSKVAKR,0.0
38723,YHEVIE,0.0
38724,AWWQGEIIK,0.0
38725,AVEDTHFD,0.0
38726,CDCNVPTC,0.0
38727,SNTLMCNML,0.0
38728,PKGISRCGC,0.0
38729,WHINRTTHQ,0.0
38730,WTWCQQGEEA,0.0
38731,LTQELTKIER,0.0
38732,GKDKM,0.0
38733,FKKMER,0.0
38734,ECMLTVWQR,0.0
38735,YSTWKVSKH,0.0
38736,DEENPGAH,0.0
38737,LNDPE,0.0
38738,AQTTA,0.0
38739,DTTRYWRCSA,0.0
38740,NNRPYNHYG,0.0
38741,NKKFLMS,0.0
38742,ASRDPHG,0.0
38743,NDHDELSC,0.0
38744,SNNDV,0.0
38745,HCWRMDNK,0.0
38746,KCGRGKLHR,0.0
38747,VKKSVIA,0.0
38748,IDDTNRCW,0.0
38749,QSEAQINLVQ,0.0
38750,DARRT,0.0
38751,TQEHWKIRL,0.0
38752,INLETLTS,0.0
38753,CECYKQNG,0.0
38754,DVKECAQEM,0.0
38755,DKTLHDQR,0.0
38756,LTESNIMM,0.0
38757,EGSSC,0.0
38758,ASNIFHNPND,0.0
38759,INGQGSTN,0.0
38760,WNWTGKTD,0.0
38761,QDNRLTSS,0.0
38762,INCNQ,0.0
38763,AKHATNIENR,0.0
38764,RPTLN,0.0
38765,ANTMDDEWL,0.0
38766,WRTSTGNDL,0.0
38767,DCYQE,0.0
38768,NVGRLTTG,0.0
38769,INMILCAN,0.0
38770,DQNGFQK,0.0
38771,DGQHP,0.0
38772,CGCEIVKS,0.0
38773,MRGMCALQ,0.0
38774,NVNTGITL,0.0
38775,IIMGNGQRD,0.0
38776,NGMRIGI,0.0
38777,QSWKRQPKA,0.0
38778,MDWGNEN,0.0
38779,DETPV,0.0
38780,KCMVTQCIG,0.0
38781,KCWREPGTIT,0.0
38782,TPNRKFP,0.0
38783,NWEYEPQDE,0.0
38784,NDIQHR,0.0
38785,AKAGSRHN,0.0
38786,SNDSSVMD,0.0
38787,TNQMVFG,0.0
38788,NLTYESIIG,0.0
38789,WTMREGAKVH,0.0
38790,CEYAIPR,0.0
38791,IVVDVLD,0.0
38792,VVLDVEPF,0.0
38793,KTVEDSAME,0.0
38794,RKKDD,0.0
38795,HFGHTRGMC,0.0
38796,MQCTLMG,0.0
38797,IAGAK,0.0
38798,HDNCTP,0.0
38799,SEQVDDRPD,0.0
38800,QCCNSWEPP,0.0
38801,ICDTMGI,0.0
38802,LIDELRDG,0.0
38803,HVEET,0.0
38804,KMNPEL,0.0
38805,CIQSISPE,0.0
38806,EQAMYM,0.0
38807,RSKIGKI,0.0
38808,IRMCV,0.0
38809,EEHAMV,0.0
38810,SKEHGEDD,0.0
38811,ALPLQ,0.0
38812,SQHMTTNNV,0.0
38813,KKKTCS,0.0
38814,VQCPYCAPP,0.0
38815,DCQTEYEWNI,0.0
38816,GDLFQE,0.0
38817,PKRRGLIFT,0.0
38818,TGKNRYQIQ,0.0
38819,EELDSM,0.0
38820,QMNTFE,0.0
38821,ESVSD,0.0
38822,KWDKDKGWN,0.0
38823,DRDEGRAPQH,0.0
38824,ANIPGPNCV,0.0
38825,WQAYNIKQM,0.0
38826,HRQAVPDP,0.0
38827,QNPRKNEFSV,0.0
38828,RRILMGGNT,0.0
38829,LNVQEC,0.0
38830,NLLCVRMCS,0.0
38831,VHQVPMNPI,0.0
38832,EHSMCDAV,0.0
38833,QMHPCPR,0.0
38834,MIGMGK,0.0
38835,QVNPKV,0.0
38836,ENGMHRFN,0.0
38837,ENRDCKLH,0.0
38838,QTARMAD,0.0
38839,CCDCRWR,0.0
38840,RKHVQVWSL,0.0
38841,GLGGNT,0.0
38842,PRQPDHN,0.0
38843,VEAHKAM,0.0
38844,GISVFRDAD,0.0
38845,PIVRQND,0.0
38846,IFRTMRA,0.0
38847,EVIPRQTINP,0.0
38848,QILGFGYQT,0.0
38849,FSGRKIMVV,0.0
38850,KLSSIHQK,0.0
38851,VEWYDSRKIE,0.0
38852,QMINMDDM,0.0
38853,SIKCWAACN,0.0
38854,NNSQKDA,0.0
38855,YVEVNITDLD,0.0
38856,LETRETRQ,0.0
38857,CCEDS,0.0
38858,AGGCGP,0.0
38859,MHCFRDGPD,0.0
38860,ISSKCKT,0.0
38861,HVKGWTAIG,0.0
38862,RMGQTSSDEA,0.0
38863,SNKNADIC,0.0
38864,DKYPQTKLD,0.0
38865,HRFTCLR,0.0
38866,PCPADQMMDN,0.0
38867,NTNEN,0.0
38868,TDKFTWRTN,0.0
38869,FRSARGH,0.0
38870,GERMGDPGSS,0.0
38871,GMDAPDYHAM,0.0
38872,IVIFPDNDQG,0.0
38873,GLITGNL,0.0
38874,QGKYLSQH,0.0
38875,KDITSETISE,0.0
38876,HNKKMENH,0.0
38877,QFSMFGEE,0.0
38878,SRAVGG,0.0
38879,MVPRTRL,0.0
38880,NHFDCGNT,0.0
38881,IGTRQAVNP,0.0
38882,EQFGRK,0.0
38883,SLINQWLA,0.0
38884,CAYNDFDLLC,0.0
38885,EANAQLPH,0.0
38886,NFQGIDEV,0.0
38887,LRGNSIK,0.0
38888,SLKYNDRFC,0.0
38889,DMRDILCI,0.0
38890,THLFQDSQ,0.0
38891,KKRRID,0.0
38892,ALACKAYMR,0.0
38893,LNRDFSK,0.0
38894,HLDEAA,0.0
38895,QGSQRDFSAH,0.0
38896,QNHITRIVI,0.0
38897,MLIKNP,0.0
38898,CCDYSDA,0.0
38899,EQFRGRFR,0.0
38900,RGMSDFMGNL,0.0
38901,WLENE,0.0
38902,VCRGAPLST,0.0
38903,CIMKP,0.0
38904,GIVFRWIPR,0.0
38905,DNRARKNR,0.0
38906,MQQMIEC,0.0
38907,IEEFL,0.0
38908,KKVNVMSF,0.0
38909,VNTKI,0.0
38910,YEPDDQ,0.0
38911,CSLQLGGG,0.0
38912,EEAQQDW,0.0
38913,HSSLSFEVP,0.0
38914,EAECRVTWD,0.0
38915,SWDNEWGSRE,0.0
38916,MDPMQS,0.0
38917,FHDQEQM,0.0
38918,RVKFKFNHM,0.0
38919,QDCVNPG,0.0
38920,TKINTQS,0.0
38921,GCQWYKK,0.0
38922,DQDGKDHEY,0.0
38923,MQKSDWRQ,0.0
38924,DPLEHQF,0.0
38925,ELGKHP,0.0
38926,LGKNS,0.0
38927,PHDQLTS,0.0
38928,RSDHKGFARL,0.0
38929,AGGWAQATVS,0.0
38930,QALRGMGN,0.0
38931,RTTWRKERKE,0.0
38932,DMVINWCQ,0.0
38933,SGDHQAV,0.0
38934,KTDQTVLM,0.0
38935,HMIRQQP,0.0
38936,GNVRSKTA,0.0
38937,QSIVLRPIWR,0.0
38938,MEEQAHCCDI,0.0
38939,GKLLAT,0.0
38940,AQWGRNMGA,0.0
38941,DMSCNS,0.0
38942,MQFAR,0.0
38943,INDGN,0.0
38944,LFDFQIN,0.0
38945,TIAQYCPRGK,0.0
38946,ELGYE,0.0
38947,HSQLEQT,0.0
38948,DDTMF,0.0
38949,TSIAEQ,0.0
38950,DQEKHINP,0.0
38951,SCPVRGCR,0.0
38952,PDMCRR,0.0
38953,PRRSGGQ,0.0
38954,NTTRMPEN,0.0
38955,RPQCDSKVGH,0.0
38956,ETRIRNY,0.0
38957,NRRQPRL,0.0
38958,MPPPRRS,0.0
38959,LCHASCERQ,0.0
38960,KLAQR,0.0
38961,REAPEMRCYT,0.0
38962,KTQSFKK,0.0
38963,DTKQQR,0.0
38964,HVDKCMP,0.0
38965,EGVCP,0.0
38966,HSGDRA,0.0
38967,FTHFTNNIK,0.0
38968,CSKVAQ,0.0
38969,GEYKDK,0.0
38970,DAPPGPVPL,0.0
38971,PDFWVREVN,0.0
38972,DVMLVM,0.0
38973,EPNNTKK,0.0
38974,NLMVRR,0.0
38975,IGQECN,0.0
38976,HVTGME,0.0
38977,DCENRRGYTD,0.0
38978,HHTEMN,0.0
38979,AKQKG,0.0
38980,IQAEN,0.0
38981,TCEGMQNMK,0.0
38982,RQIVSGIRA,0.0
38983,PAKNGPSVEI,0.0
38984,RQNEVRIRAW,0.0
38985,LEQDEE,0.0
38986,NGNSDWSEGL,0.0
38987,KVGQEE,0.0
38988,NNRLC,0.0
38989,CDTPFDSE,0.0
38990,GMDVNMW,0.0
38991,AWGGN,0.0
38992,RVHVAFIKR,0.0
38993,RMSHLRRACP,0.0
38994,QGELKTTG,0.0
38995,NVSEN,0.0
38996,NHMMTSND,0.0
38997,CKCNAIIAD,0.0
38998,FGLVNVNWN,0.0
38999,MGASCDYCNK,0.0
39000,FPPQCPE,0.0
39001,GFEWEYENH,0.0
39002,DKMCD,0.0
39003,QEVWAQ,0.0
39004,FDWNNVSM,0.0
39005,QNECFHQ,0.0
39006,VLWEEEIQ,0.0
39007,MNEYQQLRSC,0.0
39008,WHDNSPVA,0.0
39009,LKVYKRMGN,0.0
39010,PQEDMFR,0.0
39011,DLLLHAMVDQ,0.0
39012,RRCDV,0.0
39013,DVHEGFNLQ,0.0
39014,NGAASC,0.0
39015,WGNIQRR,0.0
39016,DNISQN,0.0
39017,IQVDE,0.0
39018,APRTCMV,0.0
39019,AKFRGEGMD,0.0
39020,TDKPVQFK,0.0
39021,HNAKGRAHM,0.0
39022,KKELD,0.0
39023,QGGYKCRWT,0.0
39024,MQGRGL,0.0
39025,GEVKNM,0.0
39026,GPRHSNKK,0.0
39027,QLQVGRT,0.0
39028,DQEEIGELYQ,0.0
39029,KEDCCETS,0.0
39030,DWCDANFSD,0.0
39031,LDPICC,0.0
39032,NKAIE,0.0
39033,KTEGMG,0.0
39034,PVKHERTTVN,0.0
39035,SVIYGERPR,0.0
39036,ELQNWRFGQ,0.0
39037,ILAIQQ,0.0
39038,DESCPEPLL,0.0
39039,QDSQH,0.0
39040,GRVLDPV,0.0
39041,SMETSTT,0.0
39042,TLGQAGEEGE,0.0
39043,NDRSRF,0.0
39044,VNEREY,0.0
39045,QFIAR,0.0
39046,DKQDLQ,0.0
39047,FVDNGLMP,0.0
39048,MVKEPPQK,0.0
39049,HCYAINEMQ,0.0
39050,NISKIG,0.0
39051,NWRKKIRTI,0.0
39052,LFQDPG,0.0
39053,TSLLIQAED,0.0
39054,NRDKNA,0.0
39055,NDAYV,0.0
39056,HIHNADVEEP,0.0
39057,RTKSI,0.0
39058,IMNGSVRAG,0.0
39059,AELQGQ,0.0
39060,DQGMKNTT,0.0
39061,HFHHDMEW,0.0
39062,LDRNCRSE,0.0
39063,EDRQA,0.0
39064,DSYEECHA,0.0
39065,EEQQCALYGE,0.0
39066,DGKKQEKSA,0.0
39067,GMGCNPGEQC,0.0
39068,EDESQCVAIF,0.0
39069,ICPLCIDG,0.0
39070,LDVCICN,0.0
39071,NDWCKTPNKP,0.0
39072,HLADAHFET,0.0
39073,IVTGG,0.0
39074,ELQCPSVA,0.0
39075,LQENFSGVIM,0.0
39076,AVFGQVNR,0.0
39077,TGNQGR,0.0
39078,CADIC,0.0
39079,DDHDHQNRCY,0.0
39080,QIVHDKIIGG,0.0
39081,TQRCVSNGFN,0.0
39082,INMFQGK,0.0
39083,MAQRDVQK,0.0
39084,MIMQEKA,0.0
39085,KKAIRLRHR,0.0
39086,NSSVVLEI,0.0
39087,EEKGF,0.0
39088,IAEGK,0.0
39089,SGKDP,0.0
39090,EQKMD,0.0
39091,YSDIQ,0.0
39092,MTLEQGGI,0.0
39093,RNESNVCPS,0.0
39094,TITKQ,0.0
39095,RMYQQNVGL,0.0
39096,CMADRKGPMP,0.0
39097,AKSTSFRK,0.0
39098,QLRQSM,0.0
39099,AWLTRSR,0.0
39100,GLLWQDE,0.0
39101,MFNPFRIAN,0.0
39102,PCQKPV,0.0
39103,GMLTSPAER,0.0
39104,TEMRMPESPE,0.0
39105,GWLNEAGVMN,0.0
39106,RYCRKPNR,0.0
39107,GHSRQVQ,0.0
39108,CEDCFVNNY,0.0
39109,DGQLQQFTA,0.0
39110,WEEHHCVKL,0.0
39111,DRAVP,0.0
39112,AEGLR,0.0
39113,SSLHHNNVT,0.0
39114,QDSSVT,0.0
39115,DTWTCQD,0.0
39116,VREASWCRLG,0.0
39117,IVKGSKEVP,0.0
39118,CGTVIALRR,0.0
39119,QQCKISSA,0.0
39120,QKVMRRYDAC,0.0
39121,NIAMISFGS,0.0
39122,TLQNLMM,0.0
39123,PGNEPQTGF,0.0
39124,DILDTIIL,0.0
39125,LFPDETHQ,0.0
39126,AVRIMPRNND,0.0
39127,SENVEY,0.0
39128,CLSCTQ,0.0
39129,SNCPC,0.0
39130,CAIVQQNQSN,0.0
39131,PCANDL,0.0
39132,CQHGECMM,0.0
39133,MEPRM,0.0
39134,DEDMLEY,0.0
39135,GVESTQG,0.0
39136,PSCLMPVR,0.0
39137,DKTTLKNS,0.0
39138,PHQYCATQ,0.0
39139,QESILSP,0.0
39140,ITKVRQE,0.0
39141,GGCDMISGQ,0.0
39142,GPVAQQSYDC,0.0
39143,GMQDPG,0.0
39144,GDKFTVME,0.0
39145,VYEPEPCL,0.0
39146,SCMQVPMND,0.0
39147,HNNRGEL,0.0
39148,GQEST,0.0
39149,HCPPDVE,0.0
39150,CDPKA,0.0
39151,KNLSQ,0.0
39152,AQQSIIS,0.0
39153,YYQVRPRK,0.0
39154,WNHHQPRI,0.0
39155,PHIDLQ,0.0
39156,DGGNPFD,0.0
39157,QLCRIRD,0.0
39158,MRRLI,0.0
39159,DMNER,0.0
39160,RYNVVMHRYK,0.0
39161,AWVDFTTAQ,0.0
39162,FEWCCGQQG,0.0
39163,VEGTSLGQF,0.0
39164,GSEINTR,0.0
39165,DMMCMGT,0.0
39166,LLRIEQNTK,0.0
39167,TQMLQN,0.0
39168,SQDQLCENP,0.0
39169,WGRYGRTL,0.0
39170,MRAETRMHNT,0.0
39171,DDAVLHNYTY,0.0
39172,RKLKNGR,0.0
39173,DEMATVIC,0.0
39174,DNVLL,0.0
39175,MAICKSARHT,0.0
39176,NIRTRYEYT,0.0
39177,TTKMEQGAV,0.0
39178,DQNECS,0.0
39179,EVKKLS,0.0
39180,DASKT,0.0
39181,RHDTQSGQY,0.0
39182,MTETMAV,0.0
39183,EIVDFTQ,0.0
39184,LYQQML,0.0
39185,GKRTYEKREV,0.0
39186,SLHVTQR,0.0
39187,PMEFNNG,0.0
39188,SDELRIIEND,0.0
39189,ARVQWWDTD,0.0
39190,LSGTYIDMT,0.0
39191,LNTQINNG,0.0
39192,HEKVVDRM,0.0
39193,ITRQM,0.0
39194,GTIVGQQCP,0.0
39195,RNKFQFA,0.0
39196,ESYRNEG,0.0
39197,DYIKNLDC,0.0
39198,FSQKETI,0.0
39199,IAKQCK,0.0
39200,QTQSYTHG,0.0
39201,HGSGNVS,0.0
39202,EYKYRDCR,0.0
39203,CLMHMDGRG,0.0
39204,DNGTWVVT,0.0
39205,LHGRRPDST,0.0
39206,NLPTRYSR,0.0
39207,AMHPKLQV,0.0
39208,NSGRAN,0.0
39209,GKKCMKML,0.0
39210,CEFGRIEC,0.0
39211,MNDQEQPS,0.0
39212,CLCMDACRK,0.0
39213,ASMTGR,0.0
39214,MMPRL,0.0
39215,FLEFMSEDA,0.0
39216,RRSIN,0.0
39217,NKLAKPQK,0.0
39218,VLVQNQ,0.0
39219,WNGDGGHQ,0.0
39220,MGAEKL,0.0
39221,QNKHKCSW,0.0
39222,WKNDCEGCAP,0.0
39223,NHMESEF,0.0
39224,QRGGGLDKEG,0.0
39225,VNPNKVI,0.0
39226,YDMDDHNTN,0.0
39227,KTNQFEPES,0.0
39228,GDRCTCE,0.0
39229,MCDLMREPSE,0.0
39230,QQHVFNTC,0.0
39231,LHGEFQ,0.0
39232,GHTSNWNDAG,0.0
39233,AHNGG,0.0
39234,WCTMQMVEC,0.0
39235,IETLFPQY,0.0
39236,QTWKRMSPE,0.0
39237,RMNNKLSV,0.0
39238,VQCMGCES,0.0
39239,KKGVANWA,0.0
39240,KNLELQYPT,0.0
39241,QEISGIM,0.0
39242,AENGSQQ,0.0
39243,AWKAQFRKR,0.0
39244,QGESHHWSC,0.0
39245,VAQRC,0.0
39246,QSTPLVQ,0.0
39247,GNSAA,0.0
39248,QEMLIQGG,0.0
39249,IWSNLRQKCG,0.0
39250,GSMECNVIVL,0.0
39251,ACGCV,0.0
39252,CIAIDEAWD,0.0
39253,SWICYGKGA,0.0
39254,PPKSKPELR,0.0
39255,QNGNQVKDYA,0.0
39256,QNNDAY,0.0
39257,NGNSSALNT,0.0
39258,DIMDNE,0.0
39259,IQGTEP,0.0
39260,DEEVPLCRR,0.0
39261,QWEKPK,0.0
39262,RSVVGADELP,0.0
39263,PNGDI,0.0
39264,MEPRMFAMAR,0.0
39265,YGINVVSN,0.0
39266,KRYGAMMQ,0.0
39267,YEIGTD,0.0
39268,IEEDEWH,0.0
39269,DDSRRG,0.0
39270,EEICKEW,0.0
39271,ASTQTGNGH,0.0
39272,HREPGARHG,0.0
39273,SNESIP,0.0
39274,TEQEWNVG,0.0
39275,AVHKQVLMK,0.0
39276,EDIFIM,0.0
39277,LGKQFPVLG,0.0
39278,PRRALS,0.0
39279,GDMGNQGQ,0.0
39280,ENHNYYEQPV,0.0
39281,GMVKRSSMVM,0.0
39282,FIMNE,0.0
39283,WTCDMGT,0.0
39284,SCQDC,0.0
39285,SQARQQSNR,0.0
39286,NIQRVP,0.0
39287,HGEVKGWI,0.0
39288,CNPCSKKMQT,0.0
39289,TLGGCMD,0.0
39290,ALYNDFES,0.0
39291,DPAPGD,0.0
39292,LGNGTFTSG,0.0
39293,CNLRRLRGEI,0.0
39294,VTPDTRCMQN,0.0
39295,WGHNHNAQMQ,0.0
39296,WESEFHGSDP,0.0
39297,TEPRLWDPD,0.0
39298,FEEWQV,0.0
39299,EGDWY,0.0
39300,VERAT,0.0
39301,FEPSTTQ,0.0
39302,HKQKNVM,0.0
39303,YEDEMF,0.0
39304,GLLGDIE,0.0
39305,DYGNRAWTN,0.0
39306,GAQPCSG,0.0
39307,DAKGV,0.0
39308,HTQDAHFN,0.0
39309,PWNSSDID,0.0
39310,PHGFMIMKN,0.0
39311,VCGMHDG,0.0
39312,AEHARKQYV,0.0
39313,TWSKKR,0.0
39314,YEYHGSAVPE,0.0
39315,EHDYQQMIRK,0.0
39316,PPPLLEE,0.0
39317,NQKDDPK,0.0
39318,IEREEAMTYC,0.0
39319,PAQDVMC,0.0
39320,PWGHRDRM,0.0
39321,IEIAV,0.0
39322,QRSPCGFRE,0.0
39323,RQSWNLRL,0.0
39324,QLEMPSI,0.0
39325,CSCRIRKCN,0.0
39326,VKHACKKWG,0.0
39327,QQQEM,0.0
39328,YTDPRKIRTA,0.0
39329,RQVMEP,0.0
39330,QWDTRN,0.0
39331,GKMGI,0.0
39332,FNTTLECS,0.0
39333,PAVTPRIAVQ,0.0
39334,DAMIGP,0.0
39335,VTNRPLK,0.0
39336,RMTLGQAE,0.0
39337,GNFVINVKA,0.0
39338,DALGMKLRMS,0.0
39339,PTIINVNGR,0.0
39340,DNSRVMVGQM,0.0
39341,PSDAVSRGT,0.0
39342,MGEMFNNK,0.0
39343,CQNGRG,0.0
39344,FMKKEEGH,0.0
39345,SAPDIA,0.0
39346,TRKACR,0.0
39347,NIIQAWPEL,0.0
39348,ANEKQWSPDR,0.0
39349,IHDEQ,0.0
39350,YNEEA,0.0
39351,TQEEWA,0.0
39352,NAEYCFAD,0.0
39353,VWTGIRG,0.0
39354,HYEAG,0.0
39355,GDPTSH,0.0
39356,SIKDYDWE,0.0
39357,EMQPDLR,0.0
39358,MRTIMYKR,0.0
39359,MDCGKNGCM,0.0
39360,RKQKCSMFH,0.0
39361,PMDSNVV,0.0
39362,ACVMYARV,0.0
39363,RTEFNKQTI,0.0
39364,MQVMIDCQI,0.0
39365,MLDPKTD,0.0
39366,SFIKAAVN,0.0
39367,EAEYA,0.0
39368,SKKNM,0.0
39369,NKMME,0.0
39370,PEIPC,0.0
39371,DTKLDCQV,0.0
39372,EWEEDHG,0.0
39373,QYDLGER,0.0
39374,IRTAA,0.0
39375,THSYQDG,0.0
39376,NYRRL,0.0
39377,GTMSLG,0.0
39378,SNNGSN,0.0
39379,VMEIC,0.0
39380,ASGGLGAELM,0.0
39381,TQPTE,0.0
39382,VHTMRKFG,0.0
39383,TSFRSCDG,0.0
39384,NINYESPAM,0.0
39385,LMVGECGV,0.0
39386,NLAELVQCG,0.0
39387,ESDRDFDDC,0.0
39388,GMCFNIQRV,0.0
39389,HGGSHD,0.0
39390,CLEGVECHD,0.0
39391,GYDRDD,0.0
39392,GHKVK,0.0
39393,RSQWHFAA,0.0
39394,GKIGHQDH,0.0
39395,GRFDKA,0.0
39396,YNKSR,0.0
39397,KKRPFRSEEG,0.0
39398,VHACECCK,0.0
39399,KWVGGDECS,0.0
39400,CDNVVQPK,0.0
39401,MEEQA,0.0
39402,AKKIA,0.0
39403,IPDSCKTEIC,0.0
39404,IGGTHSS,0.0
39405,GDSPGVMCQ,0.0
39406,PNWSQEK,0.0
39407,VMCEM,0.0
39408,KSCPRCSVK,0.0
39409,QEQNDQWHKD,0.0
39410,YNPDG,0.0
39411,WSVRPCRA,0.0
39412,MIQCKRPAA,0.0
39413,QGIAL,0.0
39414,NRQCQRN,0.0
39415,RSAMRVVPN,0.0
39416,QTKSKR,0.0
39417,ALGHTTKL,0.0
39418,MKKMK,0.0
39419,ESMGEIV,0.0
39420,LFINGEG,0.0
39421,NVGHICQ,0.0
39422,LNAKTIGT,0.0
39423,FLGQIA,0.0
39424,EQLSIL,0.0
39425,MYSKGKC,0.0
39426,QQNFDMHIQ,0.0
39427,DVWSMAPWP,0.0
39428,SGQFITCTA,0.0
39429,AMLGEQCCQ,0.0
39430,DGDTN,0.0
39431,HTVCFKETT,0.0
39432,QCPCHG,0.0
39433,WGDCN,0.0
39434,RSTDQSEMD,0.0
39435,DSDGLQL,0.0
39436,WVDMQN,0.0
39437,WKNKNIENV,0.0
39438,RVKIT,0.0
39439,CTVAADYSCQ,0.0
39440,AGPLSDGQRM,0.0
39441,PFKQERDMTL,0.0
39442,KIPINLA,0.0
39443,LEKQGMDHPD,0.0
39444,NNDELDP,0.0
39445,GLKNMMN,0.0
39446,NCRLACMHD,0.0
39447,VDGCDDS,0.0
39448,IMETTLICQQ,0.0
39449,DIKVDP,0.0
39450,AGTVDNLW,0.0
39451,GVASRR,0.0
39452,TCHDNIQ,0.0
39453,NSTKGVDIN,0.0
39454,GRWKPRECG,0.0
39455,GRLGNHILM,0.0
39456,EVKISRI,0.0
39457,AKDKNICIGH,0.0
39458,RCFPKR,0.0
39459,GPTGHPTDCG,0.0
39460,LQMPRQR,0.0
39461,GHQCEW,0.0
39462,ITKWRFAGD,0.0
39463,ASRMGVLAA,0.0
39464,AHQHQH,0.0
39465,DHMCMLNMCM,0.0
39466,MMPSIDE,0.0
39467,DSISRAEIPP,0.0
39468,NESRESQF,0.0
39469,GGKATHRVQ,0.0
39470,DEWAWYKAEV,0.0
39471,NENSEETDRE,0.0
39472,EEANDA,0.0
39473,HVRKG,0.0
39474,VVEQMCPET,0.0
39475,SNCEMS,0.0
39476,HDHDVPEG,0.0
39477,DCVHQESVMM,0.0
39478,RKWKTSH,0.0
39479,DWGGQQ,0.0
39480,CMSSRMSLR,0.0
39481,RTMDEDAAFG,0.0
39482,HAPAQ,0.0
39483,QQNGWGI,0.0
39484,QIGEVNDSQ,0.0
39485,KGIFAKLQI,0.0
39486,CGWDRR,0.0
39487,QNEKGNNYE,0.0
39488,QWGMCRKK,0.0
39489,NRAFKMRCL,0.0
39490,NWRVKKADE,0.0
39491,QNIFDIRS,0.0
39492,EGAIQICFHE,0.0
39493,RIPIQLGV,0.0
39494,DFNLD,0.0
39495,NHQMA,0.0
39496,LQDAHTEGNM,0.0
39497,VGQQSTI,0.0
39498,NDIMQKR,0.0
39499,NDDFHEN,0.0
39500,EFQFAFDEQY,0.0
39501,MTPMQ,0.0
39502,GIRQSVQ,0.0
39503,LGNYTKDM,0.0
39504,HGVHRCLE,0.0
39505,GGPLQE,0.0
39506,THGAGRKC,0.0
39507,VHEQQCCRH,0.0
39508,RPAVRLN,0.0
39509,DAKTG,0.0
39510,EGRSRVMQKG,0.0
39511,APAMIRPA,0.0
39512,VDLDLHGK,0.0
39513,GQCINVT,0.0
39514,LMILKED,0.0
39515,IRTKCE,0.0
39516,TDRNPPCK,0.0
39517,EQGDR,0.0
39518,MFHRRVEMG,0.0
39519,EVYTKRSEQL,0.0
39520,YASGESDANS,0.0
39521,EIQVLM,0.0
39522,ETALQ,0.0
39523,AMQIIK,0.0
39524,AHECSGQEST,0.0
39525,REERN,0.0
39526,EDWLCHKEQ,0.0
39527,TDHES,0.0
39528,KRGQLS,0.0
39529,VAGHQ,0.0
39530,CPGGDKG,0.0
39531,DNQCTSVCY,0.0
39532,ENEFFC,0.0
39533,NRDFKERD,0.0
39534,LQKMGQVC,0.0
39535,YHSDIES,0.0
39536,QPNMIIR,0.0
39537,MNFEGESLHG,0.0
39538,PDIPC,0.0
39539,PWIHKLSQ,0.0
39540,DRLQRRVQMR,0.0
39541,KQFSRHAEP,0.0
39542,EDWLA,0.0
39543,NGEKMTS,0.0
39544,EAMMNNKPRS,0.0
39545,MICSCR,0.0
39546,ADELP,0.0
39547,CIEDR,0.0
39548,AWVCVMITE,0.0
39549,CLKIAVCV,0.0
39550,HMYRGTVMGR,0.0
39551,GINGERRMPK,0.0
39552,TTKVEQ,0.0
39553,DNNQH,0.0
39554,QLKVKRREVR,0.0
39555,NMEGETWSE,0.0
39556,DSWQSYQE,0.0
39557,NLQWQNPMGE,0.0
39558,QDCQMTHDT,0.0
39559,QGWGKSPD,0.0
39560,SEGDMAQ,0.0
39561,QISLKDLDRP,0.0
39562,GQGNN,0.0
39563,EQSDLIDLSK,0.0
39564,CQCQRIG,0.0
39565,DKRECLAFC,0.0
39566,FEDLNS,0.0
39567,QQGKVQFE,0.0
39568,RFNMTANLLR,0.0
39569,HKMHTEAEGI,0.0
39570,WEPELL,0.0
39571,APSKRP,0.0
39572,TACDQ,0.0
39573,CPRAL,0.0
39574,SAKEGT,0.0
39575,NGSGN,0.0
39576,RNMSKDEMG,0.0
39577,QNMCE,0.0
39578,ISRKK,0.0
39579,NLEFA,0.0
39580,CYQEGDNW,0.0
39581,TAMPRN,0.0
39582,SRVTRFVVK,0.0
39583,RDMYQYEEQW,0.0
39584,HVNAVAVKD,0.0
39585,QPRMI,0.0
39586,QFNWKQK,0.0
39587,HEILEAC,0.0
39588,PYQQEK,0.0
39589,YERSAHKQA,0.0
39590,ECQSRSP,0.0
39591,DRSHRECG,0.0
39592,GRCANWLGM,0.0
39593,EHIGWA,0.0
39594,LECIMEC,0.0
39595,KNMQARPEWG,0.0
39596,DVCLIFILN,0.0
39597,IEKLCCCQTQ,0.0
39598,LVSAQAFQT,0.0
39599,GQGHQ,0.0
39600,KRAKDDRLNV,0.0
39601,NSHGCEQ,0.0
39602,LEQIV,0.0
39603,KWSTDRK,0.0
39604,CGLEQDCNFT,0.0
39605,EEICPMMYC,0.0
39606,GKTSAANMVG,0.0
39607,TVPDMMNR,0.0
39608,WWKQARR,0.0
39609,LPPMQQI,0.0
39610,ELVMM,0.0
39611,EDIPGIINH,0.0
39612,LQMITGC,0.0
39613,GEMDQDINYF,0.0
39614,SVNRRT,0.0
39615,NRCINDIC,0.0
39616,EGEHEGP,0.0
39617,KGRVIALFH,0.0
39618,HVTDQ,0.0
39619,QEFNLTTV,0.0
39620,LNVVQSNTPG,0.0
39621,DGWQQE,0.0
39622,PRTCAKQ,0.0
39623,EIGVYEHS,0.0
39624,EQPDLCAIH,0.0
39625,FMANKNDELM,0.0
39626,VMQFTQAP,0.0
39627,GQWQRTNE,0.0
39628,NEPPNTVKWK,0.0
39629,DRWQDQVFI,0.0
39630,QKKTS,0.0
39631,NSVRLAM,0.0
39632,CFLQTIGTI,0.0
39633,RETGQDSA,0.0
39634,CYQDYGMIM,0.0
39635,VRDGD,0.0
39636,IARKAIRV,0.0
39637,DDERMHM,0.0
39638,MVSMGLLT,0.0
39639,HGPDQSTA,0.0
39640,ISDQA,0.0
39641,NYSPDEKEY,0.0
39642,NQNEKIE,0.0
39643,YLCELLNGM,0.0
39644,DKEQVV,0.0
39645,DEWVPP,0.0
39646,GAIDRRQNKF,0.0
39647,HTGISCN,0.0
39648,AETST,0.0
39649,HCQIKYADT,0.0
39650,PSEDCIPIY,0.0
39651,ELWGE,0.0
39652,WHVRKAG,0.0
39653,EEACTKFKS,0.0
39654,YGENLEDN,0.0
39655,TNQKGTT,0.0
39656,IKWIFKDRA,0.0
39657,QRATTD,0.0
39658,DWLINHNGGD,0.0
39659,GGGRNEIGV,0.0
39660,VQGKMG,0.0
39661,VRYRQDAFRR,0.0
39662,EHMNGWEQ,0.0
39663,SDCMDTAIPM,0.0
39664,SEEEF,0.0
39665,LQIEQNC,0.0
39666,DLCRNQLQ,0.0
39667,CMERIHGGDE,0.0
39668,EIPICNIMN,0.0
39669,NYFHNNGGI,0.0
39670,QLRKVPCKC,0.0
39671,GSDYGR,0.0
39672,SLNIKPK,0.0
39673,CEQER,0.0
39674,MNSDKNQE,0.0
39675,FVQFQDG,0.0
39676,KTNNM,0.0
39677,GQYTCRKSRA,0.0
39678,KKWIRDFGAR,0.0
39679,MLICEQ,0.0
39680,MKQYK,0.0
39681,MIVPKQC,0.0
39682,GADQIIKKAF,0.0
39683,KQDWSDAIA,0.0
39684,VIDKNKIK,0.0
39685,KNCAV,0.0
39686,PNGNLTSKSE,0.0
39687,LQTQN,0.0
39688,SMGYLRGVLV,0.0
39689,EKMHRGCW,0.0
39690,ENRAHKNTNC,0.0
39691,DIVVGEE,0.0
39692,ADELPRSVVG,0.0
39693,GYRLENLV,0.0
39694,KQGDIKQGAI,0.0
39695,PEQMVCMK,0.0
39696,PKMVK,0.0
39697,GHCRRY,0.0
39698,TDQDWE,0.0
39699,YITKQR,0.0
39700,EPMGNDG,0.0
39701,LREMDDCW,0.0
39702,AEYQP,0.0
39703,YDFGED,0.0
39704,GEAMKKFV,0.0
39705,KQPTVRPRC,0.0
39706,LRQKCMMGC,0.0
39707,AFCQHEHCM,0.0
39708,TTPDTYAME,0.0
39709,NGQVSL,0.0
39710,YYTSEE,0.0
39711,LRKFVCCQR,0.0
39712,CNSHWSAHE,0.0
39713,RRQMK,0.0
39714,TMNVHKVRL,0.0
39715,QTGVRDQQFA,0.0
39716,DNRWAG,0.0
39717,LQIMIGQM,0.0
39718,DTVSNM,0.0
39719,SDINGM,0.0
39720,KERAENMH,0.0
39721,VDLDV,0.0
39722,INIRQST,0.0
39723,PKTKKCD,0.0
39724,NEDVK,0.0
39725,SAQLT,0.0
39726,LSANE,0.0
39727,IWGEEGGIR,0.0
39728,EEKGFRMRSH,0.0
39729,VANAP,0.0
39730,VTAMTCCEIK,0.0
39731,NHRDGE,0.0
39732,CCGILKTN,0.0
39733,LDVTNESHA,0.0
39734,HNDMHND,0.0
39735,WESDGM,0.0
39736,PMPVR,0.0
39737,DGDHYFM,0.0
39738,EIQIFHE,0.0
39739,VGDSCHMITA,0.0
39740,LSNPA,0.0
39741,CVMEVMEE,0.0
39742,INNQADLNH,0.0
39743,APPQDCKD,0.0
39744,VGRKNPC,0.0
39745,QHDDWDD,0.0
39746,CCQEASDWPS,0.0
39747,KCRSC,0.0
39748,TTVVSTKH,0.0
39749,FSYQDCVVG,0.0
39750,KNDMFQVR,0.0
39751,HEYDNCN,0.0
39752,NQEQHAE,0.0
39753,EDDWKQMRPN,0.0
39754,TNGTFNP,0.0
39755,NNLDEF,0.0
39756,QCPGD,0.0
39757,ADINP,0.0
39758,IHALE,0.0
39759,WGKKG,0.0
39760,EHDAA,0.0
39761,GHTTGACTCN,0.0
39762,EATTSFVQSC,0.0
39763,FNKLNIG,0.0
39764,IPVQGA,0.0
39765,GPPCK,0.0
39766,MGAAG,0.0
39767,HCEQVSGPH,0.0
39768,VKDCCAIII,0.0
39769,DTMGKRP,0.0
39770,HTLVRLNK,0.0
39771,DMCTNFKLS,0.0
39772,AMFAVR,0.0
39773,AVVTR,0.0
39774,DIKQPMCVH,0.0
39775,AEGCKQKKP,0.0
39776,WLRGKGQ,0.0
39777,QTTHTA,0.0
39778,EARHSTGHN,0.0
39779,MQQAH,0.0
39780,MTRCHEN,0.0
39781,RGQNNADT,0.0
39782,ASWQQPNT,0.0
39783,SVCDADPH,0.0
39784,AGHMLG,0.0
39785,NHTQFRHAL,0.0
39786,ADLTNQE,0.0
39787,TATQRKDQK,0.0
39788,GADCWQPI,0.0
39789,EGLIHFELL,0.0
39790,CEDENAL,0.0
39791,MWEMDM,0.0
39792,KTCEHRIN,0.0
39793,SNGVIINI,0.0
39794,ELNRIRGT,0.0
39795,QEGDDDTS,0.0
39796,FQVDWRQ,0.0
39797,RANVVQAFP,0.0
39798,AIRWCYEEE,0.0
39799,GCPDL,0.0
39800,ENPTNQ,0.0
39801,QSGLITQN,0.0
39802,IVKENA,0.0
39803,GIGPPK,0.0
39804,PCQIN,0.0
39805,NDCPMKNE,0.0
39806,AITTNHNVG,0.0
39807,PVCKDPD,0.0
39808,GCPCKTQP,0.0
39809,GFEEIN,0.0
39810,GLKQKSK,0.0
39811,QNGEPWS,0.0
39812,SSMGDT,0.0
39813,ICVEN,0.0
39814,CRGIHIMSQE,0.0
39815,QMIKDKQ,0.0
39816,GLEFE,0.0
39817,MQLEVAQHH,0.0
39818,NGNDH,0.0
39819,GGKAMMCA,0.0
39820,EVMQWMECC,0.0
39821,NNYEQRDC,0.0
39822,GLDNMTDDM,0.0
39823,VLYDLKPKP,0.0
39824,LCIGTR,0.0
39825,LDLAMMI,0.0
39826,RSMHTMQQ,0.0
39827,CIGTR,0.0
39828,ENCFQA,0.0
39829,MNTVQNVH,0.0
39830,LETFNNRG,0.0
39831,LNEVQGDW,0.0
39832,QEHCRRIDV,0.0
39833,SSKCRVLMGK,0.0
39834,NDDMSPMP,0.0
39835,MDQYEC,0.0
39836,HYSNWSESQ,0.0
39837,GADKPRP,0.0
39838,GSTADVEKHG,0.0
39839,AASNAWQ,0.0
39840,FDARIK,0.0
39841,HIVDDP,0.0
39842,NDPHE,0.0
39843,THAGDEVQ,0.0
39844,ENQQGDKN,0.0
39845,MAHDVCKYC,0.0
39846,QVGPT,0.0
39847,DYAGDPAQVP,0.0
39848,FDKNECDK,0.0
39849,MMTPCDAKTG,0.0
39850,REFRVPME,0.0
39851,EHDHL,0.0
39852,GPQWN,0.0
39853,EQNPHEEIFY,0.0
39854,RSNVI,0.0
39855,ECSEAMTNI,0.0
39856,MCNCLRELN,0.0
39857,NCTMLLQT,0.0
39858,LDTNWQG,0.0
39859,GGCGS,0.0
39860,RKKEQW,0.0
39861,VMEWMQIPQ,0.0
39862,ACTPL,0.0
39863,DYASAD,0.0
39864,EYDCH,0.0
39865,VRMQKF,0.0
39866,CVEIRAL,0.0
39867,QTQKTN,0.0
39868,IKAADS,0.0
39869,MVAACG,0.0
39870,SEMHLLPDW,0.0
39871,GTNGVR,0.0
39872,IEGHNVS,0.0
39873,QCAYVDQGGQ,0.0
39874,SECGSMWDT,0.0
39875,DNWVVPSLEV,0.0
39876,QVNPKECR,0.0
39877,NGMEMK,0.0
39878,DMQERRMA,0.0
39879,PGQEP,0.0
39880,DAKTGMMTPC,0.0
39881,HYNDKEIQY,0.0
39882,EDGKM,0.0
39883,LQRMQGHTT,0.0
39884,AVDSVVV,0.0
39885,NGWKDDMK,0.0
39886,CQHVED,0.0
39887,LRTQRRVPCY,0.0
39888,NRPAT,0.0
39889,ARMFIGAELK,0.0
39890,CYQDLNN,0.0
39891,CEREFARKLG,0.0
39892,EEQENHFVNM,0.0
39893,ELLAICQ,0.0
39894,EVVERFP,0.0
39895,CLMDMMAS,0.0
39896,RKIQHWK,0.0
39897,DSVCIM,0.0
39898,MQQCWIIG,0.0
39899,TANQI,0.0
39900,KKPITLKA,0.0
39901,VNNKMLTS,0.0
39902,KQVATMNNE,0.0
39903,RKDRSCLP,0.0
39904,WIHDTAIKK,0.0
39905,TTPVMQLL,0.0
39906,WMKKQAG,0.0
39907,GKMKPN,0.0
39908,VRPPRN,0.0
39909,WNGGISNL,0.0
39910,KPDATE,0.0
39911,HWNIVEGCP,0.0
39912,NDNELKW,0.0
39913,KNRNFKFSG,0.0
39914,DIQRWPVNS,0.0
39915,PNVRNMR,0.0
39916,FRGNR,0.0
39917,NKIWGEDE,0.0
39918,RGPLCYNN,0.0
39919,AYWNEHWDLE,0.0
39920,PCLKANN,0.0
39921,RTANKL,0.0
39922,WPRLAPRD,0.0
39923,SNIGYKTK,0.0
39924,QGVTTRV,0.0
39925,KRKGAI,0.0
39926,TQASGR,0.0
39927,NKCPLM,0.0
39928,WAETSWMKA,0.0
39929,LINWDLNG,0.0
39930,NQPSD,0.0
39931,ESMGP,0.0
39932,MACIVTDLAK,0.0
39933,DTHEPGNLQF,0.0
39934,CGMNFCMCR,0.0
39935,QEWDDRWLGP,0.0
39936,LAIHEGVI,0.0
39937,QPHNHG,0.0
39938,FSNQVSDD,0.0
39939,DCRGR,0.0
39940,DENSEHD,0.0
39941,TDINDESG,0.0
39942,GVCRV,0.0
39943,CYVRTMGKVE,0.0
39944,IRGRMF,0.0
39945,ATRAMIDE,0.0
39946,SKGHEKM,0.0
39947,NRAIMKR,0.0
39948,DCIGD,0.0
39949,TGVETHECT,0.0
39950,LGGSEND,0.0
39951,EDGDSC,0.0
39952,KSTKVPVD,0.0
39953,NGGTVQPITN,0.0
39954,ANWADHTQG,0.0
39955,QSNECMDHCM,0.0
39956,PMIVNPME,0.0
39957,VNWQQQ,0.0
39958,HRQVNAGSS,0.0
39959,KCHRPPQD,0.0
39960,TKDDTPDH,0.0
39961,QYLTSQ,0.0
39962,NDTEPSWC,0.0
39963,NFIDRGYQNK,0.0
39964,SLHECKRM,0.0
39965,ERGQQLVE,0.0
39966,SDLACFECR,0.0
39967,FHAKMCIKK,0.0
39968,NGLKPPL,0.0
39969,IGARECCLP,0.0
39970,ERARRVECA,0.0
39971,INDAS,0.0
39972,FSNIVDEQ,0.0
39973,QQWGECPP,0.0
39974,RWVVPANKGT,0.0
39975,TWLDQQRHT,0.0
39976,VNEGC,0.0
39977,FNPRNCMQ,0.0
39978,KIAVNAAFS,0.0
39979,GSETTP,0.0
39980,PVDRE,0.0
39981,TIICALCNTE,0.0
39982,QSDMDRI,0.0
39983,GKTSA,0.0
39984,EDPEEM,0.0
39985,HNMDI,0.0
39986,TSDSLECLPV,0.0
39987,VIKSYRCGV,0.0
39988,MAYNKFKMRM,0.0
39989,KCSNYDDQ,0.0
39990,MMQDV,0.0
39991,EKHMMSR,0.0
39992,CSVQN,0.0
39993,RPNCIQ,0.0
39994,EQWQAN,0.0
39995,SAPRI,0.0
39996,LGEQWEHN,0.0
39997,FWEAME,0.0
39998,WRGQPDSE,0.0
39999,QSPEAYATVC,0.0
40000,DHQLHVCETG,0.0
40001,RTDVAVNDS,0.0
40002,PARVVKRMNP,0.0
40003,YAMHGNQN,0.0
40004,LYAGQ,0.0
40005,VKKMQRW,0.0
40006,EFSGPI,0.0
40007,GEASVNWM,0.0
40008,KDSARRVMI,0.0
40009,SMPSLPTS,0.0
40010,HKRTPN,0.0
40011,TNDATNGLVM,0.0
40012,AKCLLQS,0.0
40013,DEAWCM,0.0
40014,VKVKGL,0.0
40015,RDLWGAQAK,0.0
40016,AIDDDTDSK,0.0
40017,YHSEYEDI,0.0
40018,EAFINHVSA,0.0
40019,EKCPEEQTF,0.0
40020,RQLGSDIDE,0.0
40021,ISTNN,0.0
40022,DPLWLTNQDS,0.0
40023,CCSRGGIQ,0.0
40024,PVKSKKQV,0.0
40025,LRFLDVRKG,0.0
40026,MTPSCPLNA,0.0
40027,VNIRKAKTWR,0.0
40028,CSNCGGNN,0.0
40029,DGDMW,0.0
40030,VDKKSGCSLD,0.0
40031,WVLSGDNQ,0.0
40032,CGEPSME,0.0
40033,THAKDLPR,0.0
40034,IGHFEDEP,0.0
40035,DTFGHVVNSN,0.0
40036,KQMKVEA,0.0
40037,GGLDS,0.0
40038,FESRSDGH,0.0
40039,EQINCYLEK,0.0
40040,CIQQGTS,0.0
40041,MTRMHERQ,0.0
40042,NWRQRHGERN,0.0
40043,SWALVGRC,0.0
40044,QSKRTEIF,0.0
40045,TDSWCTE,0.0
40046,VGSGDPAF,0.0
40047,IKEDVDF,0.0
40048,DEWMMCNNW,0.0
40049,NNIVRKWE,0.0
40050,RFESRECNMN,0.0
40051,VRQWRN,0.0
40052,DGFTAYE,0.0
40053,TTESVNQLMT,0.0
40054,LMLCRTIGT,0.0
40055,SRHWRIIER,0.0
40056,QGHGTKQEG,0.0
40057,LHIGMEQADT,0.0
40058,AMRRVQLRWC,0.0
40059,YGACTIPRMK,0.0
40060,CSFMNDHDT,0.0
40061,NFNVKIPI,0.0
40062,RWGMER,0.0
40063,KNNKAKE,0.0
40064,HFQQCRT,0.0
40065,DHAKQYDNEV,0.0
40066,CAKIV,0.0
40067,GWDELPVC,0.0
40068,LRGFNSNRGN,0.0
40069,QVIDHQD,0.0
40070,IGQFSASCKR,0.0
40071,TSQGR,0.0
40072,NGHRWR,0.0
40073,NVELNFPD,0.0
40074,QERPM,0.0
40075,ESQVYWMLQ,0.0
40076,ESLGHYGFDG,0.0
40077,QLALCQ,0.0
40078,PRMVV,0.0
40079,RGTMSGI,0.0
40080,IFEVE,0.0
40081,PKNVM,0.0
40082,SLATNQ,0.0
40083,QRTHEHHFL,0.0
40084,AEMMLYKVR,0.0
40085,MPRSA,0.0
40086,DINEK,0.0
40087,WENEDSP,0.0
40088,ASGHDT,0.0
40089,MAQVG,0.0
40090,KPNTG,0.0
40091,EQCSQ,0.0
40092,VNRAVVCDL,0.0
40093,CQGQGDVSIN,0.0
40094,VIACPGARVD,0.0
40095,RVNPEM,0.0
40096,EKGCKSD,0.0
40097,WVSFESNKG,0.0
40098,DQAKEMNFRM,0.0
40099,MWENHNLK,0.0
40100,NVTHHGNLT,0.0
40101,GWFEYVNNDN,0.0
40102,QRLEI,0.0
40103,ITDLD,0.0
40104,NKDRA,0.0
40105,IMYKKM,0.0
40106,LPDHQMN,0.0
40107,QQKPV,0.0
40108,VEALRDFLM,0.0
40109,ASWYEENNP,0.0
40110,QDLMKART,0.0
40111,SGRNSDK,0.0
40112,DLLCFEVT,0.0
40113,DDNTWECR,0.0
40114,RNQAY,0.0
40115,EHIDMEP,0.0
40116,DPIGGGLSSA,0.0
40117,LEVIEGPFTA,0.0
40118,CGRAD,0.0
40119,IQDLFDTRG,0.0
40120,LRLLMDASEK,0.0
40121,ILSDMDNK,0.0
40122,TRGERLQNIC,0.0
40123,QNGEHVC,0.0
40124,YKRRC,0.0
40125,DNNIHQVMSH,0.0
40126,RGIGSC,0.0
40127,IKGLRQE,0.0
40128,LIDPEHNQ,0.0
40129,CGMRV,0.0
40130,QECLGGPF,0.0
40131,CITPDDSSDG,0.0
40132,RIRWNR,0.0
40133,KENQQ,0.0
40134,YQDDLTFLS,0.0
40135,KPTLSYIMQK,0.0
40136,GGSSHGNCNP,0.0
40137,QNNMKRE,0.0
40138,ESEDDKEYC,0.0
40139,MSCESA,0.0
40140,HGEARVMGCQ,0.0
40141,MIQNAE,0.0
40142,VNNRACVR,0.0
40143,RQLKVASRQF,0.0
40144,AAHHMGHCV,0.0
40145,NRDTNSCQ,0.0
40146,QVTDLQQKGR,0.0
40147,EMQAC,0.0
40148,KVESHPAPK,0.0
40149,QSEATNIT,0.0
40150,NEAGMADW,0.0
40151,SDLMMFKVRG,0.0
40152,NLQIS,0.0
40153,GEIAHPGV,0.0
40154,FKENEMSIVE,0.0
40155,YDVEEPHD,0.0
40156,MRFKP,0.0
40157,FKDDEQK,0.0
40158,VPSWRARMT,0.0
40159,PSGEMNV,0.0
40160,CGLEQ,0.0
40161,QNMDGNIPAF,0.0
40162,NYSSEDH,0.0
40163,TKTVNIYIRQ,0.0
40164,GDHIQNIV,0.0
40165,IGNRDG,0.0
40166,MSEAN,0.0
40167,AHATNM,0.0
40168,GVGFWFRRS,0.0
40169,AAEGRVNLS,0.0
40170,DYPPEGDCTD,0.0
40171,HVKICENET,0.0
40172,TECHDCKTDT,0.0
40173,ALQCSVSFP,0.0
40174,HKKRYKW,0.0
40175,NGIRGIISD,0.0
40176,CIEITKK,0.0
40177,EGACGWIQ,0.0
40178,SHMFNSDGC,0.0
40179,VDVGEEYQNG,0.0
40180,SIHEAKEIR,0.0
40181,KQQQRHRM,0.0
40182,TICEGVGD,0.0
40183,EKNLKR,0.0
40184,QSALFRRFQ,0.0
40185,AFCKNGCDV,0.0
40186,PQDQL,0.0
40187,GPCMWPHRQ,0.0
40188,HGGDS,0.0
40189,FNEMQSVASG,0.0
40190,ENLMH,0.0
40191,GLYCKTRQK,0.0
40192,EISESNDA,0.0
40193,VCRVG,0.0
40194,VNFESDDK,0.0
40195,DTNEDPDN,0.0
40196,GDGHERTT,0.0
40197,EVLLEKMGNV,0.0
40198,LEARGRSPN,0.0
40199,HKQNTKL,0.0
40200,RIGTCEV,0.0
40201,TENEEMTHW,0.0
40202,VNHPRCGN,0.0
40203,NGRAN,0.0
40204,SCEHTE,0.0
40205,CMMHFRQNC,0.0
40206,YYVVDEGSVE,0.0
40207,NPELN,0.0
40208,NDQLQLGCGK,0.0
40209,SIAAL,0.0
40210,KTAKMRRR,0.0
40211,YEYDHY,0.0
40212,CKSQCKMM,0.0
40213,RDSGSR,0.0
40214,SMQANQMNLL,0.0
40215,AIENM,0.0
40216,NVTNGMQNT,0.0
40217,GEQIHWDG,0.0
40218,GIPVMLRR,0.0
40219,SVHQKITQV,0.0
40220,SQTMGICN,0.0
40221,ASTSIMCDN,0.0
40222,MYQLLKINT,0.0
40223,HDDKLFPDR,0.0
40224,PNEECQP,0.0
40225,AECNAY,0.0
40226,QKNKEAI,0.0
40227,IEWSKNKC,0.0
40228,VKCDQD,0.0
40229,PTEKTVCR,0.0
40230,RWQSKLCLPR,0.0
40231,NDQLQ,0.0
40232,VIKIRSQEM,0.0
40233,IPPNPQ,0.0
40234,PKTSKTMCA,0.0
40235,GSFCDKM,0.0
40236,MAMDIG,0.0
40237,SDPCVGKDL,0.0
40238,SKQSNPTI,0.0
40239,YDGEG,0.0
40240,HECNAM,0.0
40241,GIHAEMTR,0.0
40242,EMEFAHPQE,0.0
40243,GQELT,0.0
40244,LNCIMGEE,0.0
40245,MFCLDDYLDE,0.0
40246,VNEGG,0.0
40247,KKVLKFST,0.0
40248,TRAKI,0.0
40249,FLRITLENLE,0.0
40250,HQIENI,0.0
40251,NGSETRF,0.0
40252,YNMLAKSR,0.0
40253,PDQEFCFTRG,0.0
40254,GGLVGEL,0.0
40255,HMRNEG,0.0
40256,GDVKPHASNT,0.0
40257,TMQCDDTFC,0.0
40258,DMLCTQGFG,0.0
40259,KVVQG,0.0
40260,NEVIA,0.0
40261,MGAADCSETC,0.0
40262,LAEYKKSLC,0.0
40263,FLQDN,0.0
40264,MLGME,0.0
40265,CNQLNCG,0.0
40266,GTWENGNYV,0.0
40267,DDQNQCI,0.0
40268,PRRNSDNS,0.0
40269,DMGNIG,0.0
40270,RQIRKTPQR,0.0
40271,TWPAEAATQV,0.0
40272,FHEPIN,0.0
40273,DCYYVMEKS,0.0
40274,QHDRDKRKG,0.0
40275,YGNARAKDRQ,0.0
40276,QCAVD,0.0
40277,YKQVKN,0.0
40278,KVLGKNNE,0.0
40279,GDIDDCPM,0.0
40280,TQDHCE,0.0
40281,AKIAKRTDHC,0.0
40282,TPRSVQV,0.0
40283,DSPPTDEGKQ,0.0
40284,PPTCHQFNQ,0.0
40285,NNSQVEQW,0.0
40286,RDIAEIS,0.0
40287,AFQQFFSAA,0.0
40288,IRAIMAC,0.0
40289,ASQKPRK,0.0
40290,ERIASHCPA,0.0
40291,SVDTYNET,0.0
40292,AVVPEIAMN,0.0
40293,IPSKGK,0.0
40294,MVRTTGS,0.0
40295,LKNCHHSG,0.0
40296,MLTEGNNWP,0.0
40297,DLTKTR,0.0
40298,KGNQT,0.0
40299,DVTDLM,0.0
40300,NELTTKCLAR,0.0
40301,PSREK,0.0
40302,DIRNESF,0.0
40303,LRSEAV,0.0
40304,LSVSDQKMS,0.0
40305,VAFTDDSMT,0.0
40306,LDSEMIYM,0.0
40307,ACGSP,0.0
40308,MDFPANA,0.0
40309,TNISIECE,0.0
40310,IADVN,0.0
40311,EVSVN,0.0
40312,DNCEPHNP,0.0
40313,CPLVDN,0.0
40314,RTPGG,0.0
40315,DDHSLDNC,0.0
40316,QKGDIN,0.0
40317,LTSMEFEPYD,0.0
40318,RIKRDYAMRQ,0.0
40319,IEKKARP,0.0
40320,YQTHDIGMG,0.0
40321,QIGQSLE,0.0
40322,RQHTDIVS,0.0
40323,MPGSRGLQ,0.0
40324,RRRSHQ,0.0
40325,MRDEK,0.0
40326,YGEIFYEDVD,0.0
40327,GYDSYD,0.0
40328,DSPRLFQHQ,0.0
40329,PSQCIPFKK,0.0
40330,AQLASGLNH,0.0
40331,DSTLEWEEAF,0.0
40332,DIVVNPQF,0.0
40333,KVKTRLHNNM,0.0
40334,FRPSTRRI,0.0
40335,CKLLSKKT,0.0
40336,REKMKPFK,0.0
40337,MCGDNKM,0.0
40338,NIKQVCQ,0.0
40339,LQWGQVNDP,0.0
40340,LGCGEYNCK,0.0
40341,MKDNHKIT,0.0
40342,DWEGVFVG,0.0
40343,KECVSVML,0.0
40344,KLHVEGD,0.0
40345,IDLGIGGD,0.0
40346,GPDRCVDC,0.0
40347,GDPMISMD,0.0
40348,QRDKKKPNP,0.0
40349,ECTVD,0.0
40350,SKACMDV,0.0
40351,CTRICGN,0.0
40352,RQGHQ,0.0
40353,TVGTLVD,0.0
40354,LSYKSGRS,0.0
40355,VNNAHIQR,0.0
40356,WESHNGT,0.0
40357,EGDGDKMS,0.0
40358,SHSRPRGKY,0.0
40359,VQFIADNTGN,0.0
40360,RNSKVKK,0.0
40361,DRSDYPSKQ,0.0
40362,AQMRAQQQPA,0.0
40363,KPACQ,0.0
40364,ALERFSTSAS,0.0
40365,KKLSL,0.0
40366,KDTAKPNLAD,0.0
40367,TSSAADENQ,0.0
40368,GIRCEMCGD,0.0
40369,GPRER,0.0
40370,TCPCNRMKGA,0.0
40371,QSAINT,0.0
40372,GKDLR,0.0
40373,CTAQNDCFD,0.0
40374,RASPQTRS,0.0
40375,CQAEY,0.0
40376,PVCTAE,0.0
40377,MIRKQGME,0.0
40378,MTDTMPL,0.0
40379,AKVVRPM,0.0
40380,VQDDGPAIE,0.0
40381,LQLVCRVRF,0.0
40382,MPNETG,0.0
40383,KLNVGKT,0.0
40384,VQRRCCN,0.0
40385,NTDPAM,0.0
40386,CLKCNMG,0.0
40387,PREKKVNKIG,0.0
40388,EESNFQR,0.0
40389,TDRLGMS,0.0
40390,MRRYHSKHRG,0.0
40391,MIMMSKPQ,0.0
40392,GLIIAQ,0.0
40393,QGNEGIEW,0.0
40394,LIKPR,0.0
40395,DGQNQQ,0.0
40396,ELVDPRKL,0.0
40397,NYMSKTSR,0.0
40398,AGTSVMN,0.0
40399,PIKETN,0.0
40400,GRTHVDME,0.0
40401,TRKVR,0.0
40402,LKCKGPATNE,0.0
40403,EAMMGMDG,0.0
40404,QTNSIR,0.0
40405,RSQPKTVEQ,0.0
40406,DDGIFHNGRV,0.0
40407,VMDIVHQ,0.0
40408,ARGDTF,0.0
40409,NDVFPRIL,0.0
40410,INDSMS,0.0
40411,TMHAGNS,0.0
40412,LNRNMC,0.0
40413,RQKNCQE,0.0
40414,CTKEQM,0.0
40415,IKMHQQ,0.0
40416,QHAGGTLTR,0.0
40417,HWKRQLAVDK,0.0
40418,TQDKDHCGQK,0.0
40419,MGELLDHSLG,0.0
40420,SNAIETE,0.0
40421,EICVT,0.0
40422,RNKCIITI,0.0
40423,KCNGTWRWIK,0.0
40424,EKLLSKCH,0.0
40425,CVDMGTVM,0.0
40426,QRRETMTD,0.0
40427,HIQDDSPHDL,0.0
40428,RSQVRTT,0.0
40429,MQCGITIV,0.0
40430,GDEFSQMPDK,0.0
40431,CPGPIRM,0.0
40432,QMEQNGQ,0.0
40433,AELEGN,0.0
40434,ETLYPQV,0.0
40435,MQRVVNNKL,0.0
40436,KWTSAQKMA,0.0
40437,NAVNKLF,0.0
40438,KHDQSEN,0.0
40439,YADSCDEA,0.0
40440,EFNSPKQRT,0.0
40441,CPRLPGIM,0.0
40442,ATDPE,0.0
40443,DVNGQFAWH,0.0
40444,IELICDGI,0.0
40445,NDPTD,0.0
40446,ILKGN,0.0
40447,EYNRHEGT,0.0
40448,AIPRHN,0.0
40449,GCIIGMPE,0.0
40450,KIGHKR,0.0
40451,EHQNSA,0.0
40452,ARQLNFETR,0.0
40453,EQTNCV,0.0
40454,LYNRR,0.0
40455,EVQGAWPNG,0.0
40456,KCRNV,0.0
40457,EQNEWYPPQL,0.0
40458,QSCALDSIM,0.0
40459,AKWDGVAVL,0.0
40460,VPCVLMR,0.0
40461,VCRPRRV,0.0
40462,KHDNYGNIA,0.0
40463,LDTDVI,0.0
40464,NSGGQKRFGG,0.0
40465,WAHHSQA,0.0
40466,EHDAAWFFLD,0.0
40467,MNCAT,0.0
40468,RNPIKLIQN,0.0
40469,WFTDRGDHM,0.0
40470,PDDTANIEF,0.0
40471,LGIWTDNSS,0.0
40472,MMADGGYWA,0.0
40473,PRTGPT,0.0
40474,NEPVGEV,0.0
40475,ARCDWIAI,0.0
40476,WEYEM,0.0
40477,RLACQA,0.0
40478,ARARKILKW,0.0
40479,ITEIGISRKK,0.0
40480,QGTVPS,0.0
40481,YQSHDPRPE,0.0
40482,QEETSKWR,0.0
40483,YDDVMHG,0.0
40484,RNFATPM,0.0
40485,RCANL,0.0
40486,EGDLIM,0.0
40487,QMQSD,0.0
40488,IRHCRYRE,0.0
40489,ANPIRLP,0.0
40490,VHEMQE,0.0
40491,CGDDMTY,0.0
40492,RPKQIS,0.0
40493,LTAHEEMVD,0.0
40494,FGNRQSDIEV,0.0
40495,EFGDNVN,0.0
40496,QVDNQDTK,0.0
40497,AAEDKF,0.0
40498,FAGQNSDP,0.0
40499,QRDVTV,0.0
40500,IFDQDVCFEV,0.0
40501,ETFDEMHE,0.0
40502,DRICIQ,0.0
40503,RVEAPVKGM,0.0
40504,GGHQDVKNN,0.0
40505,QMTMME,0.0
40506,NCATRVI,0.0
40507,PERGLCAHL,0.0
40508,EHNIHRYWA,0.0
40509,QNCSKAKET,0.0
40510,VNDAG,0.0
40511,QIGNGVYDM,0.0
40512,SCRNERQYQ,0.0
40513,AESCPQHSD,0.0
40514,QQRNEEH,0.0
40515,QDGHVGM,0.0
40516,CQQETQ,0.0
40517,TITIMSTMK,0.0
40518,EWIQME,0.0
40519,ASGCLN,0.0
40520,EKQGYNHVN,0.0
40521,EDWYLSTV,0.0
40522,HWARSLNR,0.0
40523,RQQVEIG,0.0
40524,EENCGWKNNA,0.0
40525,TSIESVDPY,0.0
40526,AQDSFMDV,0.0
40527,FGHNWGAT,0.0
40528,PPEKKMSL,0.0
40529,VISDHGTERN,0.0
40530,HKDNIQLGK,0.0
40531,PGFTVIKQ,0.0
40532,QDLCRQFGA,0.0
40533,GWENEVNE,0.0
40534,IVMSDLID,0.0
40535,VQLDQPCKI,0.0
40536,PAKRVS,0.0
40537,KDLQKI,0.0
40538,ERFPRKPG,0.0
40539,KGMCKMEG,0.0
40540,GEIIQ,0.0
40541,LWQGRMQ,0.0
40542,ETCCVGPW,0.0
40543,LETKLEMS,0.0
40544,VVKQEGN,0.0
40545,TKMVGGLT,0.0
40546,QLKGRRD,0.0
40547,NKNKVTTH,0.0
40548,PQIDQMND,0.0
40549,CGECIGDNRH,0.0
40550,LANRIQLI,0.0
40551,MDHEFIGG,0.0
40552,CNINGKN,0.0
40553,DLDMYL,0.0
40554,ESNSTHGP,0.0
40555,DCGVDLQMPI,0.0
40556,SQLNWQLAN,0.0
40557,WAGKYAQIKR,0.0
40558,DSTIDDTPE,0.0
40559,DPKKE,0.0
40560,KYRGKCK,0.0
40561,ACVAECIEHP,0.0
40562,HWAHMGSVL,0.0
40563,PGSVPGNT,0.0
40564,VLIRRNFKR,0.0
40565,HCSEGE,0.0
40566,AWGNFAFND,0.0
40567,CQLNINKS,0.0
40568,VEHRTRR,0.0
40569,YDGNWGA,0.0
40570,ENIHNGNHV,0.0
40571,QHMQK,0.0
40572,RIGCKTC,0.0
40573,GFDQNTHKP,0.0
40574,EIQGSN,0.0
40575,QRITKTQ,0.0
40576,QACKMPDKQD,0.0
40577,SDGVM,0.0
40578,GHEQMP,0.0
40579,VNERLGDG,0.0
40580,YEGEERH,0.0
40581,TDLAK,0.0
40582,EPNWTQ,0.0
40583,DSGSCQVFDG,0.0
40584,RGVIEIMDP,0.0
40585,LNAIR,0.0
40586,TRPYEGND,0.0
40587,SVDSGPEK,0.0
40588,HRKRES,0.0
40589,MDNVDHEC,0.0
40590,TIIEQ,0.0
40591,AAWIQNNG,0.0
40592,GLMIPR,0.0
40593,HDVQPDTKM,0.0
40594,KYQCVALQE,0.0
40595,HLDDYAQ,0.0
40596,FDGSRNSC,0.0
40597,EMQCIMVID,0.0
40598,IGHKSSSQRQ,0.0
40599,NGMWNGRDL,0.0
40600,VMNQDIMLI,0.0
40601,HNKLKQGK,0.0
40602,DRIAADVDHK,0.0
40603,PEVCTEC,0.0
40604,DDIGDPIFDK,0.0
40605,CEQQCRQ,0.0
40606,QDSHQAPSL,0.0
40607,NMAEYM,0.0
40608,FAKMAR,0.0
40609,FKENTRMCR,0.0
40610,NAILQDS,0.0
40611,VDVLQTRQE,0.0
40612,PFGCRVVRNQ,0.0
40613,NQVCM,0.0
40614,FCMEDCT,0.0
40615,IRFGRG,0.0
40616,QELYQ,0.0
40617,ISDSTLTK,0.0
40618,RGNIFMQV,0.0
40619,PQDFQQFG,0.0
40620,EKTDIQDGE,0.0
40621,CTNEEYSIPD,0.0
40622,HEFTE,0.0
40623,DDPCNLEH,0.0
40624,EYCIEE,0.0
40625,DKNDDIIE,0.0
40626,DSKEEF,0.0
40627,MGVAQWNNR,0.0
40628,DNEET,0.0
40629,DRSAKGV,0.0
40630,IDDAH,0.0
40631,TSQFQVDNY,0.0
40632,MEETGMC,0.0
40633,DARRKC,0.0
40634,VGKATT,0.0
40635,RGNAF,0.0
40636,GGKGPRCRK,0.0
40637,MNCPAL,0.0
40638,RELDCRIE,0.0
40639,DFQFVGD,0.0
40640,ECPRP,0.0
40641,KHEMKLKP,0.0
40642,ETERRTAGEV,0.0
40643,KREPQIE,0.0
40644,DETLLGLGYM,0.0
40645,RLMIMSNN,0.0
40646,NNGSFFAND,0.0
40647,ENCVGNP,0.0
40648,EELEHIHIPE,0.0
40649,SMVNRTL,0.0
40650,LFVMQTEE,0.0
40651,MADIQ,0.0
40652,IQEHAGL,0.0
40653,MFGDCLDAN,0.0
40654,QQGESRD,0.0
40655,ADFEKD,0.0
40656,NMLVVQHQ,0.0
40657,GEWEME,0.0
40658,GMMLEITEH,0.0
40659,RIFRIKE,0.0
40660,TVKGSR,0.0
40661,DNLTTLEG,0.0
40662,IGGQFRNQIN,0.0
40663,PNENTVKGP,0.0
40664,RNGFLVQKRQ,0.0
40665,MIDMNVIMQ,0.0
40666,ICQGM,0.0
40667,QPEVTMP,0.0
40668,QPSRQSLKV,0.0
40669,PVEIKTNCQN,0.0
40670,DCEKPKMR,0.0
40671,QEHQIVDDNY,0.0
40672,MEKCTSLHQ,0.0
40673,MQWGSTVMKA,0.0
40674,NKEMNCP,0.0
40675,AAVAFYPKN,0.0
40676,MKNGI,0.0
40677,QFNRRES,0.0
40678,WVSKGNRLTK,0.0
40679,KCNKN,0.0
40680,NVPESNTKN,0.0
40681,GKTWIAR,0.0
40682,GPETTIKL,0.0
40683,RWAANQGT,0.0
40684,NDFQG,0.0
40685,NSWQRKK,0.0
40686,GCGYNISPI,0.0
40687,KCKAPH,0.0
40688,ASCTAS,0.0
40689,LRGHEGVC,0.0
40690,SNRSDQNPW,0.0
40691,ELNSSHTTI,0.0
40692,QWRFAQK,0.0
40693,NDSEPWSME,0.0
40694,GCINA,0.0
40695,MSLQNE,0.0
40696,VGNKRARRER,0.0
40697,GPEMRAVHG,0.0
40698,PDMLSGMQ,0.0
40699,IEIVD,0.0
40700,GQIEDLDCI,0.0
40701,QKEDNRWNN,0.0
40702,QQENH,0.0
40703,ESVMQAKT,0.0
40704,RKIKGSSL,0.0
40705,FEKEFKK,0.0
40706,CQMDRKAV,0.0
40707,SMMIVGE,0.0
40708,DPNKVCYGQ,0.0
40709,MGNRIQYCR,0.0
40710,ESLAKCKCD,0.0
40711,RDNVQ,0.0
40712,MYTLRQRYNA,0.0
40713,LYMPSRNEK,0.0
40714,GCEVRGTGE,0.0
40715,NCEMRE,0.0
40716,CSQDGA,0.0
40717,KKELDGVKCL,0.0
40718,SELED,0.0
40719,PSVCEPQ,0.0
40720,QGTQHCCQDL,0.0
40721,QITRTR,0.0
40722,GECIDDNVYS,0.0
40723,DSNDND,0.0
40724,KGRFQGS,0.0
40725,RCYEVEIKAK,0.0
40726,VNVPTR,0.0
40727,QLAVLRCHRG,0.0
40728,RQPIRD,0.0
40729,WPSCQTPKR,0.0
40730,TCAET,0.0
40731,GFTEVDT,0.0
40732,EYGTRA,0.0
40733,NPQMCDSP,0.0
40734,ECTGEPQ,0.0
40735,CQNQMKQI,0.0
40736,MDPQAGPIDN,0.0
40737,EAKDTAPHMS,0.0
40738,PCKPDDTE,0.0
40739,TEIKR,0.0
40740,QRRFTGL,0.0
40741,QGEKAI,0.0
40742,EDNMYNNAF,0.0
40743,FSGDGLDT,0.0
40744,VVYDGQNGG,0.0
40745,LWKRVIR,0.0
40746,RREKK,0.0
40747,PTAIDGQKTS,0.0
40748,EHDVNDD,0.0
40749,QPIGGRE,0.0
40750,NKGRQTLF,0.0
40751,AEKFKNIS,0.0
40752,MDDCFME,0.0
40753,FGETA,0.0
40754,SNGSLEAVL,0.0
40755,ESWSLE,0.0
40756,RMLKVPN,0.0
40757,CNGKM,0.0
40758,FTDME,0.0
40759,HGEEEES,0.0
40760,DNHLGKVAQ,0.0
40761,TELDRVQ,0.0
40762,KQGWQFQAH,0.0
40763,NPKTE,0.0
40764,MSHHTKQ,0.0
40765,ADFPETNAQ,0.0
40766,TKNDQQARAY,0.0
40767,NACMPANP,0.0
40768,NNCFHLRDQ,0.0
40769,GEIFKHMEN,0.0
40770,PDEDA,0.0
40771,VCERRKR,0.0
40772,NLDMDAPP,0.0
40773,HRWSMPAR,0.0
40774,QPMRRQEE,0.0
40775,FSGNDPKVI,0.0
40776,SSCVQKTCYR,0.0
40777,LECTFTGSL,0.0
40778,GNWLFQNGCR,0.0
40779,AAEQCVKYD,0.0
40780,CQPLLRQRE,0.0
40781,RHVNDEDQ,0.0
40782,LARRT,0.0
40783,RKCRHPCFT,0.0
40784,KNCADR,0.0
40785,IMDPQEEFW,0.0
40786,LEKCLIDT,0.0
40787,RRQIG,0.0
40788,DECGAKQFC,0.0
40789,PTALTD,0.0
40790,GQKQTKM,0.0
40791,EEYRADY,0.0
40792,MMDIC,0.0
40793,GANRPLHS,0.0
40794,PGGLG,0.0
40795,KVKTR,0.0
40796,DNKVHEI,0.0
40797,QIEPA,0.0
40798,RNGQCILNCV,0.0
40799,NCNCMPTIPR,0.0
40800,HALPQMEID,0.0
40801,WGRSDNKM,0.0
40802,EKDNEHKNR,0.0
40803,NHRSTQHK,0.0
40804,KCAISKRSKY,0.0
40805,ANMVGGKTSA,0.0
40806,ANQLGRSM,0.0
40807,DNMQPITKY,0.0
40808,QASRRIHL,0.0
40809,VCQKNN,0.0
40810,AIGPDLG,0.0
40811,LEEMVSKLI,0.0
40812,IGEDNRWE,0.0
40813,LRLVNPQG,0.0
40814,RETNE,0.0
40815,PDLLYGDSN,0.0
40816,KTGLM,0.0
40817,NAVTETQACI,0.0
40818,QADMK,0.0
40819,HDPVLNDAQ,0.0
40820,RLVVRGVQM,0.0
40821,ELGGEADH,0.0
40822,VRGFR,0.0
40823,PGQGAYLMS,0.0
40824,IMCRQVCT,0.0
40825,EIDEVCQW,0.0
40826,PENGRTLQM,0.0
40827,ANDAIEFQSF,0.0
40828,FTKRCRDEE,0.0
40829,DHGYKSNNC,0.0
40830,ESFRCKTRER,0.0
40831,EYDKQ,0.0
40832,GMMRQ,0.0
40833,ANDDPPVF,0.0
40834,DARNRIS,0.0
40835,MLPQRAPT,0.0
40836,HGAGLQN,0.0
40837,PKQARRCRFK,0.0
40838,GMGTKG,0.0
40839,IACGM,0.0
40840,WDKEMDN,0.0
40841,NQGSPWDIC,0.0
40842,HDDCNARI,0.0
40843,QHKRN,0.0
40844,VFNQCIMHQ,0.0
40845,TVCERA,0.0
40846,CVDQL,0.0
40847,DNACIMRNI,0.0
40848,PQPRIK,0.0
40849,NNDQCCQTV,0.0
40850,KEGDNHRI,0.0
40851,QSNEC,0.0
40852,TVAAACRK,0.0
40853,QFQEE,0.0
40854,QKGNTQL,0.0
40855,GAKTC,0.0
40856,HNEHDDQCG,0.0
40857,LPQDM,0.0
40858,PRPVPGR,0.0
40859,QDCTQRLP,0.0
40860,GETATLVEVS,0.0
40861,EEGKYIEFAQ,0.0
40862,EHQDN,0.0
40863,IIFSKTGRN,0.0
40864,NLCNAHED,0.0
40865,QEIWIYEA,0.0
40866,ANHWRTRH,0.0
40867,PQCDDEAGAT,0.0
40868,GYGRR,0.0
40869,TSTQAEHC,0.0
40870,VMAGPQALRQ,0.0
40871,DMQFCNE,0.0
40872,GWYSEDSQQ,0.0
40873,NPMDVFASE,0.0
40874,PQNTNRN,0.0
40875,VWCPRRR,0.0
40876,GDNAHNSLN,0.0
40877,NNTRWKG,0.0
40878,NSFSANEKR,0.0
40879,ARSANNASR,0.0
40880,NFRRGHGR,0.0
40881,NHSSRAA,0.0
40882,QQDQY,0.0
40883,VTDNA,0.0
40884,QFLNYANTD,0.0
40885,GNDSVDTVMN,0.0
40886,GGGWD,0.0
40887,AHEEPCMGG,0.0
40888,VGEQGCR,0.0
40889,KTCNSRE,0.0
40890,VSECLDAVEF,0.0
40891,LLETQME,0.0
40892,TGSDSCATH,0.0
40893,GNVTQDTV,0.0
40894,ATIAGANSCD,0.0
40895,RKTFCLNGQ,0.0
40896,PVRNK,0.0
40897,MIVRNNVQ,0.0
40898,CMDDV,0.0
40899,TEMGM,0.0
40900,NFVINKDQ,0.0
40901,GAGDY,0.0
40902,QSNTVM,0.0
40903,NQIPFMLR,0.0
40904,GEKGGRHHS,0.0
40905,GTSGR,0.0
40906,MAKKTEIRDP,0.0
40907,KVTNCNRTLT,0.0
40908,LDIELKESGK,0.0
40909,AQVNLDHTDA,0.0
40910,MQHNVKKN,0.0
40911,MLSVTGNVEM,0.0
40912,CMTLGQEGWE,0.0
40913,MGCELAEA,0.0
40914,SDKKQCND,0.0
40915,MPQIEQ,0.0
40916,MFNYIRKIG,0.0
40917,LINFCEEM,0.0
40918,DVKSR,0.0
40919,ENRTEMHI,0.0
40920,DAKDGPF,0.0
40921,DDLSC,0.0
40922,GNICP,0.0
40923,DVFYNKNP,0.0
40924,DRRNQKCC,0.0
40925,ARLYDRIKH,0.0
40926,ESRVCDAKRQ,0.0
40927,ICDDHM,0.0
40928,DDMLDSG,0.0
40929,PNALPDMV,0.0
40930,GMTDRQDGN,0.0
40931,GKSMRKTS,0.0
40932,QPVPDDE,0.0
40933,WERRERSGPM,0.0
40934,QPCIIEE,0.0
40935,GTTQEGT,0.0
40936,GPPPQR,0.0
40937,MKLQLCQR,0.0
40938,RQCKTHP,0.0
40939,YHDDC,0.0
40940,VVDNS,0.0
40941,NRKVVP,0.0
40942,ESVKATDRL,0.0
40943,QDCRELH,0.0
40944,DRGKHCGV,0.0
40945,PECMMQENQF,0.0
40946,SFEDCQSI,0.0
40947,PINRQ,0.0
40948,STMVVQDPVA,0.0
40949,GDFNVGEAC,0.0
40950,FDCIIE,0.0
40951,LQHRNR,0.0
40952,PNTSQGTIC,0.0
40953,KRDVDC,0.0
40954,KMNPT,0.0
40955,DTIQPDQI,0.0
40956,SRKLL,0.0
40957,PDKDAC,0.0
40958,TCTGDTDM,0.0
40959,FGQMVCHQ,0.0
40960,NLLANHLR,0.0
40961,EQDDSID,0.0
40962,KQRPKGQ,0.0
40963,TIDTKQV,0.0
40964,QRTDGSE,0.0
40965,HCNPGQQ,0.0
40966,CENIKRI,0.0
40967,LSAAS,0.0
40968,GACCKN,0.0
40969,RRRCT,0.0
40970,DESVFE,0.0
40971,SMARNVFIG,0.0
40972,SRKIQT,0.0
40973,TGNGK,0.0
40974,TMQLATAT,0.0
40975,LGEGVDK,0.0
40976,IQTDTEGP,0.0
40977,VCDWEN,0.0
40978,PGTARVNEGC,0.0
40979,EDTTAMDAF,0.0
40980,DPSFTDDGTY,0.0
40981,VYDRNCVGC,0.0
40982,AMKNN,0.0
40983,TASPEIQNRC,0.0
40984,NNKESTWEDT,0.0
40985,DRFARRP,0.0
40986,DTKEV,0.0
40987,QESVCLMLNG,0.0
40988,DPIEVQDI,0.0
40989,NDTTDN,0.0
40990,EHYESEYY,0.0
40991,LTNNV,0.0
40992,CVRTLNKASD,0.0
40993,PENMI,0.0
40994,AEIPP,0.0
40995,LGDENLY,0.0
40996,EAEGR,0.0
40997,GSGKMESP,0.0
40998,DSPDEQIRAV,0.0
40999,ESAQFSAIDC,0.0
41000,KTASA,0.0
41001,KESSPRGKH,0.0
41002,NYKQLA,0.0
41003,GEGVCD,0.0
41004,DRMPDNNT,0.0
41005,PNITGDTN,0.0
41006,LEIELP,0.0
41007,MAEVK,0.0
41008,RFGLLRKA,0.0
41009,YEEPNH,0.0
41010,RLKHGM,0.0
41011,GCGEGI,0.0
41012,DTIDHEHN,0.0
41013,EIINRPGDHA,0.0
41014,LGENWDEV,0.0
41015,AAAARK,0.0
41016,KGLEEAKYSD,0.0
41017,ERGEKRMIY,0.0
41018,LDLIGNQN,0.0
41019,NPDDPIMH,0.0
41020,GSKNGDMW,0.0
41021,LDPNQNWDYS,0.0
41022,NINPDLIV,0.0
41023,NVPNAM,0.0
41024,CCNNIQ,0.0
41025,ADTLQ,0.0
41026,GGIDALCQCM,0.0
41027,HRPGRENM,0.0
41028,ILGIKPVQLR,0.0
41029,DSETRSICE,0.0
41030,RNCRTV,0.0
41031,NFNKRS,0.0
41032,GQEYE,0.0
41033,WRRGAV,0.0
41034,TDPGICDT,0.0
41035,ADVTVEH,0.0
41036,AQDFTD,0.0
41037,KGKVEPSD,0.0
41038,KSSGEN,0.0
41039,LTTDNA,0.0
41040,DRGCCK,0.0
41041,PIKDNEIMD,0.0
41042,KEVLIDPLP,0.0
41043,QDMDYLL,0.0
41044,CDTEINLK,0.0
41045,KDVDMWAENT,0.0
41046,NMSNVE,0.0
41047,EGVVSPHII,0.0
41048,GNMTVDGALS,0.0
41049,ILPAK,0.0
41050,YEFEPTA,0.0
41051,IDVYHDDRV,0.0
41052,NRHKPG,0.0
41053,FDALMQSR,0.0
41054,ECCINPS,0.0
41055,QLKQGR,0.0
41056,NEQIQ,0.0
41057,PNKCQ,0.0
41058,VTCQSRGSCQ,0.0
41059,PRKWTKR,0.0
41060,KRVERSC,0.0
41061,RVLAHMRKVN,0.0
41062,HCDKGLIKP,0.0
41063,DVNEFIFAQD,0.0
41064,NEVECSF,0.0
41065,TRRTC,0.0
41066,IVSVWAQN,0.0
41067,ICIFDDRD,0.0
41068,NQCNDA,0.0
41069,DNSEDP,0.0
41070,QQVCEMR,0.0
41071,GTQEDNII,0.0
41072,VGANEGN,0.0
41073,QKRKSLRQK,0.0
41074,ERPIIQ,0.0
41075,GERMG,0.0
41076,NNGFLMR,0.0
41077,LYNEIEDY,0.0
41078,TTFKRIR,0.0
41079,EISDLLL,0.0
41080,KKLTLIKD,0.0
41081,KDKPSGL,0.0
41082,SYEECNNRI,0.0
41083,DTGQIIGFQT,0.0
41084,NGGIGLHMQD,0.0
41085,TPALEENGDY,0.0
41086,RIAKSIP,0.0
41087,CTNEKEQ,0.0
41088,ERQKAR,0.0
41089,DKDGKVCSIR,0.0
41090,GDANHQDRN,0.0
41091,DQWRVGSQ,0.0
41092,HLWDDDYI,0.0
41093,IAILEWNEMG,0.0
41094,NIGQELDYWQ,0.0
41095,RMDSPR,0.0
41096,DLWICEVG,0.0
41097,TPVGGQRIN,0.0
41098,KNFAR,0.0
41099,IATSNLQNRQ,0.0
41100,QAYNVNPME,0.0
41101,ECSDDDE,0.0
41102,NPHDRKP,0.0
41103,DRISRS,0.0
41104,ACIDQEKQKH,0.0
41105,VCDYEEPC,0.0
41106,MHPKAMMK,0.0
41107,ASLEEG,0.0
41108,CQTTAVQI,0.0
41109,GGGMHDIV,0.0
41110,QAGHSQG,0.0
41111,QHKKL,0.0
41112,FNRSRRT,0.0
41113,ENPDIHSLDT,0.0
41114,DDGMK,0.0
41115,FPNCSMIANA,0.0
41116,TCACKRDP,0.0
41117,GNRGIDYDF,0.0
41118,EVLGRQDG,0.0
41119,DFVFIDDHS,0.0
41120,TCGNQAE,0.0
41121,DPGGIRRE,0.0
41122,MGGGT,0.0
41123,HNTQNDWK,0.0
41124,KVEQMRSV,0.0
41125,YCRKQ,0.0
41126,DNIMIVGP,0.0
41127,DLSQILG,0.0
41128,TRYKHIIKQ,0.0
41129,NKKKNTIWL,0.0
41130,IRWRCK,0.0
41131,PNVMMNMR,0.0
41132,GIMTCPDGK,0.0
41133,QQKPMI,0.0
41134,VLELQLAEAP,0.0
41135,EICNHE,0.0
41136,RAQVRGQM,0.0
41137,TVGFHGQAR,0.0
41138,AQALRCPAWK,0.0
41139,GCHECIID,0.0
41140,DSTVV,0.0
41141,FQPEGFPGVE,0.0
41142,EQTFQLG,0.0
41143,NPVNP,0.0
41144,PGQCNGLQHK,0.0
41145,KDQHETSCK,0.0
41146,IGWTKKLKS,0.0
41147,EMVAD,0.0
41148,CLMDCG,0.0
41149,YIEPN,0.0
41150,CRTKIRR,0.0
41151,QNNGVN,0.0
41152,VMTALRRRTD,0.0
41153,SAKNPCSVQN,0.0
41154,DEPHWPDN,0.0
41155,LVRAN,0.0
41156,KWNGNK,0.0
41157,EYGLSE,0.0
41158,IGVKIPDK,0.0
41159,RVAEVP,0.0
41160,EGCVKQQ,0.0
41161,GQPDIIM,0.0
41162,PEGRKWSS,0.0
41163,TKGGRFQFM,0.0
41164,MQEGEWQ,0.0
41165,QFWPENQMT,0.0
41166,EELEH,0.0
41167,MVVYTGMNEE,0.0
41168,NQMCVESC,0.0
41169,CAEHTKSV,0.0
41170,PANVC,0.0
41171,GANGFG,0.0
41172,CPNCPDCETC,0.0
41173,MVEPN,0.0
41174,KNSEPGQR,0.0
41175,LNNDDVSI,0.0
41176,VADFNQVGLQ,0.0
41177,RTMRTLGDQ,0.0
41178,NNESNIG,0.0
41179,RYRCGAEVG,0.0
41180,LEVSKEGHSQ,0.0
41181,NKKRN,0.0
41182,TIQQQ,0.0
41183,LADRQ,0.0
41184,KQCVEN,0.0
41185,RKAFVDR,0.0
41186,PLEVN,0.0
41187,LDEIMI,0.0
41188,EPSTMLGK,0.0
41189,GATPRKDCRQ,0.0
41190,NHDEFMKN,0.0
41191,KAKCRGM,0.0
41192,SNSETPTMTI,0.0
41193,VLPGDPP,0.0
41194,PGEDDFI,0.0
41195,MINMLEK,0.0
41196,TMVESSMN,0.0
41197,TVRTR,0.0
41198,EWMELQYLEI,0.0
41199,GCCCN,0.0
41200,NTITTKADPA,0.0
41201,ELAQCWE,0.0
41202,GPDMQEQ,0.0
41203,TNQMMDN,0.0
41204,ESTYISSS,0.0
41205,NRGVQND,0.0
41206,TGSMSEDH,0.0
41207,EQYQFTNIPN,0.0
41208,VTMTKRND,0.0
41209,QQENREY,0.0
41210,DPAGEF,0.0
41211,PPKKYR,0.0
41212,QEGMEKD,0.0
41213,DVGESL,0.0
41214,PRKNSLNLQ,0.0
41215,NVTMMAL,0.0
41216,KQTDLIKKTD,0.0
41217,IVEQQVGSN,0.0
41218,NEDGKQNC,0.0
41219,VLHGPHKQE,0.0
41220,RPEVD,0.0
41221,MAIGNILG,0.0
41222,MVEEWDRNRE,0.0
41223,SGESGSPHV,0.0
41224,MATNYCKSQA,0.0
41225,RHKHR,0.0
41226,DIGRREMQAC,0.0
41227,FEHEQQ,0.0
41228,ATAYA,0.0
41229,NERGPKQ,0.0
41230,DVHPGPEG,0.0
41231,LQQVIMMQP,0.0
41232,FLEEG,0.0
41233,SGTEQWVDQE,0.0
41234,RDGSPKC,0.0
41235,AYSGAAQGT,0.0
41236,KESMMAGM,0.0
41237,LCQDFE,0.0
41238,DSDTF,0.0
41239,CQAYNLLVR,0.0
41240,LGCGKNDQLQ,0.0
41241,VPQMTSAQ,0.0
41242,QDHHPLTN,0.0
41243,ANDRKTSQN,0.0
41244,HRRINPRGM,0.0
41245,NQCKDTV,0.0
41246,GLMTK,0.0
41247,QEKAYRHET,0.0
41248,DNGHVGCHN,0.0
41249,KRKSEL,0.0
41250,DMVAS,0.0
41251,MVNVKPREN,0.0
41252,SNDEVT,0.0
41253,CIGNDSTK,0.0
41254,RGGCTAAGK,0.0
41255,DDACFM,0.0
41256,VDEGWD,0.0
41257,MIEGFD,0.0
41258,GRKMS,0.0
41259,SPLYNAEE,0.0
41260,YYEATDCVID,0.0
41261,TKQRKPH,0.0
41262,DENEGMLWQM,0.0
41263,GAEPS,0.0
41264,MNTEK,0.0
41265,NPAQWQ,0.0
41266,QSAES,0.0
41267,GKLQMNLLPE,0.0
41268,QEPFEDDP,0.0
41269,GIRHDRPK,0.0
41270,TTSESRGVA,0.0
41271,DKSAD,0.0
41272,CRPRQHPEAK,0.0
41273,QGTYQDNVP,0.0
41274,ECLSM,0.0
41275,LHMFQEDD,0.0
41276,WDAQNL,0.0
41277,VSEKMLGNG,0.0
41278,NKQPCD,0.0
41279,IRKPPCKI,0.0
41280,KQKLNIEGMN,0.0
41281,QYTHEG,0.0
41282,YRENLNVMD,0.0
41283,HIIDKAIRK,0.0
41284,CCLLNAQ,0.0
41285,PQGLMRQ,0.0
41286,QNNAME,0.0
41287,RKAKGIK,0.0
41288,HSQECMM,0.0
41289,KAQKF,0.0
41290,FMDERA,0.0
41291,TNQTCFAEN,0.0
41292,FMDEKKTES,0.0
41293,KCDIDLGI,0.0
41294,ATCGGT,0.0
41295,PGMQP,0.0
41296,SRQWTMKQ,0.0
41297,IRGKA,0.0
41298,RDYETSSQ,0.0
41299,EPEPSN,0.0
41300,EIVITNL,0.0
41301,MAWEHQEGS,0.0
41302,MDWSDEM,0.0
41303,ISQEFKDVG,0.0
41304,EFDPF,0.0
41305,AWGQDYGLDL,0.0
41306,GGNWDKNT,0.0
41307,EYPTVGDNT,0.0
41308,LDDMSGIQH,0.0
41309,PTEQTPARG,0.0
41310,ARKNRDPEC,0.0
41311,GHDETVDM,0.0
41312,NNQQSGSM,0.0
41313,DCETLIK,0.0
41314,EPTNMNV,0.0
41315,PVEANSERAE,0.0
41316,RIMDMQSVD,0.0
41317,LYGRRQQKSL,0.0
41318,RECRL,0.0
41319,DTWASEQEM,0.0
41320,ECQCSDCN,0.0
41321,SGATLNC,0.0
41322,DWMAFFDGD,0.0
41323,SNCGDDT,0.0
41324,QKHKP,0.0
41325,HDGENCM,0.0
41326,ISHVHERRC,0.0
41327,SRNFAFTQ,0.0
41328,DQTYDNLH,0.0
41329,ILSVESAK,0.0
41330,FQGAN,0.0
41331,EGRGMQKFF,0.0
41332,QQGIAGLI,0.0
41333,EGWGDG,0.0
41334,TCAQKV,0.0
41335,CMGERTK,0.0
41336,DTSQGMS,0.0
41337,CQLRKERA,0.0
41338,EMKVSG,0.0
41339,DALASCSGGQ,0.0
41340,NFCKENKSE,0.0
41341,PGMEKAQIEC,0.0
41342,DMLSERT,0.0
41343,RRQGSPVD,0.0
41344,FMSLTFEEN,0.0
41345,MLAQLRRLYQ,0.0
41346,RMSPGNTNK,0.0
41347,IGPKENQAM,0.0
41348,YNELICIQT,0.0
41349,ITSACQQ,0.0
41350,HERVDPPR,0.0
41351,GNIDDT,0.0
41352,QMRAAADNTR,0.0
41353,LGSTKNCGA,0.0
41354,GNPPKQ,0.0
41355,KQTNQETN,0.0
41356,NAIPPAIGV,0.0
41357,QTRAIGM,0.0
41358,HHSMEALEE,0.0
41359,HQGFQTMAA,0.0
41360,GWGMREN,0.0
41361,RQMGQPVCI,0.0
41362,CARAI,0.0
41363,QSMNDEILK,0.0
41364,YNVNR,0.0
41365,ECHQAPREKE,0.0
41366,TNHMKEMR,0.0
41367,RDENEMFV,0.0
41368,DQNADKYPC,0.0
41369,NQSRDPRC,0.0
41370,ISEIHESGY,0.0
41371,QFRDQLD,0.0
41372,ISNGVVNP,0.0
41373,NQKGVNNY,0.0
41374,DKDAVLVDG,0.0
41375,VGQELQPR,0.0
41376,DQFKGSAS,0.0
41377,KRTARRYLC,0.0
41378,NMEDEMEV,0.0
41379,LEDYNYIEVC,0.0
41380,DQGFDMQIGP,0.0
41381,SQSKLQKW,0.0
41382,NCSLSVRT,0.0
41383,AEICLL,0.0
41384,NHNGPCLTA,0.0
41385,DNVYTD,0.0
41386,NDADLMWYT,0.0
41387,EHVTEAPF,0.0
41388,PTYHQTGDQ,0.0
41389,VDQTNDLQ,0.0
41390,LILDPQ,0.0
41391,VAEVTRVHD,0.0
41392,TQRHIQIK,0.0
41393,ISDMNIHTV,0.0
41394,KQKLN,0.0
41395,RPAQDGSVDG,0.0
41396,HDNMEEI,0.0
41397,AVQSIIQVDE,0.0
41398,GFEMQ,0.0
41399,VDPGQ,0.0
41400,TMIANRDEG,0.0
41401,LDARRIFN,0.0
41402,MSCVKSSSQ,0.0
41403,IRDPMK,0.0
41404,QGPTSRCQL,0.0
41405,TAKKR,0.0
41406,TPDFE,0.0
41407,EVWDSAQTGN,0.0
41408,RATFDRDA,0.0
41409,PKVTEGD,0.0
41410,GSNEDWTC,0.0
41411,GMRNRRRPYL,0.0
41412,QTDEF,0.0
41413,GTCAL,0.0
41414,QHNGA,0.0
41415,RRRSH,0.0
41416,SVTIELTN,0.0
41417,TSDEPITT,0.0
41418,LPEQVP,0.0
41419,FGMAAECN,0.0
41420,VFPLVQNEL,0.0
41421,NGAQYADNTV,0.0
41422,ASRCQGKF,0.0
41423,TLRGN,0.0
41424,KKRNDQS,0.0
41425,DIEFNQD,0.0
41426,NDAWPNGY,0.0
41427,SARCL,0.0
41428,IGEAH,0.0
41429,KKKGLRPHR,0.0
41430,TQILKKDCY,0.0
41431,DLWEKEIYE,0.0
41432,AMDQFAVVE,0.0
41433,DICEIRAWQ,0.0
41434,DCLQNQLE,0.0
41435,NSEQS,0.0
41436,KVPDDLIKIR,0.0
41437,DYGIPETKM,0.0
41438,MAQIEGGVL,0.0
41439,TTDRDID,0.0
41440,MADDY,0.0
41441,AHEMQYSTC,0.0
41442,DSWVETMMA,0.0
41443,QMQEM,0.0
41444,DDDQLN,0.0
41445,TVYSVERQQD,0.0
41446,RGEMEPCIVQ,0.0
41447,DRVCTLD,0.0
41448,LMGQP,0.0
41449,EFCECFGA,0.0
41450,TMQDIGCEKQ,0.0
41451,MQAKR,0.0
41452,MVDRCEKDV,0.0
41453,REHPPDD,0.0
41454,EGVHERKTQP,0.0
41455,RQPKFLQ,0.0
41456,KGMAVSQSNE,0.0
41457,RNTDR,0.0
41458,SEFSAQRNA,0.0
41459,YKERSLEEV,0.0
41460,GRDPDGKARD,0.0
41461,AVPKSNVPD,0.0
41462,EEKCFER,0.0
41463,TNRTTNRIK,0.0
41464,DVLKCES,0.0
41465,NDCDGMRRLI,0.0
41466,DKGKYMLTQ,0.0
41467,WTCGKDDQE,0.0
41468,GLDIQVKNAL,0.0
41469,RDLESQIP,0.0
41470,NHPMDQG,0.0
41471,QHRMRGQ,0.0
41472,RREALSRFV,0.0
41473,MVDKE,0.0
41474,CKNKNVMSR,0.0
41475,VNFNQKP,0.0
41476,FATSDE,0.0
41477,CAAPP,0.0
41478,VMQDKIQCM,0.0
41479,IKAHNCQTKA,0.0
41480,RFPLDNQNN,0.0
41481,ELIDERIKW,0.0
41482,ADMYRFCEQR,0.0
41483,HFAKRQ,0.0
41484,PPMMPDQEAA,0.0
41485,EWSCGADIT,0.0
41486,GRQEE,0.0
41487,QPRRP,0.0
41488,TIDHNEKT,0.0
41489,CEIRFLDRQN,0.0
41490,NSHIDE,0.0
41491,TLQIAIG,0.0
41492,QEPRVRSS,0.0
41493,MDMGN,0.0
41494,FCKRQACTP,0.0
41495,EVEYEFT,0.0
41496,NHQEDQED,0.0
41497,KASGAQHGC,0.0
41498,DSCCPS,0.0
41499,RFLRRL,0.0
41500,DDVVNQNKD,0.0
41501,RPGRTDCMP,0.0
41502,QDIDVMV,0.0
41503,KKVHCLTK,0.0
41504,RSVKI,0.0
41505,CMVQMLQ,0.0
41506,NWPVECIGDS,0.0
41507,DGALPG,0.0
41508,FCDEMEK,0.0
41509,EELMNIM,0.0
41510,EDAEQMWIT,0.0
41511,IAPDCERMDA,0.0
41512,KDNGGRSE,0.0
41513,NSKDFSEDG,0.0
41514,KKCGFGKRFK,0.0
41515,QEKPGN,0.0
41516,CGEMAGQNEN,0.0
41517,PFKDRR,0.0
41518,HEIEAAVSI,0.0
41519,LGNMM,0.0
41520,FSECGRRK,0.0
41521,KRWDGGSN,0.0
41522,DIADWKSEDH,0.0
41523,DMDDCVAKMD,0.0
41524,AHKDAENSK,0.0
41525,ERFPAERIKI,0.0
41526,MDNLIDQ,0.0
41527,RCCPQLWRQR,0.0
41528,IPETDM,0.0
41529,QDSKRNTKNE,0.0
41530,DLKERIG,0.0
41531,QCCMTRQAKD,0.0
41532,VQDMP,0.0
41533,NAVKCDERI,0.0
41534,TPDLQGQY,0.0
41535,ESPCQFNFG,0.0
41536,SCLKVIND,0.0
41537,FEEKEFV,0.0
41538,GKPKREV,0.0
41539,WSQKTAHK,0.0
41540,AADGF,0.0
41541,GIGMIQ,0.0
41542,NGDAP,0.0
41543,FASQYSGAQ,0.0
41544,RYNAFQNDN,0.0
41545,GEGNVCWGDR,0.0
41546,QEGVSDDQY,0.0
41547,GSMANWGHKK,0.0
41548,CSFEPCVAV,0.0
41549,VDGIR,0.0
41550,PVLQTMEPS,0.0
41551,LQLRGCKSAC,0.0
41552,WECERNS,0.0
41553,IKMAV,0.0
41554,EVNMK,0.0
41555,MDYSPVD,0.0
41556,HTDLYEHQ,0.0
41557,VGQNDSTLL,0.0
41558,LDLCKCKYQ,0.0
41559,KNKQVD,0.0
41560,AMLCNTALKA,0.0
41561,VIKQFKRKA,0.0
41562,DVVQCVYVQQ,0.0
41563,LGPCSR,0.0
41564,VKQTAPKN,0.0
41565,RGNECSDI,0.0
41566,TDMDPELE,0.0
41567,AEVTEPEQP,0.0
41568,LGIKCA,0.0
41569,WIAFQDDKQQ,0.0
41570,KKKCIQQ,0.0
41571,EKYNCEHGK,0.0
41572,TMGCDDK,0.0
41573,PNANV,0.0
41574,LSGAVLN,0.0
41575,FSKMSSVNQN,0.0
41576,QIVEFGED,0.0
41577,EFPCGTQE,0.0
41578,NMLQGRKF,0.0
41579,VKKEQK,0.0
41580,DDGHHTMTP,0.0
41581,SPAFEKKCQ,0.0
41582,ESPMEC,0.0
41583,GILIRKRR,0.0
41584,RPIETSQN,0.0
41585,APEQMDLYH,0.0
41586,MNSDWEMH,0.0
41587,QQSNTMK,0.0
41588,RENNHNN,0.0
41589,LEDLD,0.0
41590,FKAAKV,0.0
41591,IEGSK,0.0
41592,DMCPDCE,0.0
41593,TQQEGYRGF,0.0
41594,NCGADA,0.0
41595,GAAHS,0.0
41596,KNELGRIK,0.0
41597,GMGASKT,0.0
41598,LNTWTQEG,0.0
41599,DGKKS,0.0
41600,KMCKCVN,0.0
41601,VRCSRTQ,0.0
41602,DTQEPAF,0.0
41603,TRNNSFIPN,0.0
41604,VGDCIEFQ,0.0
41605,RACGDD,0.0
41606,LFGMTHAAC,0.0
41607,FMRGNKSE,0.0
41608,SQLER,0.0
41609,EGNCSHATMP,0.0
41610,LDRIAKLQY,0.0
41611,PTDGQC,0.0
41612,EYGLSDCT,0.0
41613,KSEQWPRNPQ,0.0
41614,NDQSPPSG,0.0
41615,CEGKLEVM,0.0
41616,EGDEYYND,0.0
41617,NDCDG,0.0
41618,EERIHEP,0.0
41619,HEESKG,0.0
41620,KGQLVDDLT,0.0
41621,EFDGHG,0.0
41622,GMDWESYSQ,0.0
41623,SPQENGR,0.0
41624,DTDMEADVVG,0.0
41625,AKTNDP,0.0
41626,NYKEHEPG,0.0
41627,VIPHQQQRKA,0.0
41628,DYAYTA,0.0
41629,NNLVP,0.0
41630,PSPDGR,0.0
41631,QIMAGNAETG,0.0
41632,FAATR,0.0
41633,YLCECRVDDN,0.0
41634,CGKRKQT,0.0
41635,VQDMNDIIT,0.0
41636,CRYACCGR,0.0
41637,NLMDPRQK,0.0
41638,VANGLD,0.0
41639,EKDNPRRMQR,0.0
41640,QKQNA,0.0
41641,TNVCEM,0.0
41642,MDVNA,0.0
41643,GGIQDCTGTH,0.0
41644,TGDLEKK,0.0
41645,DCDSYG,0.0
41646,ACMERRGKK,0.0
41647,NMTSDTCL,0.0
41648,GVDEHHP,0.0
41649,GMEMCNID,0.0
41650,DRNPMELCK,0.0
41651,QRNRND,0.0
41652,GQSFCPST,0.0
41653,CDPCMIETS,0.0
41654,CNNCG,0.0
41655,KNHKDTKNPK,0.0
41656,FEQHHLAE,0.0
41657,DSLQKII,0.0
41658,AILDNDGQC,0.0
41659,ITQMQ,0.0
41660,TGDGDYQ,0.0
41661,CAISPGPI,0.0
41662,GCDDD,0.0
41663,EDRVECRC,0.0
41664,RRRLKV,0.0
41665,ANCCPK,0.0
41666,LGVPAMPGKK,0.0
41667,KRNQENSNMT,0.0
41668,FQRDKCMA,0.0
41669,HGLKEDC,0.0
41670,CNMDQ,0.0
41671,QPSKL,0.0
41672,NIDVDED,0.0
41673,NTDSVKPTVR,0.0
41674,FGHPPRRGT,0.0
41675,PQIRCNV,0.0
41676,EFQQCSCQ,0.0
41677,HASQQ,0.0
41678,LTKAKSMG,0.0
41679,PEIGL,0.0
41680,MTRKG,0.0
41681,TQIQRQI,0.0
41682,NPNQKI,0.0
41683,QPTDIN,0.0
41684,EGPKGWHGNQ,0.0
41685,SVCTEM,0.0
41686,QTSNTA,0.0
41687,VSDLESFPE,0.0
41688,DMTMNP,0.0
41689,SSTGHFSDA,0.0
41690,VETITE,0.0
41691,HRHRHLK,0.0
41692,LPLLPPTGE,0.0
41693,RRVLLLPPM,0.0
41694,PAAED,0.0
41695,DHNTKECS,0.0
41696,GPGWDEQAAY,0.0
41697,LLTSDDKIE,0.0
41698,AEGCL,0.0
41699,TPGGKKRDM,0.0
41700,HRQQDTSNCH,0.0
41701,PEVVMAQ,0.0
41702,CENFENEKAL,0.0
41703,PLEQVFDI,0.0
41704,DNDQG,0.0
41705,RMVNKR,0.0
41706,RLQMGRR,0.0
